user_id,event_date,event,plan,segment
u_10006,2024-04-01,signup,Free,신규
u_10011,2024-04-01,signup,Free,신규
u_10016,2024-04-01,signup,Free,신규
u_10017,2024-04-01,signup,Basic,신규
u_10025,2024-04-01,signup,Basic,신규
u_10035,2024-04-01,signup,Basic,신규
u_10037,2024-04-01,signup,Free,신규
u_10041,2024-04-01,signup,Free,신규
u_10042,2024-04-01,signup,Pro,신규
u_10044,2024-04-01,signup,Basic,신규
u_10052,2024-04-01,signup,Free,신규
u_10055,2024-04-01,signup,Basic,신규
u_10058,2024-04-01,signup,Free,신규
u_10061,2024-04-01,signup,Free,신규
u_10067,2024-04-01,signup,Free,신규
u_10076,2024-04-01,signup,Free,신규
u_10078,2024-04-01,signup,Basic,신규
u_10089,2024-04-01,signup,Basic,신규
u_10006,2024-04-02,trial_start,Free,신규
u_10009,2024-04-02,signup,Free,신규
u_10010,2024-04-02,signup,Pro,신규
u_10015,2024-04-02,signup,Free,신규
u_10019,2024-04-02,signup,Free,신규
u_10021,2024-04-02,signup,Free,신규
u_10022,2024-04-02,signup,Free,신규
u_10027,2024-04-02,signup,Basic,신규
u_10029,2024-04-02,signup,Pro,신규
u_10030,2024-04-02,signup,Free,신규
u_10051,2024-04-02,signup,Pro,신규
u_10053,2024-04-02,signup,Basic,신규
u_10054,2024-04-02,signup,Free,신규
u_10060,2024-04-02,signup,Free,신규
u_10068,2024-04-02,signup,Basic,신규
u_10075,2024-04-02,signup,Free,신규
u_10080,2024-04-02,signup,Free,신규
u_10081,2024-04-02,signup,Pro,신규
u_10085,2024-04-02,signup,Basic,신규
u_10086,2024-04-02,signup,Basic,신규
u_10087,2024-04-02,signup,Free,신규
u_10097,2024-04-02,signup,Basic,신규
u_10100,2024-04-02,signup,Basic,신규
u_10104,2024-04-02,signup,Free,신규
u_10004,2024-04-03,signup,Basic,신규
u_10013,2024-04-03,signup,Free,신규
u_10014,2024-04-03,signup,Free,신규
u_10020,2024-04-03,signup,Basic,신규
u_10027,2024-04-03,trial_start,Basic,신규
u_10028,2024-04-03,signup,Free,신규
u_10033,2024-04-03,signup,Free,신규
u_10037,2024-04-03,trial_start,Free,신규
u_10044,2024-04-03,trial_start,Basic,신규
u_10047,2024-04-03,signup,Free,신규
u_10048,2024-04-03,signup,Basic,신규
u_10056,2024-04-03,signup,Free,신규
u_10057,2024-04-03,signup,Free,신규
u_10059,2024-04-03,signup,Pro,신규
u_10062,2024-04-03,signup,Free,신규
u_10063,2024-04-03,signup,Free,신규
u_10064,2024-04-03,signup,Basic,신규
u_10065,2024-04-03,signup,Free,신규
u_10068,2024-04-03,trial_start,Basic,신규
u_10069,2024-04-03,signup,Basic,신규
u_10070,2024-04-03,signup,Basic,신규
u_10073,2024-04-03,signup,Basic,신규
u_10074,2024-04-03,signup,Basic,신규
u_10084,2024-04-03,signup,Basic,신규
u_10094,2024-04-03,signup,Basic,신규
u_10096,2024-04-03,signup,Basic,신규
u_10098,2024-04-03,signup,Basic,신규
u_10101,2024-04-03,signup,Pro,신규
u_10002,2024-04-04,signup,Basic,신규
u_10003,2024-04-04,signup,Pro,신규
u_10004,2024-04-04,trial_start,Basic,신규
u_10005,2024-04-04,signup,Basic,신규
u_10010,2024-04-04,trial_start,Pro,신규
u_10012,2024-04-04,signup,Pro,신규
u_10014,2024-04-04,trial_start,Free,신규
u_10017,2024-04-04,trial_start,Basic,신규
u_10021,2024-04-04,trial_start,Free,신규
u_10024,2024-04-04,signup,Pro,신규
u_10026,2024-04-04,signup,Pro,신규
u_10031,2024-04-04,signup,Free,신규
u_10032,2024-04-04,signup,Free,신규
u_10034,2024-04-04,signup,Basic,신규
u_10038,2024-04-04,signup,Basic,신규
u_10039,2024-04-04,signup,Free,신규
u_10040,2024-04-04,signup,Basic,신규
u_10043,2024-04-04,signup,Basic,신규
u_10048,2024-04-04,trial_start,Basic,신규
u_10049,2024-04-04,signup,Basic,신규
u_10050,2024-04-04,signup,Free,신규
u_10065,2024-04-04,trial_start,Free,신규
u_10069,2024-04-04,trial_start,Basic,신규
u_10076,2024-04-04,trial_start,Free,신규
u_10079,2024-04-04,signup,Free,신규
u_10082,2024-04-04,signup,Basic,신규
u_10090,2024-04-04,signup,Free,신규
u_10093,2024-04-04,signup,Basic,신규
u_10097,2024-04-04,trial_start,Basic,신규
u_10101,2024-04-04,trial_start,Pro,신규
u_10102,2024-04-04,signup,Basic,신규
u_10103,2024-04-04,signup,Free,신규
u_10104,2024-04-04,trial_start,Free,신규
u_10001,2024-04-05,signup,Free,신규
u_10007,2024-04-05,signup,Free,신규
u_10008,2024-04-05,signup,Pro,신규
u_10009,2024-04-05,trial_start,Free,신규
u_10011,2024-04-05,trial_start,Free,신규
u_10016,2024-04-05,trial_start,Free,신규
u_10018,2024-04-05,signup,Basic,신규
u_10022,2024-04-05,trial_start,Free,신규
u_10023,2024-04-05,signup,Pro,신규
u_10033,2024-04-05,trial_start,Free,신규
u_10035,2024-04-05,trial_start,Basic,신규
u_10036,2024-04-05,signup,Pro,신규
u_10038,2024-04-05,trial_start,Basic,신규
u_10045,2024-04-05,signup,Free,신규
u_10046,2024-04-05,signup,Free,신규
u_10047,2024-04-05,trial_start,Free,신규
u_10056,2024-04-05,trial_start,Free,신규
u_10061,2024-04-05,trial_start,Free,신규
u_10066,2024-04-05,signup,Pro,신규
u_10070,2024-04-05,trial_start,Basic,신규
u_10071,2024-04-05,signup,Free,신규
u_10072,2024-04-05,signup,Free,신규
u_10075,2024-04-05,trial_start,Free,신규
u_10077,2024-04-05,signup,Basic,신규
u_10083,2024-04-05,signup,Free,신규
u_10088,2024-04-05,signup,Basic,신규
u_10091,2024-04-05,signup,Free,신규
u_10092,2024-04-05,signup,Pro,신규
u_10095,2024-04-05,signup,Free,신규
u_10099,2024-04-05,signup,Free,신규
u_10100,2024-04-05,trial_start,Basic,신규
u_10005,2024-04-06,trial_start,Basic,신규
u_10007,2024-04-06,trial_start,Free,신규
u_10013,2024-04-06,trial_start,Free,신규
u_10015,2024-04-06,trial_start,Free,신규
u_10020,2024-04-06,trial_start,Basic,신규
u_10045,2024-04-06,trial_start,Free,신규
u_10049,2024-04-06,trial_start,Basic,신규
u_10050,2024-04-06,trial_start,Free,신규
u_10057,2024-04-06,trial_start,Free,신규
u_10058,2024-04-06,trial_start,Free,신규
u_10093,2024-04-06,trial_start,Basic,신규
u_10096,2024-04-06,trial_start,Basic,신규
u_10006,2024-04-07,payment,Free,신규
u_10016,2024-04-07,payment,Free,신규
u_10028,2024-04-07,trial_start,Free,신규
u_10051,2024-04-07,trial_start,Pro,신규
u_10060,2024-04-07,trial_start,Free,신규
u_10079,2024-04-07,trial_start,Free,신규
u_10080,2024-04-07,trial_start,Free,신규
u_10081,2024-04-07,trial_start,Pro,신규
u_10084,2024-04-07,trial_start,Basic,신규
u_10003,2024-04-08,trial_start,Pro,신규
u_10012,2024-04-08,trial_start,Pro,신규
u_10012,2024-04-08,login,Pro,신규
u_10015,2024-04-08,login,Free,신규
u_10017,2024-04-08,payment,Basic,신규
u_10020,2024-04-08,login,Basic,신규
u_10022,2024-04-08,search_fail,Free,신규
u_10030,2024-04-08,login,Free,이탈위험
u_10034,2024-04-08,login,Basic,신규
u_10036,2024-04-08,trial_start,Pro,신규
u_10039,2024-04-08,trial_start,Free,신규
u_10043,2024-04-08,trial_start,Basic,신규
u_10054,2024-04-08,login,Free,이탈위험
u_10058,2024-04-08,login,Free,신규
u_10061,2024-04-08,payment,Free,신규
u_10062,2024-04-08,login,Free,신규
u_10063,2024-04-08,trial_start,Free,신규
u_10066,2024-04-08,login,Pro,신규
u_10068,2024-04-08,login,Basic,신규
u_10074,2024-04-08,login,Basic,신규
u_10076,2024-04-08,login,Free,신규
u_10088,2024-04-08,login,Basic,신규
u_10090,2024-04-08,trial_start,Free,신규
u_10094,2024-04-08,trial_start,Basic,신규
u_10095,2024-04-08,trial_start,Free,신규
u_10105,2024-04-08,signup,Free,신규
u_10119,2024-04-08,signup,Free,신규
u_10124,2024-04-08,signup,Basic,신규
u_10125,2024-04-08,signup,Pro,신규
u_10126,2024-04-08,signup,Free,신규
u_10127,2024-04-08,signup,Free,신규
u_10128,2024-04-08,signup,Basic,신규
u_10133,2024-04-08,signup,Free,신규
u_10139,2024-04-08,signup,Free,신규
u_10147,2024-04-08,signup,Free,신규
u_10148,2024-04-08,signup,Free,신규
u_10149,2024-04-08,signup,Free,신규
u_10151,2024-04-08,signup,Basic,신규
u_10155,2024-04-08,signup,Free,신규
u_10157,2024-04-08,signup,Pro,신규
u_10160,2024-04-08,signup,Pro,신규
u_10165,2024-04-08,signup,Free,신규
u_10174,2024-04-08,signup,Free,신규
u_10178,2024-04-08,signup,Basic,신규
u_10191,2024-04-08,signup,Basic,신규
u_10196,2024-04-08,signup,Free,신규
u_10199,2024-04-08,signup,Pro,신규
u_10209,2024-04-08,signup,Pro,신규
u_10213,2024-04-08,signup,Basic,신규
u_10216,2024-04-08,signup,Basic,신규
u_10004,2024-04-09,payment,Basic,신규
u_10011,2024-04-09,login,Free,신규
u_10015,2024-04-09,payment,Free,신규
u_10017,2024-04-09,login,Basic,신규
u_10021,2024-04-09,payment,Free,신규
u_10026,2024-04-09,trial_start,Pro,신규
u_10034,2024-04-09,trial_start,Basic,신규
u_10037,2024-04-09,login,Free,신규
u_10044,2024-04-09,login,Basic,신규
u_10050,2024-04-09,login,Free,신규
u_10051,2024-04-09,payment,Pro,신규
u_10053,2024-04-09,login,Basic,신규
u_10066,2024-04-09,trial_start,Pro,신규
u_10072,2024-04-09,trial_start,Free,신규
u_10077,2024-04-09,login,Basic,신규
u_10080,2024-04-09,login,Free,신규
u_10081,2024-04-09,payment,Pro,신규
u_10082,2024-04-09,trial_start,Basic,신규
u_10082,2024-04-09,login,Basic,이탈위험
u_10082,2024-04-09,search_fail,Basic,이탈위험
u_10085,2024-04-09,login,Basic,이탈위험
u_10092,2024-04-09,trial_start,Pro,신규
u_10096,2024-04-09,cancel,Basic,이탈위험
u_10103,2024-04-09,trial_start,Free,신규
u_10104,2024-04-09,login,Free,신규
u_10105,2024-04-09,trial_start,Free,신규
u_10113,2024-04-09,signup,Basic,신규
u_10114,2024-04-09,signup,Free,신규
u_10120,2024-04-09,signup,Free,신규
u_10128,2024-04-09,trial_start,Basic,신규
u_10129,2024-04-09,signup,Free,신규
u_10131,2024-04-09,signup,Basic,신규
u_10145,2024-04-09,signup,Free,신규
u_10147,2024-04-09,trial_start,Free,신규
u_10153,2024-04-09,signup,Pro,신규
u_10166,2024-04-09,signup,Pro,신규
u_10172,2024-04-09,signup,Basic,신규
u_10173,2024-04-09,signup,Pro,신규
u_10192,2024-04-09,signup,Basic,신규
u_10198,2024-04-09,signup,Free,신규
u_10200,2024-04-09,signup,Basic,신규
u_10201,2024-04-09,signup,Free,신규
u_10202,2024-04-09,signup,Free,신규
u_10206,2024-04-09,signup,Free,신규
u_10207,2024-04-09,signup,Free,신규
u_10211,2024-04-09,signup,Pro,신규
u_10212,2024-04-09,signup,Basic,신규
u_10214,2024-04-09,signup,Pro,신규
u_10004,2024-04-10,login,Basic,신규
u_10006,2024-04-10,login,Free,신규
u_10009,2024-04-10,cancel,Free,이탈위험
u_10013,2024-04-10,login,Free,신규
u_10016,2024-04-10,login,Free,신규
u_10018,2024-04-10,trial_start,Basic,신규
u_10023,2024-04-10,trial_start,Pro,신규
u_10025,2024-04-10,login,Basic,신규
u_10025,2024-04-10,search_fail,Basic,신규
u_10026,2024-04-10,payment,Pro,신규
u_10029,2024-04-10,search_fail,Pro,이탈위험
u_10032,2024-04-10,login,Free,신규
u_10033,2024-04-10,login,Free,신규
u_10044,2024-04-10,payment,Basic,신규
u_10045,2024-04-10,login,Free,신규
u_10049,2024-04-10,login,Basic,신규
u_10055,2024-04-10,login,Basic,신규
u_10059,2024-04-10,login,Pro,신규
u_10065,2024-04-10,login,Free,신규
u_10067,2024-04-10,login,Free,신규
u_10070,2024-04-10,login,Basic,신규
u_10072,2024-04-10,login,Free,신규
u_10076,2024-04-10,payment,Free,신규
u_10078,2024-04-10,login,Basic,신규
u_10081,2024-04-10,login,Pro,신규
u_10090,2024-04-10,login,Free,신규
u_10097,2024-04-10,payment,Basic,신규
u_10100,2024-04-10,login,Basic,신규
u_10101,2024-04-10,login,Pro,신규
u_10109,2024-04-10,signup,Free,신규
u_10110,2024-04-10,signup,Basic,신규
u_10111,2024-04-10,signup,Free,신규
u_10112,2024-04-10,signup,Basic,신규
u_10118,2024-04-10,signup,Basic,신규
u_10130,2024-04-10,signup,Basic,신규
u_10132,2024-04-10,signup,Basic,신규
u_10138,2024-04-10,signup,Pro,신규
u_10140,2024-04-10,signup,Basic,신규
u_10146,2024-04-10,signup,Basic,신규
u_10158,2024-04-10,signup,Basic,신규
u_10166,2024-04-10,trial_start,Pro,신규
u_10168,2024-04-10,signup,Pro,신규
u_10171,2024-04-10,signup,Free,신규
u_10175,2024-04-10,signup,Basic,신규
u_10180,2024-04-10,signup,Basic,신규
u_10182,2024-04-10,signup,Free,신규
u_10184,2024-04-10,signup,Basic,신규
u_10188,2024-04-10,signup,Basic,신규
u_10194,2024-04-10,signup,Free,신규
u_10206,2024-04-10,trial_start,Free,신규
u_10208,2024-04-10,signup,Basic,신규
u_10210,2024-04-10,signup,Basic,신규
u_10002,2024-04-11,login,Basic,신규
u_10003,2024-04-11,login,Pro,신규
u_10008,2024-04-11,login,Pro,신규
u_10009,2024-04-11,payment,Free,신규
u_10010,2024-04-11,login,Pro,신규
u_10014,2024-04-11,payment,Free,신규
u_10018,2024-04-11,payment,Basic,신규
u_10021,2024-04-11,login,Free,신규
u_10022,2024-04-11,payment,Free,신규
u_10023,2024-04-11,login,Pro,신규
u_10026,2024-04-11,login,Pro,신규
u_10029,2024-04-11,login,Pro,이탈위험
u_10035,2024-04-11,payment,Basic,신규
u_10039,2024-04-11,payment,Free,신규
u_10046,2024-04-11,login,Free,신규
u_10048,2024-04-11,payment,Basic,신규
u_10051,2024-04-11,login,Pro,신규
u_10052,2024-04-11,login,Free,신규
u_10060,2024-04-11,login,Free,신규
u_10069,2024-04-11,login,Basic,신규
u_10082,2024-04-11,payment,Basic,신규
u_10084,2024-04-11,cancel,Basic,이탈위험
u_10086,2024-04-11,search_fail,Basic,신규
u_10092,2024-04-11,login,Pro,신규
u_10093,2024-04-11,payment,Basic,신규
u_10095,2024-04-11,login,Free,신규
u_10097,2024-04-11,login,Basic,신규
u_10107,2024-04-11,signup,Basic,신규
u_10110,2024-04-11,trial_start,Basic,신규
u_10112,2024-04-11,trial_start,Basic,신규
u_10115,2024-04-11,signup,Free,신규
u_10116,2024-04-11,signup,Basic,신규
u_10117,2024-04-11,signup,Free,신규
u_10118,2024-04-11,trial_start,Basic,신규
u_10120,2024-04-11,trial_start,Free,신규
u_10132,2024-04-11,trial_start,Basic,신규
u_10135,2024-04-11,signup,Basic,신규
u_10136,2024-04-11,signup,Basic,신규
u_10137,2024-04-11,signup,Basic,신규
u_10141,2024-04-11,signup,Basic,신규
u_10142,2024-04-11,signup,Free,신규
u_10143,2024-04-11,signup,Free,신규
u_10145,2024-04-11,trial_start,Free,신규
u_10148,2024-04-11,trial_start,Free,신규
u_10149,2024-04-11,trial_start,Free,신규
u_10150,2024-04-11,signup,Basic,신규
u_10152,2024-04-11,signup,Free,신규
u_10154,2024-04-11,signup,Basic,신규
u_10159,2024-04-11,signup,Free,신규
u_10161,2024-04-11,signup,Free,신규
u_10162,2024-04-11,signup,Basic,신규
u_10170,2024-04-11,signup,Free,신규
u_10173,2024-04-11,trial_start,Pro,신규
u_10176,2024-04-11,signup,Free,신규
u_10177,2024-04-11,signup,Pro,신규
u_10181,2024-04-11,signup,Basic,신규
u_10185,2024-04-11,signup,Basic,신규
u_10186,2024-04-11,signup,Free,신규
u_10187,2024-04-11,signup,Basic,신규
u_10188,2024-04-11,trial_start,Basic,신규
u_10189,2024-04-11,signup,Basic,신규
u_10193,2024-04-11,signup,Basic,신규
u_10203,2024-04-11,signup,Basic,신규
u_10204,2024-04-11,signup,Basic,신규
u_10205,2024-04-11,signup,Pro,신규
u_10215,2024-04-11,signup,Free,신규
u_10013,2024-04-12,payment,Free,신규
u_10014,2024-04-12,login,Free,이탈위험
u_10018,2024-04-12,login,Basic,신규
u_10019,2024-04-12,login,Free,신규
u_10020,2024-04-12,payment,Basic,신규
u_10024,2024-04-12,login,Pro,신규
u_10035,2024-04-12,login,Basic,신규
u_10039,2024-04-12,login,Free,신규
u_10040,2024-04-12,login,Basic,신규
u_10047,2024-04-12,login,Free,신규
u_10050,2024-04-12,payment,Free,신규
u_10056,2024-04-12,login,Free,신규
u_10073,2024-04-12,login,Basic,신규
u_10087,2024-04-12,login,Free,신규
u_10090,2024-04-12,payment,Free,신규
u_10091,2024-04-12,login,Free,신규
u_10098,2024-04-12,login,Basic,이탈위험
u_10102,2024-04-12,login,Basic,신규
u_10103,2024-04-12,payment,Free,신규
u_10106,2024-04-12,signup,Basic,신규
u_10108,2024-04-12,signup,Basic,신규
u_10121,2024-04-12,signup,Basic,신규
u_10122,2024-04-12,signup,Free,신규
u_10123,2024-04-12,signup,Free,신규
u_10129,2024-04-12,trial_start,Free,신규
u_10134,2024-04-12,signup,Pro,신규
u_10139,2024-04-12,trial_start,Free,신규
u_10140,2024-04-12,trial_start,Basic,신규
u_10144,2024-04-12,signup,Basic,신규
u_10156,2024-04-12,signup,Basic,신규
u_10161,2024-04-12,trial_start,Free,신규
u_10163,2024-04-12,signup,Free,신규
u_10164,2024-04-12,signup,Basic,신규
u_10167,2024-04-12,signup,Basic,신규
u_10169,2024-04-12,signup,Free,신규
u_10179,2024-04-12,signup,Basic,신규
u_10183,2024-04-12,signup,Free,신규
u_10190,2024-04-12,signup,Basic,신규
u_10195,2024-04-12,signup,Free,신규
u_10197,2024-04-12,signup,Pro,신규
u_10201,2024-04-12,trial_start,Free,신규
u_10203,2024-04-12,trial_start,Basic,신규
u_10204,2024-04-12,trial_start,Basic,신규
u_10208,2024-04-12,trial_start,Basic,신규
u_10209,2024-04-12,trial_start,Pro,신규
u_10210,2024-04-12,trial_start,Basic,신규
u_10211,2024-04-12,trial_start,Pro,신규
u_10212,2024-04-12,trial_start,Basic,신규
u_10214,2024-04-12,trial_start,Pro,신규
u_10003,2024-04-13,payment,Pro,신규
u_10005,2024-04-13,login,Basic,신규
u_10010,2024-04-13,payment,Pro,신규
u_10012,2024-04-13,payment,Pro,신규
u_10022,2024-04-13,login,Free,신규
u_10027,2024-04-13,login,Basic,신규
u_10031,2024-04-13,login,Free,신규
u_10036,2024-04-13,payment,Pro,신규
u_10043,2024-04-13,login,Basic,신규
u_10048,2024-04-13,login,Basic,신규
u_10049,2024-04-13,payment,Basic,신규
u_10056,2024-04-13,payment,Free,신규
u_10057,2024-04-13,login,Free,신규
u_10058,2024-04-13,payment,Free,신규
u_10061,2024-04-13,login,Free,신규
u_10063,2024-04-13,login,Free,신규
u_10064,2024-04-13,login,Basic,신규
u_10068,2024-04-13,payment,Basic,신규
u_10075,2024-04-13,payment,Free,신규
u_10079,2024-04-13,payment,Free,신규
u_10089,2024-04-13,login,Basic,이탈위험
u_10093,2024-04-13,login,Basic,신규
u_10094,2024-04-13,payment,Basic,신규
u_10119,2024-04-13,trial_start,Free,신규
u_10160,2024-04-13,trial_start,Pro,신규
u_10170,2024-04-13,trial_start,Free,신규
u_10172,2024-04-13,trial_start,Basic,신규
u_10178,2024-04-13,trial_start,Basic,신규
u_10184,2024-04-13,trial_start,Basic,신규
u_10186,2024-04-13,trial_start,Free,신규
u_10198,2024-04-13,trial_start,Free,신규
u_10199,2024-04-13,trial_start,Pro,신규
u_10202,2024-04-13,trial_start,Free,신규
u_10205,2024-04-13,trial_start,Pro,신규
u_10207,2024-04-13,trial_start,Free,신규
u_10215,2024-04-13,trial_start,Free,신규
u_10036,2024-04-14,login,Pro,신규
u_10037,2024-04-14,payment,Free,신규
u_10038,2024-04-14,login,Basic,신규
u_10045,2024-04-14,payment,Free,신규
u_10063,2024-04-14,search_fail,Free,신규
u_10065,2024-04-14,payment,Free,신규
u_10069,2024-04-14,payment,Basic,신규
u_10072,2024-04-14,payment,Free,신규
u_10075,2024-04-14,login,Free,신규
u_10079,2024-04-14,login,Free,신규
u_10086,2024-04-14,login,Basic,신규
u_10088,2024-04-14,search_fail,Basic,신규
u_10094,2024-04-14,login,Basic,신규
u_10095,2024-04-14,payment,Free,신규
u_10099,2024-04-14,login,Free,이탈위험
u_10100,2024-04-14,payment,Basic,신규
u_10101,2024-04-14,payment,Pro,신규
u_10103,2024-04-14,login,Free,신규
u_10106,2024-04-14,trial_start,Basic,신규
u_10114,2024-04-14,trial_start,Free,신규
u_10115,2024-04-14,trial_start,Free,신규
u_10122,2024-04-14,trial_start,Free,신규
u_10123,2024-04-14,trial_start,Free,신규
u_10136,2024-04-14,trial_start,Basic,신규
u_10137,2024-04-14,trial_start,Basic,신규
u_10141,2024-04-14,trial_start,Basic,신규
u_10153,2024-04-14,trial_start,Pro,신규
u_10179,2024-04-14,trial_start,Basic,신규
u_10181,2024-04-14,trial_start,Basic,신규
u_10185,2024-04-14,trial_start,Basic,신규
u_10194,2024-04-14,trial_start,Free,신규
u_10195,2024-04-14,trial_start,Free,신규
u_10027,2024-04-15,payment,Basic,신규
u_10027,2024-04-15,login,Basic,기존
u_10028,2024-04-15,login,Free,기존
u_10038,2024-04-15,payment,Basic,신규
u_10043,2024-04-15,payment,Basic,신규
u_10047,2024-04-15,payment,Free,신규
u_10048,2024-04-15,login,Basic,기존
u_10049,2024-04-15,login,Basic,기존
u_10049,2024-04-15,search_fail,Basic,기존
u_10050,2024-04-15,login,Free,기존
u_10055,2024-04-15,login,Basic,기존
u_10060,2024-04-15,login,Free,기존
u_10063,2024-04-15,payment,Free,신규
u_10066,2024-04-15,search_fail,Pro,기존
u_10073,2024-04-15,login,Basic,이탈위험
u_10075,2024-04-15,login,Free,기존
u_10079,2024-04-15,login,Free,기존
u_10080,2024-04-15,payment,Free,신규
u_10095,2024-04-15,search_fail,Free,기존
u_10101,2024-04-15,login,Pro,기존
u_10102,2024-04-15,login,Basic,기존
u_10104,2024-04-15,payment,Free,신규
u_10122,2024-04-15,login,Free,신규
u_10123,2024-04-15,login,Free,신규
u_10124,2024-04-15,login,Basic,신규
u_10130,2024-04-15,trial_start,Basic,신규
u_10139,2024-04-15,login,Free,신규
u_10143,2024-04-15,trial_start,Free,신규
u_10143,2024-04-15,login,Free,이탈위험
u_10145,2024-04-15,login,Free,신규
u_10146,2024-04-15,trial_start,Basic,신규
u_10152,2024-04-15,trial_start,Free,신규
u_10153,2024-04-15,login,Pro,신규
u_10153,2024-04-15,search_fail,Pro,신규
u_10158,2024-04-15,trial_start,Basic,신규
u_10160,2024-04-15,payment,Pro,신규
u_10163,2024-04-15,trial_start,Free,신규
u_10166,2024-04-15,payment,Pro,신규
u_10168,2024-04-15,trial_start,Pro,신규
u_10169,2024-04-15,trial_start,Free,신규
u_10170,2024-04-15,login,Free,신규
u_10171,2024-04-15,trial_start,Free,신규
u_10175,2024-04-15,trial_start,Basic,신규
u_10182,2024-04-15,trial_start,Free,신규
u_10193,2024-04-15,trial_start,Basic,신규
u_10196,2024-04-15,login,Free,신규
u_10197,2024-04-15,trial_start,Pro,신규
u_10200,2024-04-15,login,Basic,신규
u_10209,2024-04-15,payment,Pro,신규
u_10219,2024-04-15,signup,Basic,신규
u_10221,2024-04-15,signup,Free,신규
u_10225,2024-04-15,signup,Basic,신규
u_10227,2024-04-15,signup,Free,신규
u_10237,2024-04-15,signup,Basic,신규
u_10238,2024-04-15,signup,Basic,신규
u_10240,2024-04-15,signup,Basic,신규
u_10250,2024-04-15,signup,Basic,신규
u_10261,2024-04-15,signup,Free,신규
u_10263,2024-04-15,signup,Basic,신규
u_10278,2024-04-15,signup,Pro,신규
u_10282,2024-04-15,signup,Free,신규
u_10284,2024-04-15,signup,Free,신규
u_10288,2024-04-15,signup,Basic,신규
u_10289,2024-04-15,signup,Free,신규
u_10290,2024-04-15,signup,Free,신규
u_10294,2024-04-15,signup,Free,신규
u_10296,2024-04-15,signup,Free,신규
u_10304,2024-04-15,signup,Free,신규
u_10306,2024-04-15,signup,Basic,신규
u_10307,2024-04-15,signup,Basic,신규
u_10311,2024-04-15,signup,Free,신규
u_10313,2024-04-15,signup,Pro,신규
u_10322,2024-04-15,signup,Free,신규
u_10001,2024-04-16,login,Free,이탈위험
u_10005,2024-04-16,payment,Basic,신규
u_10017,2024-04-16,login,Basic,기존
u_10026,2024-04-16,login,Pro,기존
u_10032,2024-04-16,login,Free,기존
u_10037,2024-04-16,login,Free,기존
u_10042,2024-04-16,login,Pro,이탈위험
u_10045,2024-04-16,login,Free,기존
u_10056,2024-04-16,login,Free,기존
u_10063,2024-04-16,login,Free,기존
u_10064,2024-04-16,login,Basic,이탈위험
u_10070,2024-04-16,payment,Basic,신규
u_10072,2024-04-16,login,Free,기존
u_10077,2024-04-16,login,Basic,이탈위험
u_10081,2024-04-16,login,Pro,기존
u_10082,2024-04-16,cancel,Basic,이탈위험
u_10086,2024-04-16,login,Basic,이탈위험
u_10091,2024-04-16,login,Free,기존
u_10111,2024-04-16,login,Free,신규
u_10118,2024-04-16,login,Basic,신규
u_10129,2024-04-16,payment,Free,신규
u_10134,2024-04-16,trial_start,Pro,신규
u_10135,2024-04-16,trial_start,Basic,신규
u_10142,2024-04-16,trial_start,Free,신규
u_10149,2024-04-16,login,Free,신규
u_10154,2024-04-16,trial_start,Basic,신규
u_10155,2024-04-16,login,Free,이탈위험
u_10156,2024-04-16,trial_start,Basic,신규
u_10158,2024-04-16,login,Basic,신규
u_10159,2024-04-16,login,Free,이탈위험
u_10161,2024-04-16,login,Free,신규
u_10174,2024-04-16,login,Free,신규
u_10175,2024-04-16,login,Basic,신규
u_10181,2024-04-16,login,Basic,신규
u_10182,2024-04-16,payment,Free,신규
u_10188,2024-04-16,login,Basic,신규
u_10193,2024-04-16,login,Basic,신규
u_10201,2024-04-16,payment,Free,신규
u_10204,2024-04-16,login,Basic,신규
u_10214,2024-04-16,login,Pro,신규
u_10218,2024-04-16,signup,Free,신규
u_10229,2024-04-16,signup,Basic,신규
u_10231,2024-04-16,signup,Free,신규
u_10244,2024-04-16,signup,Basic,신규
u_10248,2024-04-16,signup,Basic,신규
u_10264,2024-04-16,signup,Pro,신규
u_10265,2024-04-16,signup,Free,신규
u_10269,2024-04-16,signup,Free,신규
u_10272,2024-04-16,signup,Basic,신규
u_10281,2024-04-16,signup,Basic,신규
u_10285,2024-04-16,signup,Free,신규
u_10291,2024-04-16,signup,Pro,신규
u_10293,2024-04-16,signup,Pro,신규
u_10299,2024-04-16,signup,Basic,신규
u_10307,2024-04-16,trial_start,Basic,신규
u_10309,2024-04-16,signup,Basic,신규
u_10310,2024-04-16,signup,Basic,신규
u_10317,2024-04-16,signup,Pro,신규
u_10321,2024-04-16,signup,Free,신규
u_10005,2024-04-17,login,Basic,기존
u_10006,2024-04-17,login,Free,이탈위험
u_10007,2024-04-17,payment,Free,신규
u_10010,2024-04-17,login,Pro,기존
u_10011,2024-04-17,login,Free,기존
u_10015,2024-04-17,login,Free,기존
u_10020,2024-04-17,login,Basic,이탈위험
u_10023,2024-04-17,payment,Pro,신규
u_10034,2024-04-17,payment,Basic,신규
u_10041,2024-04-17,search_fail,Free,이탈위험
u_10054,2024-04-17,cancel,Free,이탈위험
u_10057,2024-04-17,login,Free,기존
u_10089,2024-04-17,cancel,Basic,이탈위험
u_10092,2024-04-17,login,Pro,기존
u_10097,2024-04-17,login,Basic,기존
u_10098,2024-04-17,cancel,Basic,이탈위험
u_10108,2024-04-17,search_fail,Basic,신규
u_10110,2024-04-17,login,Basic,신규
u_10117,2024-04-17,login,Free,신규
u_10120,2024-04-17,payment,Free,신규
u_10121,2024-04-17,trial_start,Basic,신규
u_10124,2024-04-17,search_fail,Basic,신규
u_10126,2024-04-17,cancel,Free,이탈위험
u_10128,2024-04-17,payment,Basic,신규
u_10128,2024-04-17,login,Basic,신규
u_10128,2024-04-17,search_fail,Basic,신규
u_10136,2024-04-17,payment,Basic,신규
u_10136,2024-04-17,search_fail,Basic,신규
u_10137,2024-04-17,payment,Basic,신규
u_10152,2024-04-17,login,Free,신규
u_10154,2024-04-17,login,Basic,신규
u_10162,2024-04-17,login,Basic,신규
u_10164,2024-04-17,trial_start,Basic,신규
u_10164,2024-04-17,login,Basic,신규
u_10165,2024-04-17,login,Free,신규
u_10182,2024-04-17,cancel,Free,이탈위험
u_10183,2024-04-17,trial_start,Free,신규
u_10187,2024-04-17,search_fail,Basic,신규
u_10197,2024-04-17,login,Pro,신규
u_10198,2024-04-17,login,Free,신규
u_10201,2024-04-17,login,Free,신규
u_10203,2024-04-17,login,Basic,신규
u_10207,2024-04-17,login,Free,신규
u_10211,2024-04-17,login,Pro,신규
u_10217,2024-04-17,signup,Free,신규
u_10224,2024-04-17,signup,Basic,신규
u_10233,2024-04-17,signup,Basic,신규
u_10235,2024-04-17,signup,Basic,신규
u_10236,2024-04-17,signup,Free,신규
u_10243,2024-04-17,signup,Basic,신규
u_10246,2024-04-17,signup,Pro,신규
u_10247,2024-04-17,signup,Basic,신규
u_10249,2024-04-17,signup,Free,신규
u_10252,2024-04-17,signup,Free,신규
u_10254,2024-04-17,signup,Free,신규
u_10256,2024-04-17,signup,Pro,신규
u_10259,2024-04-17,signup,Free,신규
u_10261,2024-04-17,trial_start,Free,신규
u_10269,2024-04-17,trial_start,Free,신규
u_10275,2024-04-17,signup,Basic,신규
u_10279,2024-04-17,signup,Basic,신규
u_10283,2024-04-17,signup,Basic,신규
u_10286,2024-04-17,signup,Basic,신규
u_10291,2024-04-17,trial_start,Pro,신규
u_10297,2024-04-17,signup,Free,신규
u_10300,2024-04-17,signup,Free,신규
u_10301,2024-04-17,signup,Pro,신규
u_10305,2024-04-17,signup,Pro,신규
u_10306,2024-04-17,trial_start,Basic,신규
u_10308,2024-04-17,signup,Free,신규
u_10314,2024-04-17,signup,Basic,신규
u_10317,2024-04-17,trial_start,Pro,신규
u_10318,2024-04-17,signup,Pro,신규
u_10001,2024-04-18,search_fail,Free,이탈위험
u_10008,2024-04-18,login,Pro,기존
u_10014,2024-04-18,cancel,Free,이탈위험
u_10021,2024-04-18,search_fail,Free,기존
u_10023,2024-04-18,login,Pro,기존
u_10030,2024-04-18,cancel,Free,이탈위험
u_10034,2024-04-18,login,Basic,기존
u_10039,2024-04-18,login,Free,기존
u_10041,2024-04-18,login,Free,이탈위험
u_10043,2024-04-18,login,Basic,기존
u_10044,2024-04-18,login,Basic,기존
u_10062,2024-04-18,login,Free,기존
u_10085,2024-04-18,cancel,Basic,이탈위험
u_10094,2024-04-18,login,Basic,이탈위험
u_10099,2024-04-18,cancel,Free,이탈위험
u_10112,2024-04-18,payment,Basic,신규
u_10112,2024-04-18,login,Basic,신규
u_10115,2024-04-18,login,Free,신규
u_10119,2024-04-18,payment,Free,신규
u_10120,2024-04-18,login,Free,신규
u_10121,2024-04-18,payment,Basic,신규
u_10130,2024-04-18,login,Basic,신규
u_10134,2024-04-18,login,Pro,신규
u_10147,2024-04-18,payment,Free,신규
u_10151,2024-04-18,search_fail,Basic,신규
u_10156,2024-04-18,login,Basic,신규
u_10161,2024-04-18,payment,Free,신규
u_10163,2024-04-18,login,Free,신규
u_10166,2024-04-18,login,Pro,신규
u_10172,2024-04-18,login,Basic,신규
u_10175,2024-04-18,payment,Basic,신규
u_10178,2024-04-18,login,Basic,신규
u_10179,2024-04-18,search_fail,Basic,신규
u_10186,2024-04-18,login,Free,신규
u_10195,2024-04-18,payment,Free,신규
u_10197,2024-04-18,payment,Pro,신규
u_10202,2024-04-18,login,Free,신규
u_10205,2024-04-18,payment,Pro,신규
u_10205,2024-04-18,login,Pro,이탈위험
u_10206,2024-04-18,payment,Free,신규
u_10209,2024-04-18,login,Pro,신규
u_10212,2024-04-18,payment,Basic,신규
u_10215,2024-04-18,login,Free,신규
u_10218,2024-04-18,trial_start,Free,신규
u_10226,2024-04-18,signup,Basic,신규
u_10228,2024-04-18,signup,Basic,신규
u_10230,2024-04-18,signup,Basic,신규
u_10242,2024-04-18,signup,Free,신규
u_10243,2024-04-18,trial_start,Basic,신규
u_10245,2024-04-18,signup,Free,신규
u_10249,2024-04-18,trial_start,Free,신규
u_10253,2024-04-18,signup,Free,신규
u_10255,2024-04-18,signup,Basic,신규
u_10257,2024-04-18,signup,Pro,신규
u_10258,2024-04-18,signup,Basic,신규
u_10260,2024-04-18,signup,Basic,신규
u_10265,2024-04-18,trial_start,Free,신규
u_10266,2024-04-18,signup,Basic,신규
u_10267,2024-04-18,signup,Free,신규
u_10273,2024-04-18,signup,Free,신규
u_10277,2024-04-18,signup,Free,신규
u_10283,2024-04-18,trial_start,Basic,신규
u_10286,2024-04-18,trial_start,Basic,신규
u_10287,2024-04-18,signup,Free,신규
u_10292,2024-04-18,signup,Pro,신규
u_10303,2024-04-18,signup,Basic,신규
u_10312,2024-04-18,signup,Free,신규
u_10316,2024-04-18,signup,Basic,신규
u_10320,2024-04-18,signup,Basic,신규
u_10321,2024-04-18,trial_start,Free,신규
u_10323,2024-04-18,signup,Basic,신규
u_10002,2024-04-19,login,Basic,기존
u_10003,2024-04-19,login,Pro,이탈위험
u_10016,2024-04-19,login,Free,기존
u_10019,2024-04-19,login,Free,이탈위험
u_10021,2024-04-19,login,Free,기존
u_10022,2024-04-19,login,Free,기존
u_10029,2024-04-19,cancel,Pro,이탈위험
u_10031,2024-04-19,login,Free,이탈위험
u_10038,2024-04-19,login,Basic,기존
u_10040,2024-04-19,login,Basic,기존
u_10040,2024-04-19,search_fail,Basic,기존
u_10058,2024-04-19,login,Free,기존
u_10065,2024-04-19,login,Free,기존
u_10066,2024-04-19,login,Pro,기존
u_10080,2024-04-19,login,Free,기존
u_10083,2024-04-19,cancel,Free,이탈위험
u_10093,2024-04-19,login,Basic,기존
u_10106,2024-04-19,payment,Basic,신규
u_10107,2024-04-19,login,Basic,신규
u_10114,2024-04-19,login,Free,신규
u_10118,2024-04-19,payment,Basic,신규
u_10130,2024-04-19,payment,Basic,신규
u_10131,2024-04-19,login,Basic,신규
u_10133,2024-04-19,login,Free,이탈위험
u_10140,2024-04-19,payment,Basic,신규
u_10141,2024-04-19,cancel,Basic,이탈위험
u_10147,2024-04-19,login,Free,신규
u_10168,2024-04-19,login,Pro,신규
u_10169,2024-04-19,login,Free,신규
u_10178,2024-04-19,payment,Basic,신규
u_10180,2024-04-19,login,Basic,신규
u_10183,2024-04-19,payment,Free,신규
u_10184,2024-04-19,payment,Basic,신규
u_10187,2024-04-19,login,Basic,신규
u_10190,2024-04-19,login,Basic,신규
u_10191,2024-04-19,login,Basic,신규
u_10203,2024-04-19,payment,Basic,신규
u_10206,2024-04-19,login,Free,이탈위험
u_10210,2024-04-19,login,Basic,신규
u_10220,2024-04-19,signup,Basic,신규
u_10222,2024-04-19,signup,Basic,신규
u_10223,2024-04-19,signup,Free,신규
u_10224,2024-04-19,trial_start,Basic,신규
u_10232,2024-04-19,signup,Basic,신규
u_10234,2024-04-19,signup,Basic,신규
u_10239,2024-04-19,signup,Basic,신규
u_10241,2024-04-19,signup,Pro,신규
u_10251,2024-04-19,signup,Basic,신규
u_10262,2024-04-19,signup,Basic,신규
u_10268,2024-04-19,signup,Basic,신규
u_10270,2024-04-19,signup,Basic,신규
u_10271,2024-04-19,signup,Basic,신규
u_10274,2024-04-19,signup,Free,신규
u_10276,2024-04-19,signup,Basic,신규
u_10280,2024-04-19,signup,Free,신규
u_10289,2024-04-19,trial_start,Free,신규
u_10290,2024-04-19,trial_start,Free,신규
u_10292,2024-04-19,trial_start,Pro,신규
u_10295,2024-04-19,signup,Basic,신규
u_10298,2024-04-19,signup,Free,신규
u_10302,2024-04-19,signup,Free,신규
u_10308,2024-04-19,trial_start,Free,신규
u_10315,2024-04-19,signup,Basic,신규
u_10319,2024-04-19,signup,Free,신규
u_10322,2024-04-19,trial_start,Free,신규
u_10324,2024-04-19,signup,Free,신규
u_10012,2024-04-20,login,Pro,기존
u_10013,2024-04-20,login,Free,기존
u_10018,2024-04-20,login,Basic,이탈위험
u_10025,2024-04-20,login,Basic,이탈위험
u_10033,2024-04-20,login,Free,기존
u_10035,2024-04-20,login,Basic,기존
u_10036,2024-04-20,login,Pro,기존
u_10067,2024-04-20,login,Free,이탈위험
u_10068,2024-04-20,login,Basic,기존
u_10070,2024-04-20,login,Basic,기존
u_10074,2024-04-20,login,Basic,기존
u_10078,2024-04-20,login,Basic,이탈위험
u_10095,2024-04-20,login,Free,기존
u_10106,2024-04-20,login,Basic,신규
u_10113,2024-04-20,login,Basic,신규
u_10122,2024-04-20,payment,Free,신규
u_10125,2024-04-20,login,Pro,신규
u_10127,2024-04-20,login,Free,신규
u_10135,2024-04-20,payment,Basic,신규
u_10135,2024-04-20,login,Basic,신규
u_10139,2024-04-20,payment,Free,신규
u_10140,2024-04-20,login,Basic,신규
u_10145,2024-04-20,payment,Free,신규
u_10146,2024-04-20,payment,Basic,신규
u_10148,2024-04-20,payment,Free,신규
u_10149,2024-04-20,payment,Free,신규
u_10154,2024-04-20,payment,Basic,신규
u_10160,2024-04-20,login,Pro,신규
u_10167,2024-04-20,login,Basic,신규
u_10171,2024-04-20,login,Free,이탈위험
u_10173,2024-04-20,payment,Pro,신규
u_10173,2024-04-20,login,Pro,신규
u_10176,2024-04-20,login,Free,신규
u_10185,2024-04-20,login,Basic,신규
u_10188,2024-04-20,payment,Basic,신규
u_10195,2024-04-20,login,Free,이탈위험
u_10214,2024-04-20,payment,Pro,신규
u_10215,2024-04-20,payment,Free,신규
u_10225,2024-04-20,trial_start,Basic,신규
u_10250,2024-04-20,trial_start,Basic,신규
u_10251,2024-04-20,trial_start,Basic,신규
u_10257,2024-04-20,trial_start,Pro,신규
u_10263,2024-04-20,trial_start,Basic,신규
u_10264,2024-04-20,trial_start,Pro,신규
u_10266,2024-04-20,trial_start,Basic,신규
u_10281,2024-04-20,trial_start,Basic,신규
u_10299,2024-04-20,trial_start,Basic,신규
u_10305,2024-04-20,trial_start,Pro,신규
u_10309,2024-04-20,trial_start,Basic,신규
u_10318,2024-04-20,trial_start,Pro,신규
u_10319,2024-04-20,trial_start,Free,신규
u_10052,2024-04-21,login,Free,이탈위험
u_10052,2024-04-21,search_fail,Free,이탈위험
u_10059,2024-04-21,login,Pro,기존
u_10069,2024-04-21,login,Basic,기존
u_10088,2024-04-21,login,Basic,기존
u_10088,2024-04-21,search_fail,Basic,기존
u_10100,2024-04-21,login,Basic,기존
u_10104,2024-04-21,login,Free,기존
u_10105,2024-04-21,payment,Free,신규
u_10108,2024-04-21,login,Basic,신규
u_10109,2024-04-21,search_fail,Free,신규
u_10110,2024-04-21,payment,Basic,신규
u_10119,2024-04-21,login,Free,신규
u_10121,2024-04-21,login,Basic,신규
u_10132,2024-04-21,login,Basic,신규
u_10136,2024-04-21,login,Basic,신규
u_10138,2024-04-21,login,Pro,신규
u_10142,2024-04-21,payment,Free,신규
u_10144,2024-04-21,login,Basic,신규
u_10146,2024-04-21,login,Basic,신규
u_10152,2024-04-21,payment,Free,신규
u_10153,2024-04-21,payment,Pro,신규
u_10156,2024-04-21,payment,Basic,신규
u_10157,2024-04-21,login,Pro,신규
u_10159,2024-04-21,search_fail,Free,이탈위험
u_10170,2024-04-21,payment,Free,신규
u_10183,2024-04-21,login,Free,신규
u_10184,2024-04-21,login,Basic,신규
u_10192,2024-04-21,login,Basic,이탈위험
u_10194,2024-04-21,login,Free,신규
u_10199,2024-04-21,login,Pro,신규
u_10204,2024-04-21,payment,Basic,신규
u_10208,2024-04-21,login,Basic,신규
u_10216,2024-04-21,login,Basic,신규
u_10239,2024-04-21,trial_start,Basic,신규
u_10246,2024-04-21,trial_start,Pro,신규
u_10253,2024-04-21,trial_start,Free,신규
u_10258,2024-04-21,trial_start,Basic,신규
u_10260,2024-04-21,trial_start,Basic,신규
u_10271,2024-04-21,trial_start,Basic,신규
u_10300,2024-04-21,trial_start,Free,신규
u_10301,2024-04-21,trial_start,Pro,신규
u_10316,2024-04-21,trial_start,Basic,신규
u_10023,2024-04-22,login,Pro,기존
u_10027,2024-04-22,login,Basic,이탈위험
u_10032,2024-04-22,search_fail,Free,이탈위험
u_10037,2024-04-22,search_fail,Free,기존
u_10063,2024-04-22,login,Free,기존
u_10067,2024-04-22,cancel,Free,이탈위험
u_10069,2024-04-22,login,Basic,기존
u_10074,2024-04-22,login,Basic,기존
u_10077,2024-04-22,cancel,Basic,이탈위험
u_10086,2024-04-22,cancel,Basic,이탈위험
u_10092,2024-04-22,login,Pro,기존
u_10094,2024-04-22,cancel,Basic,이탈위험
u_10120,2024-04-22,login,Free,기존
u_10122,2024-04-22,login,Free,기존
u_10125,2024-04-22,login,Pro,기존
u_10131,2024-04-22,login,Basic,기존
u_10132,2024-04-22,payment,Basic,신규
u_10134,2024-04-22,login,Pro,기존
u_10143,2024-04-22,cancel,Free,이탈위험
u_10146,2024-04-22,login,Basic,기존
u_10147,2024-04-22,login,Free,기존
u_10148,2024-04-22,login,Free,기존
u_10156,2024-04-22,login,Basic,기존
u_10158,2024-04-22,login,Basic,기존
u_10180,2024-04-22,login,Basic,기존
u_10194,2024-04-22,payment,Free,신규
u_10210,2024-04-22,login,Basic,기존
u_10223,2024-04-22,login,Free,이탈위험
u_10227,2024-04-22,cancel,Free,이탈위험
u_10232,2024-04-22,login,Basic,신규
u_10234,2024-04-22,trial_start,Basic,신규
u_10242,2024-04-22,trial_start,Free,신규
u_10243,2024-04-22,login,Basic,신규
u_10244,2024-04-22,cancel,Basic,이탈위험
u_10249,2024-04-22,login,Free,신규
u_10250,2024-04-22,login,Basic,신규
u_10253,2024-04-22,login,Free,신규
u_10255,2024-04-22,trial_start,Basic,신규
u_10259,2024-04-22,trial_start,Free,신규
u_10266,2024-04-22,login,Basic,신규
u_10267,2024-04-22,login,Free,신규
u_10283,2024-04-22,login,Basic,신규
u_10287,2024-04-22,trial_start,Free,신규
u_10289,2024-04-22,payment,Free,신규
u_10292,2024-04-22,login,Pro,신규
u_10302,2024-04-22,login,Free,신규
u_10309,2024-04-22,login,Basic,신규
u_10314,2024-04-22,cancel,Basic,이탈위험
u_10323,2024-04-22,login,Basic,신규
u_10324,2024-04-22,login,Free,신규
u_10326,2024-04-22,signup,Pro,신규
u_10331,2024-04-22,signup,Basic,신규
u_10336,2024-04-22,signup,Basic,신규
u_10342,2024-04-22,signup,Free,신규
u_10344,2024-04-22,signup,Free,신규
u_10346,2024-04-22,signup,Basic,신규
u_10349,2024-04-22,signup,Free,신규
u_10350,2024-04-22,signup,Basic,신규
u_10367,2024-04-22,signup,Free,신규
u_10373,2024-04-22,signup,Basic,신규
u_10376,2024-04-22,signup,Basic,신규
u_10377,2024-04-22,signup,Pro,신규
u_10379,2024-04-22,signup,Free,신규
u_10380,2024-04-22,signup,Basic,신규
u_10381,2024-04-22,signup,Free,신규
u_10383,2024-04-22,signup,Basic,신규
u_10384,2024-04-22,signup,Basic,신규
u_10385,2024-04-22,signup,Free,신규
u_10391,2024-04-22,signup,Basic,신규
u_10407,2024-04-22,signup,Pro,신규
u_10408,2024-04-22,signup,Basic,신규
u_10416,2024-04-22,signup,Free,신규
u_10418,2024-04-22,signup,Pro,신규
u_10419,2024-04-22,signup,Pro,신규
u_10432,2024-04-22,signup,Pro,신규
u_10001,2024-04-23,cancel,Free,이탈위험
u_10005,2024-04-23,login,Basic,기존
u_10007,2024-04-23,login,Free,기존
u_10011,2024-04-23,login,Free,기존
u_10012,2024-04-23,login,Pro,기존
u_10017,2024-04-23,login,Basic,기존
u_10021,2024-04-23,login,Free,기존
u_10025,2024-04-23,cancel,Basic,이탈위험
u_10034,2024-04-23,login,Basic,기존
u_10040,2024-04-23,login,Basic,기존
u_10041,2024-04-23,cancel,Free,이탈위험
u_10068,2024-04-23,search_fail,Basic,기존
u_10072,2024-04-23,login,Free,기존
u_10073,2024-04-23,cancel,Basic,이탈위험
u_10076,2024-04-23,login,Free,기존
u_10102,2024-04-23,login,Basic,기존
u_10112,2024-04-23,login,Basic,기존
u_10115,2024-04-23,search_fail,Free,기존
u_10121,2024-04-23,login,Basic,이탈위험
u_10123,2024-04-23,login,Free,이탈위험
u_10136,2024-04-23,search_fail,Basic,기존
u_10150,2024-04-23,login,Basic,이탈위험
u_10157,2024-04-23,login,Pro,기존
u_10158,2024-04-23,payment,Basic,신규
u_10165,2024-04-23,login,Free,기존
u_10170,2024-04-23,login,Free,기존
u_10173,2024-04-23,login,Pro,기존
u_10178,2024-04-23,login,Basic,이탈위험
u_10179,2024-04-23,payment,Basic,신규
u_10181,2024-04-23,payment,Basic,신규
u_10185,2024-04-23,login,Basic,기존
u_10185,2024-04-23,search_fail,Basic,기존
u_10192,2024-04-23,cancel,Basic,이탈위험
u_10193,2024-04-23,payment,Basic,신규
u_10194,2024-04-23,login,Free,기존
u_10201,2024-04-23,login,Free,기존
u_10203,2024-04-23,login,Basic,기존
u_10206,2024-04-23,cancel,Free,이탈위험
u_10215,2024-04-23,login,Free,기존
u_10228,2024-04-23,trial_start,Basic,신규
u_10230,2024-04-23,trial_start,Basic,신규
u_10233,2024-04-23,search_fail,Basic,신규
u_10237,2024-04-23,login,Basic,신규
u_10240,2024-04-23,search_fail,Basic,신규
u_10243,2024-04-23,payment,Basic,신규
u_10248,2024-04-23,login,Basic,신규
u_10251,2024-04-23,login,Basic,신규
u_10252,2024-04-23,login,Free,신규
u_10260,2024-04-23,cancel,Basic,이탈위험
u_10261,2024-04-23,login,Free,신규
u_10262,2024-04-23,login,Basic,신규
u_10264,2024-04-23,payment,Pro,신규
u_10269,2024-04-23,login,Free,신규
u_10272,2024-04-23,login,Basic,신규
u_10276,2024-04-23,search_fail,Basic,신규
u_10278,2024-04-23,login,Pro,신규
u_10280,2024-04-23,search_fail,Free,신규
u_10281,2024-04-23,payment,Basic,신규
u_10287,2024-04-23,login,Free,신규
u_10291,2024-04-23,login,Pro,신규
u_10298,2024-04-23,trial_start,Free,신규
u_10303,2024-04-23,search_fail,Basic,신규
u_10311,2024-04-23,login,Free,이탈위험
u_10312,2024-04-23,trial_start,Free,신규
u_10317,2024-04-23,login,Pro,신규
u_10325,2024-04-23,signup,Pro,신규
u_10327,2024-04-23,signup,Pro,신규
u_10330,2024-04-23,signup,Basic,신규
u_10331,2024-04-23,trial_start,Basic,신규
u_10336,2024-04-23,trial_start,Basic,신규
u_10343,2024-04-23,signup,Free,신규
u_10345,2024-04-23,signup,Basic,신규
u_10355,2024-04-23,signup,Free,신규
u_10357,2024-04-23,signup,Free,신규
u_10360,2024-04-23,signup,Basic,신규
u_10361,2024-04-23,signup,Pro,신규
u_10362,2024-04-23,signup,Basic,신규
u_10366,2024-04-23,signup,Basic,신규
u_10374,2024-04-23,signup,Basic,신규
u_10376,2024-04-23,trial_start,Basic,신규
u_10378,2024-04-23,signup,Free,신규
u_10379,2024-04-23,trial_start,Free,신규
u_10392,2024-04-23,signup,Basic,신규
u_10394,2024-04-23,signup,Pro,신규
u_10397,2024-04-23,signup,Basic,신규
u_10401,2024-04-23,signup,Pro,신규
u_10402,2024-04-23,signup,Free,신규
u_10403,2024-04-23,signup,Basic,신규
u_10405,2024-04-23,signup,Basic,신규
u_10406,2024-04-23,signup,Basic,신규
u_10409,2024-04-23,signup,Free,신규
u_10410,2024-04-23,signup,Free,신규
u_10415,2024-04-23,signup,Basic,신규
u_10434,2024-04-23,signup,Free,신규
u_10438,2024-04-23,signup,Pro,신규
u_10003,2024-04-24,cancel,Pro,이탈위험
u_10028,2024-04-24,login,Free,기존
u_10034,2024-04-24,search_fail,Basic,기존
u_10047,2024-04-24,cancel,Free,이탈위험
u_10065,2024-04-24,login,Free,기존
u_10101,2024-04-24,login,Pro,기존
u_10104,2024-04-24,login,Free,이탈위험
u_10110,2024-04-24,login,Basic,기존
u_10113,2024-04-24,login,Basic,기존
u_10116,2024-04-24,cancel,Basic,이탈위험
u_10130,2024-04-24,login,Basic,기존
u_10133,2024-04-24,cancel,Free,이탈위험
u_10134,2024-04-24,payment,Pro,신규
u_10140,2024-04-24,login,Basic,기존
u_10140,2024-04-24,search_fail,Basic,기존
u_10143,2024-04-24,payment,Free,신규
u_10145,2024-04-24,login,Free,기존
u_10151,2024-04-24,login,Basic,기존
u_10151,2024-04-24,search_fail,Basic,기존
u_10167,2024-04-24,login,Basic,기존
u_10175,2024-04-24,login,Basic,이탈위험
u_10186,2024-04-24,payment,Free,신규
u_10191,2024-04-24,login,Basic,기존
u_10196,2024-04-24,login,Free,이탈위험
u_10197,2024-04-24,login,Pro,기존
u_10205,2024-04-24,cancel,Pro,이탈위험
u_10212,2024-04-24,login,Basic,기존
u_10217,2024-04-24,login,Free,신규
u_10218,2024-04-24,login,Free,신규
u_10220,2024-04-24,trial_start,Basic,신규
u_10225,2024-04-24,payment,Basic,신규
u_10228,2024-04-24,login,Basic,신규
u_10232,2024-04-24,trial_start,Basic,신규
u_10236,2024-04-24,login,Free,신규
u_10241,2024-04-24,trial_start,Pro,신규
u_10254,2024-04-24,login,Free,신규
u_10255,2024-04-24,login,Basic,신규
u_10263,2024-04-24,payment,Basic,신규
u_10268,2024-04-24,trial_start,Basic,신규
u_10270,2024-04-24,login,Basic,이탈위험
u_10273,2024-04-24,cancel,Free,이탈위험
u_10274,2024-04-24,trial_start,Free,신규
u_10282,2024-04-24,login,Free,이탈위험
u_10293,2024-04-24,login,Pro,신규
u_10296,2024-04-24,login,Free,신규
u_10306,2024-04-24,login,Basic,신규
u_10307,2024-04-24,login,Basic,신규
u_10328,2024-04-24,signup,Free,신규
u_10329,2024-04-24,signup,Free,신규
u_10339,2024-04-24,signup,Free,신규
u_10340,2024-04-24,signup,Basic,신규
u_10342,2024-04-24,trial_start,Free,신규
u_10351,2024-04-24,signup,Free,신규
u_10353,2024-04-24,signup,Basic,신규
u_10365,2024-04-24,signup,Pro,신규
u_10367,2024-04-24,trial_start,Free,신규
u_10368,2024-04-24,signup,Basic,신규
u_10371,2024-04-24,signup,Basic,신규
u_10389,2024-04-24,signup,Basic,신규
u_10390,2024-04-24,signup,Basic,신규
u_10399,2024-04-24,signup,Free,신규
u_10408,2024-04-24,trial_start,Basic,신규
u_10410,2024-04-24,trial_start,Free,신규
u_10411,2024-04-24,signup,Basic,신규
u_10416,2024-04-24,trial_start,Free,신규
u_10421,2024-04-24,signup,Basic,신규
u_10423,2024-04-24,signup,Free,신규
u_10426,2024-04-24,signup,Free,신규
u_10429,2024-04-24,signup,Basic,신규
u_10435,2024-04-24,signup,Free,신규
u_10437,2024-04-24,signup,Free,신규
u_10439,2024-04-24,signup,Free,신규
u_10002,2024-04-25,login,Basic,기존
u_10008,2024-04-25,search_fail,Pro,기존
u_10013,2024-04-25,login,Free,기존
u_10016,2024-04-25,login,Free,기존
u_10016,2024-04-25,search_fail,Free,기존
u_10035,2024-04-25,login,Basic,기존
u_10039,2024-04-25,login,Free,기존
u_10042,2024-04-25,cancel,Pro,이탈위험
u_10052,2024-04-25,cancel,Free,이탈위험
u_10058,2024-04-25,login,Free,기존
u_10059,2024-04-25,login,Pro,기존
u_10061,2024-04-25,login,Free,기존
u_10064,2024-04-25,cancel,Basic,이탈위험
u_10068,2024-04-25,login,Basic,기존
u_10090,2024-04-25,login,Free,기존
u_10091,2024-04-25,login,Free,기존
u_10091,2024-04-25,search_fail,Free,기존
u_10107,2024-04-25,login,Basic,이탈위험
u_10109,2024-04-25,login,Free,기존
u_10111,2024-04-25,login,Free,기존
u_10123,2024-04-25,payment,Free,신규
u_10128,2024-04-25,login,Basic,기존
u_10139,2024-04-25,login,Free,기존
u_10142,2024-04-25,login,Free,기존
u_10155,2024-04-25,cancel,Free,이탈위험
u_10161,2024-04-25,login,Free,기존
u_10162,2024-04-25,login,Basic,기존
u_10168,2024-04-25,login,Pro,기존
u_10172,2024-04-25,login,Basic,이탈위험
u_10179,2024-04-25,login,Basic,기존
u_10184,2024-04-25,login,Basic,기존
u_10186,2024-04-25,login,Free,이탈위험
u_10189,2024-04-25,login,Basic,이탈위험
u_10189,2024-04-25,search_fail,Basic,이탈위험
u_10190,2024-04-25,login,Basic,기존
u_10195,2024-04-25,cancel,Free,이탈위험
u_10214,2024-04-25,login,Pro,기존
u_10232,2024-04-25,payment,Basic,신규
u_10233,2024-04-25,login,Basic,신규
u_10239,2024-04-25,login,Basic,신규
u_10242,2024-04-25,login,Free,신규
u_10250,2024-04-25,payment,Basic,신규
u_10262,2024-04-25,search_fail,Basic,신규
u_10269,2024-04-25,payment,Free,신규
u_10277,2024-04-25,login,Free,신규
u_10278,2024-04-25,search_fail,Pro,신규
u_10279,2024-04-25,login,Basic,이탈위험
u_10281,2024-04-25,login,Basic,신규
u_10291,2024-04-25,payment,Pro,신규
u_10300,2024-04-25,payment,Free,신규
u_10308,2024-04-25,login,Free,신규
u_10316,2024-04-25,login,Basic,신규
u_10318,2024-04-25,login,Pro,신규
u_10321,2024-04-25,payment,Free,신규
u_10329,2024-04-25,trial_start,Free,신규
u_10334,2024-04-25,signup,Basic,신규
u_10337,2024-04-25,signup,Free,신규
u_10341,2024-04-25,signup,Pro,신규
u_10345,2024-04-25,trial_start,Basic,신규
u_10348,2024-04-25,signup,Basic,신규
u_10351,2024-04-25,trial_start,Free,신규
u_10352,2024-04-25,signup,Pro,신규
u_10354,2024-04-25,signup,Basic,신규
u_10356,2024-04-25,signup,Basic,신규
u_10358,2024-04-25,signup,Free,신규
u_10364,2024-04-25,signup,Basic,신규
u_10369,2024-04-25,signup,Basic,신규
u_10370,2024-04-25,signup,Free,신규
u_10382,2024-04-25,signup,Basic,신규
u_10386,2024-04-25,signup,Pro,신규
u_10388,2024-04-25,signup,Basic,신규
u_10393,2024-04-25,signup,Basic,신규
u_10395,2024-04-25,signup,Basic,신규
u_10396,2024-04-25,signup,Basic,신규
u_10398,2024-04-25,signup,Free,신규
u_10400,2024-04-25,signup,Basic,신규
u_10413,2024-04-25,signup,Free,신규
u_10415,2024-04-25,trial_start,Basic,신규
u_10417,2024-04-25,signup,Free,신규
u_10420,2024-04-25,signup,Basic,신규
u_10424,2024-04-25,signup,Pro,신규
u_10431,2024-04-25,signup,Pro,신규
u_10436,2024-04-25,signup,Basic,신규
u_10441,2024-04-25,signup,Pro,신규
u_10006,2024-04-26,cancel,Free,이탈위험
u_10010,2024-04-26,login,Pro,기존
u_10018,2024-04-26,cancel,Basic,이탈위험
u_10019,2024-04-26,cancel,Free,이탈위험
u_10020,2024-04-26,cancel,Basic,이탈위험
u_10026,2024-04-26,login,Pro,기존
u_10031,2024-04-26,cancel,Free,이탈위험
u_10044,2024-04-26,login,Basic,기존
u_10048,2024-04-26,login,Basic,기존
u_10057,2024-04-26,login,Free,기존
u_10070,2024-04-26,login,Basic,기존
u_10075,2024-04-26,login,Free,기존
u_10078,2024-04-26,cancel,Basic,이탈위험
u_10087,2024-04-26,login,Free,기존
u_10093,2024-04-26,login,Basic,기존
u_10104,2024-04-26,search_fail,Free,이탈위험
u_10105,2024-04-26,login,Free,기존
u_10108,2024-04-26,login,Basic,이탈위험
u_10129,2024-04-26,login,Free,기존
u_10152,2024-04-26,login,Free,기존
u_10153,2024-04-26,login,Pro,기존
u_10159,2024-04-26,cancel,Free,이탈위험
u_10163,2024-04-26,login,Free,기존
u_10171,2024-04-26,cancel,Free,이탈위험
u_10174,2024-04-26,login,Free,이탈위험
u_10177,2024-04-26,login,Pro,이탈위험
u_10181,2024-04-26,login,Basic,기존
u_10207,2024-04-26,login,Free,기존
u_10209,2024-04-26,login,Pro,이탈위험
u_10220,2024-04-26,login,Basic,신규
u_10230,2024-04-26,payment,Basic,신규
u_10234,2024-04-26,payment,Basic,신규
u_10234,2024-04-26,cancel,Basic,이탈위험
u_10235,2024-04-26,login,Basic,신규
u_10238,2024-04-26,login,Basic,신규
u_10238,2024-04-26,search_fail,Basic,신규
u_10240,2024-04-26,login,Basic,신규
u_10241,2024-04-26,login,Pro,신규
u_10247,2024-04-26,login,Basic,이탈위험
u_10255,2024-04-26,payment,Basic,신규
u_10258,2024-04-26,payment,Basic,신규
u_10259,2024-04-26,login,Free,신규
u_10283,2024-04-26,search_fail,Basic,신규
u_10284,2024-04-26,login,Free,신규
u_10289,2024-04-26,login,Free,신규
u_10294,2024-04-26,login,Free,이탈위험
u_10301,2024-04-26,search_fail,Pro,신규
u_10303,2024-04-26,login,Basic,신규
u_10305,2024-04-26,login,Pro,신규
u_10306,2024-04-26,payment,Basic,신규
u_10309,2024-04-26,payment,Basic,신규
u_10312,2024-04-26,login,Free,신규
u_10317,2024-04-26,payment,Pro,신규
u_10319,2024-04-26,login,Free,이탈위험
u_10320,2024-04-26,login,Basic,신규
u_10321,2024-04-26,login,Free,신규
u_10330,2024-04-26,trial_start,Basic,신규
u_10332,2024-04-26,signup,Free,신규
u_10333,2024-04-26,signup,Basic,신규
u_10335,2024-04-26,signup,Free,신규
u_10338,2024-04-26,signup,Free,신규
u_10343,2024-04-26,trial_start,Free,신규
u_10347,2024-04-26,signup,Pro,신규
u_10355,2024-04-26,trial_start,Free,신규
u_10359,2024-04-26,signup,Pro,신규
u_10363,2024-04-26,signup,Free,신규
u_10364,2024-04-26,trial_start,Basic,신규
u_10365,2024-04-26,trial_start,Pro,신규
u_10371,2024-04-26,trial_start,Basic,신규
u_10372,2024-04-26,signup,Basic,신규
u_10375,2024-04-26,signup,Free,신규
u_10384,2024-04-26,trial_start,Basic,신규
u_10387,2024-04-26,signup,Free,신규
u_10404,2024-04-26,signup,Basic,신규
u_10405,2024-04-26,trial_start,Basic,신규
u_10412,2024-04-26,signup,Pro,신규
u_10414,2024-04-26,signup,Basic,신규
u_10419,2024-04-26,trial_start,Pro,신규
u_10422,2024-04-26,signup,Free,신규
u_10423,2024-04-26,trial_start,Free,신규
u_10425,2024-04-26,signup,Free,신규
u_10427,2024-04-26,signup,Free,신규
u_10428,2024-04-26,signup,Free,신규
u_10430,2024-04-26,signup,Pro,신규
u_10432,2024-04-26,trial_start,Pro,신규
u_10433,2024-04-26,signup,Free,신규
u_10438,2024-04-26,trial_start,Pro,신규
u_10440,2024-04-26,signup,Pro,신규
u_10442,2024-04-26,signup,Basic,신규
u_10004,2024-04-27,login,Basic,기존
u_10032,2024-04-27,login,Free,이탈위험
u_10033,2024-04-27,login,Free,기존
u_10036,2024-04-27,login,Pro,기존
u_10046,2024-04-27,login,Free,기존
u_10053,2024-04-27,login,Basic,기존
u_10079,2024-04-27,login,Free,기존
u_10080,2024-04-27,login,Free,기존
u_10088,2024-04-27,login,Basic,기존
u_10106,2024-04-27,login,Basic,기존
u_10117,2024-04-27,login,Free,이탈위험
u_10118,2024-04-27,login,Basic,기존
u_10127,2024-04-27,login,Free,기존
u_10132,2024-04-27,login,Basic,이탈위험
u_10135,2024-04-27,login,Basic,기존
u_10137,2024-04-27,login,Basic,기존
u_10144,2024-04-27,login,Basic,이탈위험
u_10154,2024-04-27,login,Basic,이탈위험
u_10166,2024-04-27,login,Pro,기존
u_10188,2024-04-27,login,Basic,기존
u_10199,2024-04-27,login,Pro,기존
u_10200,2024-04-27,login,Basic,기존
u_10202,2024-04-27,login,Free,기존
u_10208,2024-04-27,login,Basic,이탈위험
u_10213,2024-04-27,login,Basic,기존
u_10220,2024-04-27,payment,Basic,신규
u_10222,2024-04-27,login,Basic,신규
u_10224,2024-04-27,login,Basic,신규
u_10225,2024-04-27,login,Basic,이탈위험
u_10226,2024-04-27,login,Basic,신규
u_10230,2024-04-27,login,Basic,신규
u_10231,2024-04-27,login,Free,이탈위험
u_10245,2024-04-27,login,Free,신규
u_10261,2024-04-27,payment,Free,신규
u_10267,2024-04-27,search_fail,Free,신규
u_10271,2024-04-27,login,Basic,신규
u_10280,2024-04-27,login,Free,신규
u_10292,2024-04-27,payment,Pro,신규
u_10295,2024-04-27,login,Basic,신규
u_10297,2024-04-27,login,Free,신규
u_10297,2024-04-27,search_fail,Free,신규
u_10298,2024-04-27,login,Free,신규
u_10300,2024-04-27,login,Free,신규
u_10301,2024-04-27,login,Pro,신규
u_10322,2024-04-27,payment,Free,신규
u_10323,2024-04-27,search_fail,Basic,신규
u_10359,2024-04-27,trial_start,Pro,신규
u_10368,2024-04-27,trial_start,Basic,신규
u_10373,2024-04-27,trial_start,Basic,신규
u_10375,2024-04-27,trial_start,Free,신규
u_10377,2024-04-27,trial_start,Pro,신규
u_10380,2024-04-27,trial_start,Basic,신규
u_10381,2024-04-27,trial_start,Free,신규
u_10388,2024-04-27,trial_start,Basic,신규
u_10391,2024-04-27,trial_start,Basic,신규
u_10394,2024-04-27,trial_start,Pro,신규
u_10399,2024-04-27,trial_start,Free,신규
u_10436,2024-04-27,trial_start,Basic,신규
u_10004,2024-04-28,search_fail,Basic,기존
u_10015,2024-04-28,login,Free,기존
u_10022,2024-04-28,login,Free,기존
u_10037,2024-04-28,login,Free,기존
u_10043,2024-04-28,login,Basic,기존
u_10045,2024-04-28,login,Free,기존
u_10049,2024-04-28,login,Basic,기존
u_10050,2024-04-28,login,Free,기존
u_10051,2024-04-28,login,Pro,기존
u_10055,2024-04-28,login,Basic,기존
u_10056,2024-04-28,login,Free,기존
u_10060,2024-04-28,login,Free,기존
u_10066,2024-04-28,login,Pro,기존
u_10081,2024-04-28,login,Pro,기존
u_10095,2024-04-28,login,Free,기존
u_10097,2024-04-28,login,Basic,기존
u_10100,2024-04-28,login,Basic,기존
u_10114,2024-04-28,login,Free,기존
u_10115,2024-04-28,login,Free,기존
u_10119,2024-04-28,login,Free,이탈위험
u_10134,2024-04-28,search_fail,Pro,기존
u_10138,2024-04-28,login,Pro,기존
u_10149,2024-04-28,login,Free,기존
u_10160,2024-04-28,login,Pro,기존
u_10169,2024-04-28,login,Free,기존
u_10176,2024-04-28,login,Free,기존
u_10193,2024-04-28,login,Basic,기존
u_10198,2024-04-28,login,Free,기존
u_10200,2024-04-28,search_fail,Basic,기존
u_10204,2024-04-28,login,Basic,기존
u_10211,2024-04-28,login,Pro,기존
u_10216,2024-04-28,login,Basic,이탈위험
u_10246,2024-04-28,login,Pro,신규
u_10251,2024-04-28,payment,Basic,신규
u_10252,2024-04-28,search_fail,Free,신규
u_10253,2024-04-28,payment,Free,신규
u_10257,2024-04-28,login,Pro,신규
u_10258,2024-04-28,login,Basic,신규
u_10263,2024-04-28,login,Basic,신규
u_10264,2024-04-28,login,Pro,신규
u_10265,2024-04-28,login,Free,신규
u_10268,2024-04-28,login,Basic,신규
u_10275,2024-04-28,login,Basic,신규
u_10281,2024-04-28,search_fail,Basic,신규
u_10285,2024-04-28,login,Free,이탈위험
u_10290,2024-04-28,login,Free,신규
u_10295,2024-04-28,search_fail,Basic,신규
u_10299,2024-04-28,login,Basic,신규
u_10322,2024-04-28,login,Free,신규
u_10327,2024-04-28,trial_start,Pro,신규
u_10334,2024-04-28,trial_start,Basic,신규
u_10339,2024-04-28,trial_start,Free,신규
u_10353,2024-04-28,trial_start,Basic,신규
u_10398,2024-04-28,trial_start,Free,신규
u_10406,2024-04-28,trial_start,Basic,신규
u_10429,2024-04-28,trial_start,Basic,신규
u_10039,2024-04-29,login,Free,기존
u_10045,2024-04-29,login,Free,기존
u_10046,2024-04-29,search_fail,Free,기존
u_10060,2024-04-29,login,Free,기존
u_10062,2024-04-29,login,Free,기존
u_10072,2024-04-29,login,Free,기존
u_10097,2024-04-29,login,Basic,기존
u_10105,2024-04-29,login,Free,기존
u_10131,2024-04-29,login,Basic,기존
u_10136,2024-04-29,login,Basic,기존
u_10139,2024-04-29,login,Free,기존
u_10147,2024-04-29,login,Free,기존
u_10150,2024-04-29,cancel,Basic,이탈위험
u_10154,2024-04-29,cancel,Basic,이탈위험
u_10165,2024-04-29,login,Free,기존
u_10174,2024-04-29,cancel,Free,이탈위험
u_10183,2024-04-29,login,Free,기존
u_10197,2024-04-29,login,Pro,기존
u_10217,2024-04-29,login,Free,이탈위험
u_10221,2024-04-29,login,Free,기존
u_10230,2024-04-29,login,Basic,기존
u_10231,2024-04-29,cancel,Free,이탈위험
u_10242,2024-04-29,payment,Free,신규
u_10246,2024-04-29,login,Pro,기존
u_10247,2024-04-29,cancel,Basic,이탈위험
u_10255,2024-04-29,login,Basic,기존
u_10265,2024-04-29,search_fail,Free,기존
u_10271,2024-04-29,payment,Basic,신규
u_10272,2024-04-29,login,Basic,이탈위험
u_10276,2024-04-29,login,Basic,기존
u_10298,2024-04-29,payment,Free,신규
u_10305,2024-04-29,payment,Pro,신규
u_10333,2024-04-29,login,Basic,이탈위험
u_10336,2024-04-29,login,Basic,신규
u_10338,2024-04-29,trial_start,Free,신규
u_10342,2024-04-29,payment,Free,신규
u_10343,2024-04-29,login,Free,신규
u_10344,2024-04-29,login,Free,신규
u_10347,2024-04-29,login,Pro,신규
u_10348,2024-04-29,trial_start,Basic,신규
u_10355,2024-04-29,login,Free,신규
u_10363,2024-04-29,search_fail,Free,신규
u_10368,2024-04-29,login,Basic,신규
u_10374,2024-04-29,login,Basic,이탈위험
u_10375,2024-04-29,login,Free,신규
u_10384,2024-04-29,login,Basic,신규
u_10385,2024-04-29,login,Free,신규
u_10390,2024-04-29,trial_start,Basic,신규
u_10392,2024-04-29,login,Basic,신규
u_10396,2024-04-29,trial_start,Basic,신규
u_10397,2024-04-29,login,Basic,신규
u_10398,2024-04-29,search_fail,Free,신규
u_10404,2024-04-29,login,Basic,이탈위험
u_10413,2024-04-29,trial_start,Free,신규
u_10414,2024-04-29,login,Basic,이탈위험
u_10420,2024-04-29,trial_start,Basic,신규
u_10423,2024-04-29,login,Free,신규
u_10427,2024-04-29,search_fail,Free,신규
u_10430,2024-04-29,trial_start,Pro,신규
u_10439,2024-04-29,trial_start,Free,신규
u_10439,2024-04-29,login,Free,신규
u_10441,2024-04-29,trial_start,Pro,신규
u_10446,2024-04-29,signup,Free,신규
u_10449,2024-04-29,signup,Basic,신규
u_10450,2024-04-29,signup,Free,신규
u_10454,2024-04-29,signup,Basic,신규
u_10457,2024-04-29,signup,Free,신규
u_10471,2024-04-29,signup,Basic,신규
u_10474,2024-04-29,signup,Free,신규
u_10497,2024-04-29,signup,Free,신규
u_10501,2024-04-29,signup,Free,신규
u_10510,2024-04-29,signup,Free,신규
u_10524,2024-04-29,signup,Pro,신규
u_10529,2024-04-29,signup,Free,신규
u_10530,2024-04-29,signup,Pro,신규
u_10539,2024-04-29,signup,Free,신규
u_10542,2024-04-29,signup,Free,신규
u_10549,2024-04-29,signup,Basic,신규
u_10554,2024-04-29,signup,Free,신규
u_10555,2024-04-29,signup,Pro,신규
u_10556,2024-04-29,signup,Basic,신규
u_10007,2024-04-30,login,Free,기존
u_10028,2024-04-30,login,Free,기존
u_10061,2024-04-30,login,Free,기존
u_10065,2024-04-30,login,Free,기존
u_10080,2024-04-30,login,Free,기존
u_10092,2024-04-30,login,Pro,기존
u_10108,2024-04-30,cancel,Basic,이탈위험
u_10115,2024-04-30,login,Free,기존
u_10118,2024-04-30,login,Basic,기존
u_10121,2024-04-30,cancel,Basic,이탈위험
u_10125,2024-04-30,login,Pro,기존
u_10128,2024-04-30,login,Basic,기존
u_10134,2024-04-30,login,Pro,기존
u_10135,2024-04-30,login,Basic,기존
u_10138,2024-04-30,login,Pro,기존
u_10152,2024-04-30,login,Free,기존
u_10157,2024-04-30,login,Pro,기존
u_10157,2024-04-30,search_fail,Pro,기존
u_10162,2024-04-30,login,Basic,기존
u_10176,2024-04-30,login,Free,기존
u_10178,2024-04-30,cancel,Basic,이탈위험
u_10186,2024-04-30,cancel,Free,이탈위험
u_10189,2024-04-30,cancel,Basic,이탈위험
u_10190,2024-04-30,login,Basic,이탈위험
u_10196,2024-04-30,cancel,Free,이탈위험
u_10223,2024-04-30,cancel,Free,이탈위험
u_10224,2024-04-30,search_fail,Basic,기존
u_10226,2024-04-30,login,Basic,기존
u_10246,2024-04-30,payment,Pro,신규
u_10249,2024-04-30,payment,Free,신규
u_10250,2024-04-30,login,Basic,이탈위험
u_10253,2024-04-30,login,Free,기존
u_10259,2024-04-30,payment,Free,신규
u_10259,2024-04-30,login,Free,기존
u_10260,2024-04-30,payment,Basic,신규
u_10271,2024-04-30,login,Basic,기존
u_10283,2024-04-30,payment,Basic,신규
u_10286,2024-04-30,search_fail,Basic,기존
u_10290,2024-04-30,login,Free,기존
u_10291,2024-04-30,login,Pro,기존
u_10300,2024-04-30,login,Free,기존
u_10302,2024-04-30,login,Free,기존
u_10308,2024-04-30,payment,Free,신규
u_10310,2024-04-30,login,Basic,이탈위험
u_10312,2024-04-30,login,Free,기존
u_10315,2024-04-30,login,Basic,이탈위험
u_10316,2024-04-30,payment,Basic,신규
u_10319,2024-04-30,payment,Free,신규
u_10331,2024-04-30,payment,Basic,신규
u_10331,2024-04-30,login,Basic,신규
u_10335,2024-04-30,login,Free,신규
u_10343,2024-04-30,payment,Free,신규
u_10346,2024-04-30,login,Basic,신규
u_10351,2024-04-30,login,Free,신규
u_10363,2024-04-30,trial_start,Free,신규
u_10369,2024-04-30,login,Basic,신규
u_10370,2024-04-30,login,Free,신규
u_10379,2024-04-30,search_fail,Free,신규
u_10382,2024-04-30,login,Basic,신규
u_10386,2024-04-30,trial_start,Pro,신규
u_10386,2024-04-30,login,Pro,신규
u_10393,2024-04-30,trial_start,Basic,신규
u_10393,2024-04-30,login,Basic,이탈위험
u_10394,2024-04-30,login,Pro,신규
u_10395,2024-04-30,trial_start,Basic,신규
u_10400,2024-04-30,trial_start,Basic,신규
u_10404,2024-04-30,search_fail,Basic,이탈위험
u_10405,2024-04-30,login,Basic,신규
u_10407,2024-04-30,login,Pro,신규
u_10410,2024-04-30,login,Free,신규
u_10412,2024-04-30,trial_start,Pro,신규
u_10415,2024-04-30,payment,Basic,신규
u_10417,2024-04-30,trial_start,Free,신규
u_10424,2024-04-30,login,Pro,신규
u_10431,2024-04-30,search_fail,Pro,신규
u_10443,2024-04-30,signup,Free,신규
u_10445,2024-04-30,signup,Basic,신규
u_10448,2024-04-30,signup,Pro,신규
u_10451,2024-04-30,signup,Pro,신규
u_10460,2024-04-30,signup,Basic,신규
u_10463,2024-04-30,signup,Basic,신규
u_10464,2024-04-30,signup,Free,신규
u_10470,2024-04-30,signup,Free,신규
u_10472,2024-04-30,signup,Pro,신규
u_10475,2024-04-30,signup,Free,신규
u_10480,2024-04-30,signup,Basic,신규
u_10482,2024-04-30,signup,Basic,신규
u_10487,2024-04-30,signup,Pro,신규
u_10488,2024-04-30,signup,Basic,신규
u_10489,2024-04-30,signup,Free,신규
u_10493,2024-04-30,signup,Basic,신규
u_10495,2024-04-30,signup,Pro,신규
u_10499,2024-04-30,signup,Basic,신규
u_10501,2024-04-30,trial_start,Free,신규
u_10505,2024-04-30,signup,Free,신규
u_10514,2024-04-30,signup,Basic,신규
u_10515,2024-04-30,signup,Free,신규
u_10517,2024-04-30,signup,Basic,신규
u_10522,2024-04-30,signup,Pro,신규
u_10523,2024-04-30,signup,Free,신규
u_10526,2024-04-30,signup,Basic,신규
u_10527,2024-04-30,signup,Free,신규
u_10532,2024-04-30,signup,Free,신규
u_10537,2024-04-30,signup,Basic,신규
u_10546,2024-04-30,signup,Pro,신규
u_10552,2024-04-30,signup,Basic,신규
u_10556,2024-04-30,trial_start,Basic,신규
u_10560,2024-04-30,signup,Basic,신규
u_10008,2024-05-01,login,Pro,기존
u_10017,2024-05-01,login,Basic,기존
u_10033,2024-05-01,login,Free,기존
u_10037,2024-05-01,login,Free,기존
u_10046,2024-05-01,login,Free,기존
u_10056,2024-05-01,login,Free,기존
u_10063,2024-05-01,login,Free,기존
u_10068,2024-05-01,login,Basic,기존
u_10076,2024-05-01,search_fail,Free,기존
u_10088,2024-05-01,login,Basic,기존
u_10093,2024-05-01,login,Basic,기존
u_10105,2024-05-01,search_fail,Free,기존
u_10107,2024-05-01,cancel,Basic,이탈위험
u_10113,2024-05-01,login,Basic,기존
u_10114,2024-05-01,login,Free,기존
u_10120,2024-05-01,login,Free,기존
u_10131,2024-05-01,search_fail,Basic,기존
u_10144,2024-05-01,cancel,Basic,이탈위험
u_10152,2024-05-01,search_fail,Free,기존
u_10156,2024-05-01,login,Basic,기존
u_10158,2024-05-01,login,Basic,기존
u_10166,2024-05-01,login,Pro,기존
u_10167,2024-05-01,search_fail,Basic,기존
u_10173,2024-05-01,login,Pro,기존
u_10184,2024-05-01,login,Basic,기존
u_10185,2024-05-01,search_fail,Basic,기존
u_10187,2024-05-01,cancel,Basic,이탈위험
u_10188,2024-05-01,login,Basic,기존
u_10209,2024-05-01,cancel,Pro,이탈위험
u_10210,2024-05-01,login,Basic,기존
u_10239,2024-05-01,search_fail,Basic,기존
u_10248,2024-05-01,login,Basic,이탈위험
u_10249,2024-05-01,login,Free,기존
u_10251,2024-05-01,login,Basic,이탈위험
u_10258,2024-05-01,login,Basic,기존
u_10266,2024-05-01,payment,Basic,신규
u_10274,2024-05-01,login,Free,기존
u_10277,2024-05-01,login,Free,이탈위험
u_10282,2024-05-01,cancel,Free,이탈위험
u_10283,2024-05-01,login,Basic,기존
u_10294,2024-05-01,cancel,Free,이탈위험
u_10307,2024-05-01,login,Basic,기존
u_10311,2024-05-01,cancel,Free,이탈위험
u_10312,2024-05-01,search_fail,Free,기존
u_10321,2024-05-01,login,Free,기존
u_10337,2024-05-01,login,Free,신규
u_10338,2024-05-01,login,Free,신규
u_10340,2024-05-01,login,Basic,신규
u_10340,2024-05-01,search_fail,Basic,신규
u_10345,2024-05-01,login,Basic,신규
u_10348,2024-05-01,payment,Basic,신규
u_10361,2024-05-01,login,Pro,이탈위험
u_10364,2024-05-01,login,Basic,신규
u_10366,2024-05-01,search_fail,Basic,신규
u_10371,2024-05-01,payment,Basic,신규
u_10376,2024-05-01,login,Basic,신규
u_10380,2024-05-01,payment,Basic,신규
u_10383,2024-05-01,login,Basic,신규
u_10384,2024-05-01,payment,Basic,신규
u_10396,2024-05-01,payment,Basic,신규
u_10397,2024-05-01,search_fail,Basic,신규
u_10398,2024-05-01,payment,Free,신규
u_10398,2024-05-01,login,Free,신규
u_10401,2024-05-01,login,Pro,신규
u_10412,2024-05-01,login,Pro,이탈위험
u_10415,2024-05-01,login,Basic,신규
u_10418,2024-05-01,login,Pro,신규
u_10420,2024-05-01,payment,Basic,신규
u_10425,2024-05-01,trial_start,Free,신규
u_10434,2024-05-01,cancel,Free,이탈위험
u_10441,2024-05-01,login,Pro,신규
u_10442,2024-05-01,login,Basic,신규
u_10455,2024-05-01,signup,Free,신규
u_10456,2024-05-01,signup,Free,신규
u_10458,2024-05-01,signup,Free,신규
u_10462,2024-05-01,signup,Pro,신규
u_10466,2024-05-01,signup,Free,신규
u_10467,2024-05-01,signup,Pro,신규
u_10471,2024-05-01,trial_start,Basic,신규
u_10472,2024-05-01,trial_start,Pro,신규
u_10473,2024-05-01,signup,Basic,신규
u_10478,2024-05-01,signup,Free,신규
u_10481,2024-05-01,signup,Basic,신규
u_10485,2024-05-01,signup,Free,신규
u_10489,2024-05-01,trial_start,Free,신규
u_10490,2024-05-01,signup,Free,신규
u_10492,2024-05-01,signup,Pro,신규
u_10502,2024-05-01,signup,Pro,신규
u_10504,2024-05-01,signup,Free,신규
u_10506,2024-05-01,signup,Free,신규
u_10508,2024-05-01,signup,Pro,신규
u_10509,2024-05-01,signup,Free,신규
u_10513,2024-05-01,signup,Basic,신규
u_10518,2024-05-01,signup,Basic,신규
u_10522,2024-05-01,trial_start,Pro,신규
u_10525,2024-05-01,signup,Free,신규
u_10533,2024-05-01,signup,Free,신규
u_10534,2024-05-01,signup,Basic,신규
u_10535,2024-05-01,signup,Basic,신규
u_10543,2024-05-01,signup,Free,신규
u_10545,2024-05-01,signup,Free,신규
u_10550,2024-05-01,signup,Basic,신규
u_10551,2024-05-01,signup,Pro,신규
u_10555,2024-05-01,trial_start,Pro,신규
u_10557,2024-05-01,signup,Basic,신규
u_10561,2024-05-01,signup,Pro,신규
u_10002,2024-05-02,login,Basic,기존
u_10024,2024-05-02,login,Pro,기존
u_10027,2024-05-02,cancel,Basic,이탈위험
u_10034,2024-05-02,login,Basic,기존
u_10049,2024-05-02,login,Basic,기존
u_10051,2024-05-02,login,Pro,기존
u_10070,2024-05-02,login,Basic,기존
u_10081,2024-05-02,login,Pro,기존
u_10090,2024-05-02,login,Free,기존
u_10091,2024-05-02,login,Free,기존
u_10100,2024-05-02,login,Basic,기존
u_10101,2024-05-02,login,Pro,기존
u_10103,2024-05-02,login,Free,기존
u_10117,2024-05-02,cancel,Free,이탈위험
u_10122,2024-05-02,login,Free,기존
u_10123,2024-05-02,cancel,Free,이탈위험
u_10132,2024-05-02,cancel,Basic,이탈위험
u_10153,2024-05-02,login,Pro,기존
u_10168,2024-05-02,login,Pro,기존
u_10170,2024-05-02,login,Free,기존
u_10172,2024-05-02,cancel,Basic,이탈위험
u_10175,2024-05-02,cancel,Basic,이탈위험
u_10177,2024-05-02,cancel,Pro,이탈위험
u_10201,2024-05-02,login,Free,기존
u_10212,2024-05-02,login,Basic,이탈위험
u_10216,2024-05-02,cancel,Basic,이탈위험
u_10224,2024-05-02,login,Basic,기존
u_10233,2024-05-02,login,Basic,이탈위험
u_10235,2024-05-02,login,Basic,이탈위험
u_10237,2024-05-02,login,Basic,기존
u_10240,2024-05-02,login,Basic,기존
u_10241,2024-05-02,payment,Pro,신규
u_10243,2024-05-02,login,Basic,이탈위험
u_10245,2024-05-02,login,Free,기존
u_10252,2024-05-02,login,Free,기존
u_10254,2024-05-02,login,Free,기존
u_10259,2024-05-02,search_fail,Free,기존
u_10264,2024-05-02,login,Pro,기존
u_10279,2024-05-02,cancel,Basic,이탈위험
u_10280,2024-05-02,login,Free,이탈위험
u_10284,2024-05-02,login,Free,이탈위험
u_10286,2024-05-02,login,Basic,기존
u_10298,2024-05-02,login,Free,기존
u_10303,2024-05-02,search_fail,Basic,이탈위험
u_10304,2024-05-02,login,Free,기존
u_10317,2024-05-02,login,Pro,기존
u_10319,2024-05-02,cancel,Free,이탈위험
u_10350,2024-05-02,login,Basic,신규
u_10353,2024-05-02,payment,Basic,신규
u_10353,2024-05-02,login,Basic,신규
u_10356,2024-05-02,login,Basic,신규
u_10356,2024-05-02,search_fail,Basic,신규
u_10359,2024-05-02,payment,Pro,신규
u_10360,2024-05-02,login,Basic,이탈위험
u_10366,2024-05-02,login,Basic,신규
u_10382,2024-05-02,search_fail,Basic,신규
u_10389,2024-05-02,login,Basic,신규
u_10390,2024-05-02,login,Basic,신규
u_10399,2024-05-02,payment,Free,신규
u_10399,2024-05-02,login,Free,신규
u_10408,2024-05-02,login,Basic,신규
u_10410,2024-05-02,payment,Free,신규
u_10431,2024-05-02,login,Pro,신규
u_10435,2024-05-02,login,Free,신규
u_10444,2024-05-02,signup,Free,신규
u_10445,2024-05-02,trial_start,Basic,신규
u_10459,2024-05-02,signup,Free,신규
u_10465,2024-05-02,signup,Basic,신규
u_10466,2024-05-02,trial_start,Free,신규
u_10468,2024-05-02,signup,Basic,신규
u_10469,2024-05-02,signup,Free,신규
u_10473,2024-05-02,trial_start,Basic,신규
u_10477,2024-05-02,signup,Free,신규
u_10483,2024-05-02,signup,Basic,신규
u_10486,2024-05-02,signup,Basic,신규
u_10496,2024-05-02,signup,Basic,신규
u_10500,2024-05-02,signup,Free,신규
u_10503,2024-05-02,signup,Basic,신규
u_10505,2024-05-02,trial_start,Free,신규
u_10509,2024-05-02,trial_start,Free,신규
u_10512,2024-05-02,signup,Free,신규
u_10521,2024-05-02,signup,Basic,신규
u_10524,2024-05-02,trial_start,Pro,신규
u_10528,2024-05-02,signup,Basic,신규
u_10529,2024-05-02,trial_start,Free,신규
u_10536,2024-05-02,signup,Basic,신규
u_10550,2024-05-02,trial_start,Basic,신규
u_10553,2024-05-02,signup,Pro,신규
u_10559,2024-05-02,signup,Free,신규
u_10013,2024-05-03,login,Free,기존
u_10032,2024-05-03,cancel,Free,이탈위험
u_10035,2024-05-03,login,Basic,기존
u_10036,2024-05-03,login,Pro,기존
u_10050,2024-05-03,login,Free,기존
u_10055,2024-05-03,login,Basic,기존
u_10056,2024-05-03,search_fail,Free,기존
u_10079,2024-05-03,login,Free,기존
u_10087,2024-05-03,login,Free,기존
u_10104,2024-05-03,cancel,Free,이탈위험
u_10110,2024-05-03,login,Basic,기존
u_10119,2024-05-03,cancel,Free,이탈위험
u_10124,2024-05-03,login,Basic,기존
u_10129,2024-05-03,login,Free,기존
u_10130,2024-05-03,login,Basic,기존
u_10140,2024-05-03,login,Basic,기존
u_10162,2024-05-03,search_fail,Basic,기존
u_10169,2024-05-03,login,Free,기존
u_10185,2024-05-03,login,Basic,기존
u_10200,2024-05-03,login,Basic,기존
u_10208,2024-05-03,cancel,Basic,이탈위험
u_10213,2024-05-03,login,Basic,기존
u_10214,2024-05-03,login,Pro,기존
u_10215,2024-05-03,login,Free,기존
u_10218,2024-05-03,login,Free,기존
u_10225,2024-05-03,cancel,Basic,이탈위험
u_10236,2024-05-03,login,Free,이탈위험
u_10238,2024-05-03,login,Basic,기존
u_10240,2024-05-03,search_fail,Basic,기존
u_10261,2024-05-03,login,Free,기존
u_10268,2024-05-03,login,Basic,기존
u_10270,2024-05-03,cancel,Basic,이탈위험
u_10278,2024-05-03,login,Pro,기존
u_10285,2024-05-03,cancel,Free,이탈위험
u_10295,2024-05-03,login,Basic,기존
u_10296,2024-05-03,search_fail,Free,기존
u_10303,2024-05-03,login,Basic,이탈위험
u_10305,2024-05-03,login,Pro,기존
u_10306,2024-05-03,login,Basic,기존
u_10325,2024-05-03,cancel,Pro,이탈위험
u_10327,2024-05-03,login,Pro,신규
u_10332,2024-05-03,login,Free,신규
u_10339,2024-05-03,payment,Free,신규
u_10354,2024-05-03,login,Basic,신규
u_10355,2024-05-03,payment,Free,신규
u_10371,2024-05-03,cancel,Basic,이탈위험
u_10375,2024-05-03,payment,Free,신규
u_10378,2024-05-03,login,Free,이탈위험
u_10388,2024-05-03,login,Basic,신규
u_10395,2024-05-03,login,Basic,신규
u_10400,2024-05-03,login,Basic,신규
u_10406,2024-05-03,login,Basic,신규
u_10409,2024-05-03,login,Free,신규
u_10413,2024-05-03,login,Free,신규
u_10416,2024-05-03,login,Free,신규
u_10420,2024-05-03,login,Basic,신규
u_10425,2024-05-03,login,Free,신규
u_10426,2024-05-03,login,Free,신규
u_10430,2024-05-03,login,Pro,이탈위험
u_10436,2024-05-03,login,Basic,신규
u_10438,2024-05-03,payment,Pro,신규
u_10447,2024-05-03,signup,Free,신규
u_10452,2024-05-03,signup,Pro,신규
u_10453,2024-05-03,signup,Pro,신규
u_10460,2024-05-03,trial_start,Basic,신규
u_10461,2024-05-03,signup,Basic,신규
u_10469,2024-05-03,trial_start,Free,신규
u_10476,2024-05-03,signup,Pro,신규
u_10478,2024-05-03,trial_start,Free,신규
u_10479,2024-05-03,signup,Free,신규
u_10484,2024-05-03,signup,Basic,신규
u_10491,2024-05-03,signup,Free,신규
u_10494,2024-05-03,signup,Basic,신규
u_10495,2024-05-03,trial_start,Pro,신규
u_10498,2024-05-03,signup,Pro,신규
u_10502,2024-05-03,trial_start,Pro,신규
u_10507,2024-05-03,signup,Free,신규
u_10508,2024-05-03,trial_start,Pro,신규
u_10511,2024-05-03,signup,Free,신규
u_10516,2024-05-03,signup,Free,신규
u_10519,2024-05-03,signup,Basic,신규
u_10520,2024-05-03,signup,Free,신규
u_10531,2024-05-03,signup,Basic,신규
u_10533,2024-05-03,trial_start,Free,신규
u_10538,2024-05-03,signup,Pro,신규
u_10540,2024-05-03,signup,Free,신규
u_10541,2024-05-03,signup,Basic,신규
u_10544,2024-05-03,signup,Free,신규
u_10547,2024-05-03,signup,Free,신규
u_10548,2024-05-03,signup,Basic,신규
u_10558,2024-05-03,signup,Free,신규
u_10562,2024-05-03,signup,Pro,신규
u_10563,2024-05-03,signup,Basic,신규
u_10005,2024-05-04,login,Basic,이탈위험
u_10012,2024-05-04,login,Pro,기존
u_10016,2024-05-04,login,Free,기존
u_10022,2024-05-04,login,Free,기존
u_10023,2024-05-04,login,Pro,기존
u_10040,2024-05-04,login,Basic,기존
u_10043,2024-05-04,login,Basic,기존
u_10057,2024-05-04,login,Free,기존
u_10058,2024-05-04,login,Free,기존
u_10069,2024-05-04,login,Basic,기존
u_10074,2024-05-04,search_fail,Basic,기존
u_10076,2024-05-04,login,Free,기존
u_10142,2024-05-04,login,Free,기존
u_10179,2024-05-04,login,Basic,기존
u_10193,2024-05-04,login,Basic,기존
u_10194,2024-05-04,login,Free,기존
u_10198,2024-05-04,login,Free,기존
u_10204,2024-05-04,login,Basic,기존
u_10207,2024-05-04,login,Free,기존
u_10220,2024-05-04,login,Basic,이탈위험
u_10228,2024-05-04,login,Basic,기존
u_10229,2024-05-04,login,Basic,기존
u_10237,2024-05-04,search_fail,Basic,기존
u_10241,2024-05-04,login,Pro,기존
u_10256,2024-05-04,login,Pro,기존
u_10257,2024-05-04,login,Pro,기존
u_10263,2024-05-04,login,Basic,기존
u_10269,2024-05-04,login,Free,기존
u_10275,2024-05-04,login,Basic,기존
u_10287,2024-05-04,login,Free,기존
u_10288,2024-05-04,login,Basic,이탈위험
u_10292,2024-05-04,login,Pro,기존
u_10299,2024-05-04,login,Basic,기존
u_10301,2024-05-04,login,Pro,기존
u_10308,2024-05-04,login,Free,기존
u_10309,2024-05-04,login,Basic,기존
u_10313,2024-05-04,login,Pro,기존
u_10318,2024-05-04,login,Pro,기존
u_10320,2024-05-04,login,Basic,기존
u_10326,2024-05-04,login,Pro,신규
u_10329,2024-05-04,login,Free,신규
u_10330,2024-05-04,login,Basic,신규
u_10336,2024-05-04,payment,Basic,신규
u_10338,2024-05-04,payment,Free,신규
u_10348,2024-05-04,login,Basic,신규
u_10352,2024-05-04,login,Pro,신규
u_10357,2024-05-04,login,Free,신규
u_10363,2024-05-04,login,Free,신규
u_10364,2024-05-04,payment,Basic,신규
u_10368,2024-05-04,payment,Basic,신규
u_10377,2024-05-04,payment,Pro,신규
u_10381,2024-05-04,login,Free,신규
u_10391,2024-05-04,login,Basic,신규
u_10392,2024-05-04,search_fail,Basic,신규
u_10395,2024-05-04,payment,Basic,신규
u_10396,2024-05-04,login,Basic,신규
u_10408,2024-05-04,payment,Basic,신규
u_10417,2024-05-04,payment,Free,신규
u_10417,2024-05-04,login,Free,신규
u_10419,2024-05-04,login,Pro,신규
u_10432,2024-05-04,login,Pro,신규
u_10433,2024-05-04,login,Free,신규
u_10433,2024-05-04,search_fail,Free,신규
u_10436,2024-05-04,payment,Basic,신규
u_10438,2024-05-04,login,Pro,신규
u_10439,2024-05-04,payment,Free,신규
u_10441,2024-05-04,payment,Pro,신규
u_10443,2024-05-04,trial_start,Free,신규
u_10444,2024-05-04,trial_start,Free,신규
u_10451,2024-05-04,trial_start,Pro,신규
u_10468,2024-05-04,trial_start,Basic,신규
u_10477,2024-05-04,trial_start,Free,신규
u_10493,2024-05-04,trial_start,Basic,신규
u_10511,2024-05-04,trial_start,Free,신규
u_10525,2024-05-04,trial_start,Free,신규
u_10526,2024-05-04,trial_start,Basic,신규
u_10538,2024-05-04,trial_start,Pro,신규
u_10545,2024-05-04,trial_start,Free,신규
u_10549,2024-05-04,trial_start,Basic,신규
u_10563,2024-05-04,trial_start,Basic,신규
u_10004,2024-05-05,login,Basic,기존
u_10010,2024-05-05,login,Pro,기존
u_10011,2024-05-05,login,Free,기존
u_10015,2024-05-05,login,Free,기존
u_10021,2024-05-05,login,Free,기존
u_10037,2024-05-05,search_fail,Free,기존
u_10038,2024-05-05,login,Basic,기존
u_10044,2024-05-05,login,Basic,기존
u_10048,2024-05-05,login,Basic,기존
u_10066,2024-05-05,login,Pro,기존
u_10109,2024-05-05,login,Free,기존
u_10111,2024-05-05,search_fail,Free,기존
u_10112,2024-05-05,login,Basic,기존
u_10125,2024-05-05,search_fail,Pro,기존
u_10137,2024-05-05,login,Basic,기존
u_10145,2024-05-05,login,Free,이탈위험
u_10146,2024-05-05,login,Basic,기존
u_10148,2024-05-05,login,Free,기존
u_10151,2024-05-05,login,Basic,기존
u_10160,2024-05-05,login,Pro,기존
u_10161,2024-05-05,login,Free,기존
u_10163,2024-05-05,login,Free,기존
u_10181,2024-05-05,login,Basic,기존
u_10202,2024-05-05,login,Free,기존
u_10211,2024-05-05,login,Pro,기존
u_10219,2024-05-05,login,Basic,기존
u_10222,2024-05-05,login,Basic,기존
u_10232,2024-05-05,login,Basic,기존
u_10239,2024-05-05,login,Basic,기존
u_10262,2024-05-05,login,Basic,기존
u_10267,2024-05-05,login,Free,기존
u_10281,2024-05-05,login,Basic,기존
u_10293,2024-05-05,login,Pro,기존
u_10296,2024-05-05,login,Free,기존
u_10322,2024-05-05,login,Free,기존
u_10327,2024-05-05,payment,Pro,신규
u_10330,2024-05-05,payment,Basic,신규
u_10334,2024-05-05,login,Basic,신규
u_10339,2024-05-05,login,Free,신규
u_10342,2024-05-05,login,Free,신규
u_10343,2024-05-05,search_fail,Free,신규
u_10349,2024-05-05,login,Free,신규
u_10358,2024-05-05,login,Free,신규
u_10359,2024-05-05,login,Pro,신규
u_10365,2024-05-05,login,Pro,신규
u_10367,2024-05-05,login,Free,신규
u_10373,2024-05-05,login,Basic,신규
u_10377,2024-05-05,login,Pro,신규
u_10379,2024-05-05,login,Free,신규
u_10387,2024-05-05,login,Free,신규
u_10402,2024-05-05,login,Free,신규
u_10411,2024-05-05,login,Basic,신규
u_10421,2024-05-05,login,Basic,신규
u_10428,2024-05-05,login,Free,신규
u_10429,2024-05-05,login,Basic,이탈위험
u_10430,2024-05-05,payment,Pro,신규
u_10437,2024-05-05,login,Free,이탈위험
u_10448,2024-05-05,trial_start,Pro,신규
u_10455,2024-05-05,trial_start,Free,신규
u_10480,2024-05-05,trial_start,Basic,신규
u_10491,2024-05-05,trial_start,Free,신규
u_10512,2024-05-05,trial_start,Free,신규
u_10527,2024-05-05,trial_start,Free,신규
u_10537,2024-05-05,trial_start,Basic,신규
u_10540,2024-05-05,trial_start,Free,신규
u_10558,2024-05-05,trial_start,Free,신규
u_10559,2024-05-05,trial_start,Free,신규
u_10562,2024-05-05,trial_start,Pro,신규
u_10010,2024-05-06,login,Pro,기존
u_10022,2024-05-06,login,Free,기존
u_10023,2024-05-06,login,Pro,기존
u_10034,2024-05-06,login,Basic,기존
u_10035,2024-05-06,search_fail,Basic,기존
u_10036,2024-05-06,login,Pro,기존
u_10038,2024-05-06,login,Basic,기존
u_10040,2024-05-06,login,Basic,기존
u_10046,2024-05-06,login,Free,기존
u_10056,2024-05-06,login,Free,기존
u_10059,2024-05-06,login,Pro,기존
u_10090,2024-05-06,login,Free,기존
u_10101,2024-05-06,login,Pro,기존
u_10105,2024-05-06,login,Free,기존
u_10112,2024-05-06,login,Basic,기존
u_10118,2024-05-06,login,Basic,기존
u_10124,2024-05-06,search_fail,Basic,기존
u_10128,2024-05-06,login,Basic,기존
u_10129,2024-05-06,login,Free,기존
u_10136,2024-05-06,login,Basic,기존
u_10160,2024-05-06,login,Pro,기존
u_10168,2024-05-06,login,Pro,기존
u_10173,2024-05-06,login,Pro,기존
u_10176,2024-05-06,login,Free,기존
u_10176,2024-05-06,search_fail,Free,기존
u_10197,2024-05-06,login,Pro,기존
u_10198,2024-05-06,login,Free,기존
u_10210,2024-05-06,login,Basic,기존
u_10212,2024-05-06,cancel,Basic,이탈위험
u_10214,2024-05-06,login,Pro,기존
u_10215,2024-05-06,login,Free,기존
u_10218,2024-05-06,login,Free,기존
u_10235,2024-05-06,cancel,Basic,이탈위험
u_10237,2024-05-06,login,Basic,기존
u_10250,2024-05-06,cancel,Basic,이탈위험
u_10255,2024-05-06,login,Basic,기존
u_10261,2024-05-06,login,Free,기존
u_10276,2024-05-06,login,Basic,기존
u_10277,2024-05-06,cancel,Free,이탈위험
u_10286,2024-05-06,login,Basic,이탈위험
u_10288,2024-05-06,cancel,Basic,이탈위험
u_10299,2024-05-06,login,Basic,기존
u_10310,2024-05-06,cancel,Basic,이탈위험
u_10312,2024-05-06,search_fail,Free,기존
u_10329,2024-05-06,login,Free,이탈위험
u_10337,2024-05-06,search_fail,Free,이탈위험
u_10340,2024-05-06,login,Basic,기존
u_10342,2024-05-06,search_fail,Free,기존
u_10344,2024-05-06,login,Free,이탈위험
u_10345,2024-05-06,payment,Basic,신규
u_10360,2024-05-06,cancel,Basic,이탈위험
u_10362,2024-05-06,login,Basic,기존
u_10375,2024-05-06,login,Free,기존
u_10391,2024-05-06,login,Basic,기존
u_10392,2024-05-06,login,Basic,기존
u_10396,2024-05-06,search_fail,Basic,기존
u_10397,2024-05-06,login,Basic,이탈위험
u_10400,2024-05-06,payment,Basic,신규
u_10400,2024-05-06,login,Basic,기존
u_10405,2024-05-06,payment,Basic,신규
u_10405,2024-05-06,login,Basic,기존
u_10411,2024-05-06,login,Basic,기존
u_10414,2024-05-06,cancel,Basic,이탈위험
u_10415,2024-05-06,login,Basic,기존
u_10416,2024-05-06,login,Free,기존
u_10417,2024-05-06,login,Free,기존
u_10422,2024-05-06,login,Free,기존
u_10423,2024-05-06,payment,Free,신규
u_10426,2024-05-06,login,Free,기존
u_10428,2024-05-06,search_fail,Free,기존
u_10448,2024-05-06,login,Pro,신규
u_10451,2024-05-06,payment,Pro,신규
u_10455,2024-05-06,login,Free,신규
u_10457,2024-05-06,login,Free,신규
u_10459,2024-05-06,trial_start,Free,신규
u_10461,2024-05-06,login,Basic,신규
u_10471,2024-05-06,login,Basic,신규
u_10474,2024-05-06,login,Free,신규
u_10479,2024-05-06,trial_start,Free,신규
u_10480,2024-05-06,login,Basic,신규
u_10496,2024-05-06,trial_start,Basic,신규
u_10501,2024-05-06,login,Free,신규
u_10503,2024-05-06,trial_start,Basic,신규
u_10512,2024-05-06,login,Free,신규
u_10517,2024-05-06,login,Basic,신규
u_10522,2024-05-06,login,Pro,신규
u_10525,2024-05-06,login,Free,신규
u_10526,2024-05-06,login,Basic,신규
u_10528,2024-05-06,login,Basic,신규
u_10534,2024-05-06,trial_start,Basic,신규
u_10543,2024-05-06,trial_start,Free,신규
u_10543,2024-05-06,login,Free,신규
u_10544,2024-05-06,login,Free,신규
u_10548,2024-05-06,trial_start,Basic,신규
u_10549,2024-05-06,payment,Basic,신규
u_10551,2024-05-06,cancel,Pro,이탈위험
u_10560,2024-05-06,login,Basic,신규
u_10565,2024-05-06,signup,Basic,신규
u_10579,2024-05-06,signup,Basic,신규
u_10583,2024-05-06,signup,Free,신규
u_10586,2024-05-06,signup,Basic,신규
u_10590,2024-05-06,signup,Free,신규
u_10593,2024-05-06,signup,Free,신규
u_10603,2024-05-06,signup,Free,신규
u_10606,2024-05-06,signup,Free,신규
u_10612,2024-05-06,signup,Free,신규
u_10617,2024-05-06,signup,Pro,신규
u_10620,2024-05-06,signup,Pro,신규
u_10627,2024-05-06,signup,Basic,신규
u_10628,2024-05-06,signup,Pro,신규
u_10632,2024-05-06,signup,Basic,신규
u_10634,2024-05-06,signup,Free,신규
u_10635,2024-05-06,signup,Free,신규
u_10639,2024-05-06,signup,Basic,신규
u_10641,2024-05-06,signup,Free,신규
u_10655,2024-05-06,signup,Basic,신규
u_10656,2024-05-06,signup,Basic,신규
u_10662,2024-05-06,signup,Free,신규
u_10667,2024-05-06,signup,Basic,신규
u_10670,2024-05-06,signup,Basic,신규
u_10004,2024-05-07,login,Basic,기존
u_10013,2024-05-07,login,Free,기존
u_10021,2024-05-07,login,Free,기존
u_10051,2024-05-07,login,Pro,기존
u_10057,2024-05-07,login,Free,기존
u_10066,2024-05-07,login,Pro,기존
u_10068,2024-05-07,login,Basic,기존
u_10069,2024-05-07,login,Basic,기존
u_10076,2024-05-07,login,Free,기존
u_10110,2024-05-07,login,Basic,기존
u_10140,2024-05-07,login,Basic,기존
u_10145,2024-05-07,cancel,Free,이탈위험
u_10146,2024-05-07,login,Basic,기존
u_10152,2024-05-07,login,Free,기존
u_10158,2024-05-07,login,Basic,기존
u_10163,2024-05-07,login,Free,기존
u_10179,2024-05-07,login,Basic,기존
u_10188,2024-05-07,login,Basic,기존
u_10199,2024-05-07,login,Pro,기존
u_10202,2024-05-07,login,Free,기존
u_10203,2024-05-07,login,Basic,기존
u_10211,2024-05-07,login,Pro,기존
u_10213,2024-05-07,login,Basic,기존
u_10220,2024-05-07,cancel,Basic,이탈위험
u_10236,2024-05-07,cancel,Free,이탈위험
u_10246,2024-05-07,login,Pro,기존
u_10259,2024-05-07,login,Free,기존
u_10262,2024-05-07,login,Basic,기존
u_10264,2024-05-07,login,Pro,기존
u_10280,2024-05-07,cancel,Free,이탈위험
u_10291,2024-05-07,login,Pro,기존
u_10303,2024-05-07,cancel,Basic,이탈위험
u_10346,2024-05-07,login,Basic,이탈위험
u_10352,2024-05-07,search_fail,Pro,기존
u_10353,2024-05-07,login,Basic,기존
u_10359,2024-05-07,login,Pro,기존
u_10374,2024-05-07,cancel,Basic,이탈위험
u_10381,2024-05-07,login,Free,기존
u_10387,2024-05-07,login,Free,이탈위험
u_10393,2024-05-07,cancel,Basic,이탈위험
u_10399,2024-05-07,login,Free,기존
u_10406,2024-05-07,login,Basic,기존
u_10419,2024-05-07,login,Pro,이탈위험
u_10430,2024-05-07,cancel,Pro,이탈위험
u_10450,2024-05-07,login,Free,신규
u_10460,2024-05-07,payment,Basic,신규
u_10462,2024-05-07,login,Pro,신규
u_10473,2024-05-07,login,Basic,신규
u_10478,2024-05-07,login,Free,신규
u_10481,2024-05-07,login,Basic,신규
u_10485,2024-05-07,login,Free,신규
u_10486,2024-05-07,login,Basic,신규
u_10489,2024-05-07,login,Free,신규
u_10498,2024-05-07,login,Pro,신규
u_10504,2024-05-07,login,Free,신규
u_10505,2024-05-07,login,Free,신규
u_10507,2024-05-07,login,Free,신규
u_10509,2024-05-07,payment,Free,신규
u_10520,2024-05-07,login,Free,신규
u_10520,2024-05-07,search_fail,Free,신규
u_10531,2024-05-07,login,Basic,신규
u_10546,2024-05-07,login,Pro,신규
u_10554,2024-05-07,login,Free,신규
u_10562,2024-05-07,login,Pro,신규
u_10569,2024-05-07,signup,Basic,신규
u_10573,2024-05-07,signup,Free,신규
u_10576,2024-05-07,signup,Free,신규
u_10578,2024-05-07,signup,Basic,신규
u_10580,2024-05-07,signup,Basic,신규
u_10582,2024-05-07,signup,Basic,신규
u_10597,2024-05-07,signup,Basic,신규
u_10602,2024-05-07,signup,Free,신규
u_10607,2024-05-07,signup,Free,신규
u_10609,2024-05-07,signup,Basic,신규
u_10611,2024-05-07,signup,Free,신규
u_10613,2024-05-07,signup,Basic,신규
u_10621,2024-05-07,signup,Basic,신규
u_10626,2024-05-07,signup,Free,신규
u_10628,2024-05-07,trial_start,Pro,신규
u_10636,2024-05-07,signup,Basic,신규
u_10637,2024-05-07,signup,Free,신규
u_10642,2024-05-07,signup,Pro,신규
u_10652,2024-05-07,signup,Basic,신규
u_10653,2024-05-07,signup,Pro,신규
u_10654,2024-05-07,signup,Basic,신규
u_10655,2024-05-07,trial_start,Basic,신규
u_10663,2024-05-07,signup,Free,신규
u_10677,2024-05-07,signup,Basic,신규
u_10678,2024-05-07,signup,Basic,신규
u_10002,2024-05-08,login,Basic,기존
u_10011,2024-05-08,login,Free,기존
u_10028,2024-05-08,login,Free,기존
u_10039,2024-05-08,login,Free,기존
u_10062,2024-05-08,login,Free,기존
u_10070,2024-05-08,login,Basic,기존
u_10087,2024-05-08,login,Free,기존
u_10091,2024-05-08,login,Free,기존
u_10097,2024-05-08,login,Basic,기존
u_10115,2024-05-08,login,Free,기존
u_10127,2024-05-08,login,Free,기존
u_10135,2024-05-08,login,Basic,기존
u_10151,2024-05-08,login,Basic,이탈위험
u_10157,2024-05-08,login,Pro,기존
u_10162,2024-05-08,login,Basic,기존
u_10170,2024-05-08,login,Free,기존
u_10183,2024-05-08,login,Free,기존
u_10184,2024-05-08,login,Basic,기존
u_10190,2024-05-08,cancel,Basic,이탈위험
u_10222,2024-05-08,search_fail,Basic,기존
u_10228,2024-05-08,login,Basic,기존
u_10238,2024-05-08,login,Basic,기존
u_10245,2024-05-08,login,Free,기존
u_10248,2024-05-08,cancel,Basic,이탈위험
u_10249,2024-05-08,login,Free,기존
u_10251,2024-05-08,cancel,Basic,이탈위험
u_10252,2024-05-08,login,Free,기존
u_10254,2024-05-08,login,Free,기존
u_10284,2024-05-08,cancel,Free,이탈위험
u_10289,2024-05-08,cancel,Free,이탈위험
u_10306,2024-05-08,login,Basic,기존
u_10306,2024-05-08,search_fail,Basic,기존
u_10317,2024-05-08,login,Pro,기존
u_10322,2024-05-08,login,Free,기존
u_10328,2024-05-08,login,Free,기존
u_10333,2024-05-08,cancel,Basic,이탈위험
u_10364,2024-05-08,login,Basic,이탈위험
u_10368,2024-05-08,login,Basic,이탈위험
u_10377,2024-05-08,login,Pro,기존
u_10379,2024-05-08,login,Free,기존
u_10382,2024-05-08,search_fail,Basic,이탈위험
u_10393,2024-05-08,payment,Basic,신규
u_10403,2024-05-08,search_fail,Basic,기존
u_10404,2024-05-08,cancel,Basic,이탈위험
u_10407,2024-05-08,search_fail,Pro,이탈위험
u_10420,2024-05-08,login,Basic,기존
u_10421,2024-05-08,login,Basic,기존
u_10421,2024-05-08,search_fail,Basic,기존
u_10427,2024-05-08,search_fail,Free,기존
u_10433,2024-05-08,login,Free,기존
u_10444,2024-05-08,login,Free,신규
u_10447,2024-05-08,trial_start,Free,신규
u_10447,2024-05-08,login,Free,신규
u_10452,2024-05-08,login,Pro,신규
u_10459,2024-05-08,login,Free,신규
u_10464,2024-05-08,login,Free,신규
u_10484,2024-05-08,login,Basic,신규
u_10489,2024-05-08,payment,Free,신규
u_10490,2024-05-08,login,Free,신규
u_10493,2024-05-08,login,Basic,신규
u_10495,2024-05-08,payment,Pro,신규
u_10496,2024-05-08,login,Basic,신규
u_10500,2024-05-08,login,Free,신규
u_10503,2024-05-08,login,Basic,신규
u_10516,2024-05-08,trial_start,Free,신규
u_10524,2024-05-08,payment,Pro,신규
u_10527,2024-05-08,login,Free,신규
u_10530,2024-05-08,login,Pro,신규
u_10531,2024-05-08,trial_start,Basic,신규
u_10536,2024-05-08,login,Basic,신규
u_10537,2024-05-08,login,Basic,신규
u_10542,2024-05-08,cancel,Free,이탈위험
u_10547,2024-05-08,login,Free,신규
u_10549,2024-05-08,login,Basic,신규
u_10558,2024-05-08,login,Free,신규
u_10567,2024-05-08,signup,Basic,신규
u_10573,2024-05-08,trial_start,Free,신규
u_10574,2024-05-08,signup,Basic,신규
u_10577,2024-05-08,signup,Free,신규
u_10592,2024-05-08,signup,Free,신규
u_10594,2024-05-08,signup,Pro,신규
u_10596,2024-05-08,signup,Pro,신규
u_10601,2024-05-08,signup,Pro,신규
u_10604,2024-05-08,signup,Pro,신규
u_10608,2024-05-08,signup,Basic,신규
u_10614,2024-05-08,signup,Basic,신규
u_10615,2024-05-08,signup,Free,신규
u_10622,2024-05-08,signup,Pro,신규
u_10623,2024-05-08,signup,Basic,신규
u_10629,2024-05-08,signup,Free,신규
u_10644,2024-05-08,signup,Basic,신규
u_10645,2024-05-08,signup,Basic,신규
u_10647,2024-05-08,signup,Basic,신규
u_10649,2024-05-08,signup,Free,신규
u_10651,2024-05-08,signup,Free,신규
u_10664,2024-05-08,signup,Free,신규
u_10665,2024-05-08,signup,Free,신규
u_10670,2024-05-08,trial_start,Basic,신규
u_10673,2024-05-08,signup,Basic,신규
u_10675,2024-05-08,signup,Free,신규
u_10008,2024-05-09,login,Pro,기존
u_10033,2024-05-09,login,Free,기존
u_10044,2024-05-09,login,Basic,기존
u_10055,2024-05-09,login,Basic,기존
u_10063,2024-05-09,login,Free,기존
u_10071,2024-05-09,cancel,Free,이탈위험
u_10081,2024-05-09,login,Pro,기존
u_10088,2024-05-09,login,Basic,기존
u_10103,2024-05-09,login,Free,기존
u_10131,2024-05-09,login,Basic,기존
u_10131,2024-05-09,search_fail,Basic,기존
u_10149,2024-05-09,login,Free,기존
u_10167,2024-05-09,login,Basic,기존
u_10195,2024-05-09,login,Free,복귀
u_10195,2024-05-09,payment,Free,복귀
u_10201,2024-05-09,login,Free,기존
u_10207,2024-05-09,login,Free,기존
u_10230,2024-05-09,login,Basic,기존
u_10265,2024-05-09,login,Free,기존
u_10268,2024-05-09,login,Basic,기존
u_10274,2024-05-09,login,Free,기존
u_10275,2024-05-09,login,Basic,기존
u_10278,2024-05-09,search_fail,Pro,기존
u_10283,2024-05-09,login,Basic,기존
u_10297,2024-05-09,login,Free,기존
u_10298,2024-05-09,login,Free,기존
u_10300,2024-05-09,login,Free,기존
u_10301,2024-05-09,login,Pro,기존
u_10315,2024-05-09,cancel,Basic,이탈위험
u_10323,2024-05-09,login,Basic,기존
u_10361,2024-05-09,cancel,Pro,이탈위험
u_10363,2024-05-09,payment,Free,신규
u_10365,2024-05-09,login,Pro,기존
u_10366,2024-05-09,login,Basic,기존
u_10367,2024-05-09,login,Free,기존
u_10372,2024-05-09,login,Basic,이탈위험
u_10378,2024-05-09,cancel,Free,이탈위험
u_10401,2024-05-09,login,Pro,기존
u_10403,2024-05-09,login,Basic,기존
u_10408,2024-05-09,login,Basic,기존
u_10412,2024-05-09,cancel,Pro,이탈위험
u_10413,2024-05-09,login,Free,이탈위험
u_10420,2024-05-09,search_fail,Basic,기존
u_10424,2024-05-09,login,Pro,이탈위험
u_10425,2024-05-09,payment,Free,신규
u_10436,2024-05-09,login,Basic,기존
u_10441,2024-05-09,login,Pro,기존
u_10442,2024-05-09,login,Basic,기존
u_10446,2024-05-09,login,Free,이탈위험
u_10451,2024-05-09,login,Pro,신규
u_10458,2024-05-09,login,Free,신규
u_10465,2024-05-09,login,Basic,신규
u_10466,2024-05-09,login,Free,신규
u_10499,2024-05-09,search_fail,Basic,신규
u_10503,2024-05-09,payment,Basic,신규
u_10509,2024-05-09,login,Free,신규
u_10513,2024-05-09,login,Basic,신규
u_10513,2024-05-09,search_fail,Basic,신규
u_10514,2024-05-09,login,Basic,신규
u_10524,2024-05-09,login,Pro,신규
u_10526,2024-05-09,payment,Basic,신규
u_10533,2024-05-09,payment,Free,신규
u_10533,2024-05-09,login,Free,신규
u_10536,2024-05-09,search_fail,Basic,신규
u_10539,2024-05-09,cancel,Free,이탈위험
u_10540,2024-05-09,login,Free,신규
u_10556,2024-05-09,login,Basic,이탈위험
u_10563,2024-05-09,login,Basic,신규
u_10564,2024-05-09,signup,Basic,신규
u_10568,2024-05-09,signup,Basic,신규
u_10570,2024-05-09,signup,Pro,신규
u_10571,2024-05-09,signup,Basic,신규
u_10584,2024-05-09,signup,Free,신규
u_10585,2024-05-09,signup,Basic,신규
u_10587,2024-05-09,signup,Basic,신규
u_10591,2024-05-09,signup,Basic,신규
u_10595,2024-05-09,signup,Free,신규
u_10603,2024-05-09,trial_start,Free,신규
u_10605,2024-05-09,signup,Pro,신규
u_10610,2024-05-09,signup,Free,신규
u_10617,2024-05-09,trial_start,Pro,신규
u_10619,2024-05-09,signup,Basic,신규
u_10621,2024-05-09,trial_start,Basic,신규
u_10624,2024-05-09,signup,Free,신규
u_10625,2024-05-09,signup,Free,신규
u_10631,2024-05-09,signup,Basic,신규
u_10637,2024-05-09,trial_start,Free,신규
u_10643,2024-05-09,signup,Basic,신규
u_10646,2024-05-09,signup,Basic,신규
u_10648,2024-05-09,signup,Free,신규
u_10649,2024-05-09,trial_start,Free,신규
u_10650,2024-05-09,signup,Basic,신규
u_10656,2024-05-09,trial_start,Basic,신규
u_10659,2024-05-09,signup,Free,신규
u_10661,2024-05-09,signup,Basic,신규
u_10669,2024-05-09,signup,Free,신규
u_10671,2024-05-09,signup,Basic,신규
u_10672,2024-05-09,signup,Basic,신규
u_10676,2024-05-09,signup,Pro,신규
u_10005,2024-05-10,cancel,Basic,이탈위험
u_10012,2024-05-10,login,Pro,기존
u_10015,2024-05-10,login,Free,기존
u_10024,2024-05-10,login,Pro,기존
u_10026,2024-05-10,login,Pro,기존
u_10035,2024-05-10,login,Basic,기존
u_10037,2024-05-10,login,Free,기존
u_10048,2024-05-10,login,Basic,기존
u_10049,2024-05-10,login,Basic,기존
u_10050,2024-05-10,login,Free,기존
u_10053,2024-05-10,login,Basic,기존
u_10065,2024-05-10,login,Free,기존
u_10075,2024-05-10,login,Free,기존
u_10080,2024-05-10,login,Free,기존
u_10081,2024-05-10,search_fail,Pro,기존
u_10092,2024-05-10,login,Pro,기존
u_10102,2024-05-10,login,Basic,기존
u_10106,2024-05-10,login,Basic,기존
u_10125,2024-05-10,login,Pro,이탈위험
u_10134,2024-05-10,login,Pro,기존
u_10147,2024-05-10,login,Free,기존
u_10156,2024-05-10,login,Basic,기존
u_10164,2024-05-10,login,Basic,기존
u_10169,2024-05-10,login,Free,기존
u_10181,2024-05-10,login,Basic,기존
u_10185,2024-05-10,login,Basic,기존
u_10194,2024-05-10,login,Free,기존
u_10217,2024-05-10,cancel,Free,이탈위험
u_10232,2024-05-10,login,Basic,기존
u_10233,2024-05-10,cancel,Basic,이탈위험
u_10238,2024-05-10,search_fail,Basic,기존
u_10243,2024-05-10,cancel,Basic,이탈위험
u_10265,2024-05-10,search_fail,Free,기존
u_10266,2024-05-10,login,Basic,기존
u_10267,2024-05-10,search_fail,Free,기존
u_10272,2024-05-10,cancel,Basic,이탈위험
u_10281,2024-05-10,login,Basic,기존
u_10287,2024-05-10,login,Free,기존
u_10290,2024-05-10,login,Free,기존
u_10292,2024-05-10,login,Pro,기존
u_10295,2024-05-10,login,Basic,기존
u_10307,2024-05-10,login,Basic,기존
u_10316,2024-05-10,login,Basic,기존
u_10321,2024-05-10,login,Free,기존
u_10330,2024-05-10,login,Basic,기존
u_10332,2024-05-10,login,Free,기존
u_10341,2024-05-10,login,Pro,이탈위험
u_10349,2024-05-10,search_fail,Free,기존
u_10373,2024-05-10,login,Basic,기존
u_10382,2024-05-10,login,Basic,이탈위험
u_10384,2024-05-10,login,Basic,기존
u_10385,2024-05-10,login,Free,기존
u_10395,2024-05-10,login,Basic,기존
u_10396,2024-05-10,login,Basic,기존
u_10402,2024-05-10,login,Free,기존
u_10410,2024-05-10,login,Free,기존
u_10429,2024-05-10,cancel,Basic,이탈위험
u_10432,2024-05-10,login,Pro,기존
u_10437,2024-05-10,cancel,Free,이탈위험
u_10438,2024-05-10,login,Pro,기존
u_10439,2024-05-10,login,Free,기존
u_10445,2024-05-10,login,Basic,신규
u_10446,2024-05-10,search_fail,Free,이탈위험
u_10448,2024-05-10,payment,Pro,신규
u_10449,2024-05-10,search_fail,Basic,신규
u_10454,2024-05-10,cancel,Basic,이탈위험
u_10463,2024-05-10,search_fail,Basic,이탈위험
u_10467,2024-05-10,login,Pro,신규
u_10469,2024-05-10,login,Free,신규
u_10470,2024-05-10,cancel,Free,이탈위험
u_10487,2024-05-10,login,Pro,신규
u_10495,2024-05-10,login,Pro,신규
u_10506,2024-05-10,login,Free,이탈위험
u_10518,2024-05-10,cancel,Basic,이탈위험
u_10519,2024-05-10,cancel,Basic,이탈위험
u_10521,2024-05-10,login,Basic,신규
u_10523,2024-05-10,login,Free,신규
u_10529,2024-05-10,login,Free,신규
u_10535,2024-05-10,login,Basic,신규
u_10563,2024-05-10,payment,Basic,신규
u_10564,2024-05-10,trial_start,Basic,신규
u_10566,2024-05-10,signup,Free,신규
u_10569,2024-05-10,trial_start,Basic,신규
u_10571,2024-05-10,trial_start,Basic,신규
u_10572,2024-05-10,signup,Basic,신규
u_10575,2024-05-10,signup,Free,신규
u_10580,2024-05-10,trial_start,Basic,신규
u_10581,2024-05-10,signup,Free,신규
u_10585,2024-05-10,trial_start,Basic,신규
u_10588,2024-05-10,signup,Free,신규
u_10589,2024-05-10,signup,Basic,신규
u_10594,2024-05-10,trial_start,Pro,신규
u_10598,2024-05-10,signup,Free,신규
u_10599,2024-05-10,signup,Basic,신규
u_10600,2024-05-10,signup,Free,신규
u_10609,2024-05-10,trial_start,Basic,신규
u_10616,2024-05-10,signup,Free,신규
u_10618,2024-05-10,signup,Free,신규
u_10623,2024-05-10,trial_start,Basic,신규
u_10630,2024-05-10,signup,Basic,신규
u_10633,2024-05-10,signup,Free,신규
u_10636,2024-05-10,trial_start,Basic,신규
u_10638,2024-05-10,signup,Basic,신규
u_10639,2024-05-10,trial_start,Basic,신규
u_10640,2024-05-10,signup,Basic,신규
u_10652,2024-05-10,trial_start,Basic,신규
u_10657,2024-05-10,signup,Free,신규
u_10658,2024-05-10,signup,Basic,신규
u_10660,2024-05-10,signup,Free,신규
u_10662,2024-05-10,trial_start,Free,신규
u_10666,2024-05-10,signup,Basic,신규
u_10668,2024-05-10,signup,Basic,신규
u_10674,2024-05-10,signup,Pro,신규
u_10007,2024-05-11,login,Free,기존
u_10017,2024-05-11,login,Basic,기존
u_10043,2024-05-11,login,Basic,기존
u_10045,2024-05-11,login,Free,기존
u_10072,2024-05-11,login,Free,기존
u_10109,2024-05-11,login,Free,기존
u_10111,2024-05-11,login,Free,기존
u_10124,2024-05-11,login,Basic,기존
u_10137,2024-05-11,login,Basic,기존
u_10142,2024-05-11,login,Free,기존
u_10153,2024-05-11,login,Pro,기존
u_10161,2024-05-11,login,Free,기존
u_10180,2024-05-11,login,Basic,기존
u_10193,2024-05-11,login,Basic,기존
u_10221,2024-05-11,login,Free,기존
u_10239,2024-05-11,login,Basic,기존
u_10242,2024-05-11,login,Free,기존
u_10256,2024-05-11,login,Pro,기존
u_10262,2024-05-11,search_fail,Basic,기존
u_10263,2024-05-11,login,Basic,기존
u_10292,2024-05-11,search_fail,Pro,기존
u_10293,2024-05-11,search_fail,Pro,기존
u_10296,2024-05-11,login,Free,기존
u_10304,2024-05-11,login,Free,이탈위험
u_10305,2024-05-11,login,Pro,기존
u_10312,2024-05-11,login,Free,기존
u_10320,2024-05-11,login,Basic,기존
u_10334,2024-05-11,login,Basic,기존
u_10343,2024-05-11,search_fail,Free,기존
u_10345,2024-05-11,login,Basic,기존
u_10346,2024-05-11,search_fail,Basic,이탈위험
u_10347,2024-05-11,login,Pro,이탈위험
u_10349,2024-05-11,login,Free,기존
u_10350,2024-05-11,login,Basic,기존
u_10357,2024-05-11,login,Free,이탈위험
u_10358,2024-05-11,search_fail,Free,기존
u_10380,2024-05-11,login,Basic,기존
u_10386,2024-05-11,login,Pro,기존
u_10398,2024-05-11,login,Free,이탈위험
u_10407,2024-05-11,login,Pro,이탈위험
u_10425,2024-05-11,login,Free,기존
u_10427,2024-05-11,login,Free,기존
u_10435,2024-05-11,search_fail,Free,이탈위험
u_10440,2024-05-11,login,Pro,기존
u_10440,2024-05-11,search_fail,Pro,기존
u_10443,2024-05-11,login,Free,이탈위험
u_10460,2024-05-11,login,Basic,이탈위험
u_10462,2024-05-11,search_fail,Pro,신규
u_10466,2024-05-11,payment,Free,신규
u_10472,2024-05-11,login,Pro,신규
u_10474,2024-05-11,search_fail,Free,신규
u_10479,2024-05-11,payment,Free,신규
u_10488,2024-05-11,search_fail,Basic,신규
u_10506,2024-05-11,search_fail,Free,이탈위험
u_10508,2024-05-11,login,Pro,신규
u_10510,2024-05-11,login,Free,신규
u_10511,2024-05-11,payment,Free,신규
u_10527,2024-05-11,payment,Free,신규
u_10543,2024-05-11,payment,Free,신규
u_10545,2024-05-11,payment,Free,신규
u_10545,2024-05-11,login,Free,신규
u_10548,2024-05-11,login,Basic,신규
u_10559,2024-05-11,login,Free,신규
u_10566,2024-05-11,trial_start,Free,신규
u_10572,2024-05-11,trial_start,Basic,신규
u_10574,2024-05-11,trial_start,Basic,신규
u_10576,2024-05-11,trial_start,Free,신규
u_10581,2024-05-11,trial_start,Free,신규
u_10583,2024-05-11,trial_start,Free,신규
u_10590,2024-05-11,trial_start,Free,신규
u_10605,2024-05-11,trial_start,Pro,신규
u_10629,2024-05-11,trial_start,Free,신규
u_10630,2024-05-11,trial_start,Basic,신규
u_10631,2024-05-11,trial_start,Basic,신규
u_10632,2024-05-11,trial_start,Basic,신규
u_10665,2024-05-11,trial_start,Free,신규
u_10016,2024-05-12,login,Free,기존
u_10055,2024-05-12,search_fail,Basic,기존
u_10058,2024-05-12,login,Free,기존
u_10079,2024-05-12,login,Free,기존
u_10079,2024-05-12,search_fail,Free,기존
u_10095,2024-05-12,login,Free,기존
u_10100,2024-05-12,login,Basic,기존
u_10113,2024-05-12,login,Basic,기존
u_10114,2024-05-12,login,Free,기존
u_10120,2024-05-12,login,Free,기존
u_10122,2024-05-12,login,Free,기존
u_10139,2024-05-12,login,Free,기존
u_10148,2024-05-12,login,Free,기존
u_10166,2024-05-12,login,Pro,기존
u_10200,2024-05-12,login,Basic,기존
u_10211,2024-05-12,search_fail,Pro,기존
u_10219,2024-05-12,login,Basic,기존
u_10222,2024-05-12,login,Basic,기존
u_10224,2024-05-12,login,Basic,기존
u_10226,2024-05-12,login,Basic,기존
u_10239,2024-05-12,search_fail,Basic,기존
u_10253,2024-05-12,login,Free,기존
u_10257,2024-05-12,login,Pro,기존
u_10258,2024-05-12,login,Basic,기존
u_10267,2024-05-12,login,Free,기존
u_10271,2024-05-12,login,Basic,이탈위험
u_10275,2024-05-12,search_fail,Basic,기존
u_10297,2024-05-12,search_fail,Free,기존
u_10302,2024-05-12,login,Free,기존
u_10302,2024-05-12,search_fail,Free,기존
u_10318,2024-05-12,login,Pro,기존
u_10326,2024-05-12,login,Pro,기존
u_10327,2024-05-12,login,Pro,기존
u_10331,2024-05-12,login,Basic,이탈위험
u_10335,2024-05-12,login,Free,이탈위험
u_10336,2024-05-12,login,Basic,기존
u_10342,2024-05-12,login,Free,기존
u_10343,2024-05-12,login,Free,기존
u_10348,2024-05-12,login,Basic,기존
u_10351,2024-05-12,login,Free,기존
u_10354,2024-05-12,login,Basic,이탈위험
u_10355,2024-05-12,login,Free,기존
u_10358,2024-05-12,login,Free,기존
u_10363,2024-05-12,login,Free,기존
u_10369,2024-05-12,login,Basic,이탈위험
u_10376,2024-05-12,login,Basic,기존
u_10383,2024-05-12,login,Basic,기존
u_10387,2024-05-12,search_fail,Free,이탈위험
u_10388,2024-05-12,login,Basic,기존
u_10390,2024-05-12,login,Basic,기존
u_10394,2024-05-12,login,Pro,이탈위험
u_10409,2024-05-12,login,Free,기존
u_10418,2024-05-12,login,Pro,이탈위험
u_10423,2024-05-12,login,Free,기존
u_10428,2024-05-12,login,Free,기존
u_10449,2024-05-12,login,Basic,신규
u_10453,2024-05-12,login,Pro,신규
u_10456,2024-05-12,login,Free,이탈위험
u_10464,2024-05-12,search_fail,Free,신규
u_10468,2024-05-12,payment,Basic,신규
u_10468,2024-05-12,login,Basic,신규
u_10476,2024-05-12,login,Pro,신규
u_10479,2024-05-12,login,Free,신규
u_10488,2024-05-12,login,Basic,신규
u_10492,2024-05-12,login,Pro,신규
u_10497,2024-05-12,login,Free,이탈위험
u_10501,2024-05-12,payment,Free,신규
u_10502,2024-05-12,login,Pro,신규
u_10505,2024-05-12,payment,Free,신규
u_10511,2024-05-12,login,Free,신규
u_10515,2024-05-12,login,Free,신규
u_10516,2024-05-12,login,Free,신규
u_10534,2024-05-12,login,Basic,신규
u_10538,2024-05-12,login,Pro,신규
u_10541,2024-05-12,login,Basic,신규
u_10552,2024-05-12,login,Basic,신규
u_10588,2024-05-12,trial_start,Free,신규
u_10595,2024-05-12,trial_start,Free,신규
u_10663,2024-05-12,trial_start,Free,신규
u_10670,2024-05-12,payment,Basic,신규
u_10676,2024-05-12,trial_start,Pro,신규
u_10677,2024-05-12,trial_start,Basic,신규
u_10021,2024-05-13,login,Free,기존
u_10035,2024-05-13,login,Basic,기존
u_10063,2024-05-13,login,Free,기존
u_10088,2024-05-13,search_fail,Basic,기존
u_10097,2024-05-13,login,Basic,기존
u_10101,2024-05-13,login,Pro,기존
u_10124,2024-05-13,login,Basic,기존
u_10135,2024-05-13,login,Basic,기존
u_10139,2024-05-13,login,Free,기존
u_10147,2024-05-13,login,Free,기존
u_10148,2024-05-13,login,Free,기존
u_10158,2024-05-13,login,Basic,기존
u_10160,2024-05-13,login,Pro,기존
u_10203,2024-05-13,login,Basic,기존
u_10242,2024-05-13,login,Free,기존
u_10246,2024-05-13,login,Pro,기존
u_10269,2024-05-13,login,Free,기존
u_10271,2024-05-13,cancel,Basic,이탈위험
u_10283,2024-05-13,search_fail,Basic,기존
u_10290,2024-05-13,login,Free,기존
u_10295,2024-05-13,login,Basic,기존
u_10307,2024-05-13,login,Basic,기존
u_10312,2024-05-13,login,Free,기존
u_10313,2024-05-13,login,Pro,기존
u_10317,2024-05-13,login,Pro,기존
u_10338,2024-05-13,login,Free,기존
u_10357,2024-05-13,cancel,Free,이탈위험
u_10383,2024-05-13,login,Basic,기존
u_10385,2024-05-13,login,Free,기존
u_10388,2024-05-13,login,Basic,기존
u_10394,2024-05-13,cancel,Pro,이탈위험
u_10397,2024-05-13,cancel,Basic,이탈위험
u_10401,2024-05-13,login,Pro,기존
u_10407,2024-05-13,cancel,Pro,이탈위험
u_10409,2024-05-13,login,Free,기존
u_10413,2024-05-13,cancel,Free,이탈위험
u_10418,2024-05-13,cancel,Pro,이탈위험
u_10436,2024-05-13,login,Basic,기존
u_10460,2024-05-13,cancel,Basic,이탈위험
u_10469,2024-05-13,login,Free,기존
u_10489,2024-05-13,login,Free,기존
u_10496,2024-05-13,payment,Basic,신규
u_10505,2024-05-13,search_fail,Free,기존
u_10506,2024-05-13,cancel,Free,이탈위험
u_10508,2024-05-13,login,Pro,기존
u_10509,2024-05-13,login,Free,기존
u_10512,2024-05-13,login,Free,기존
u_10515,2024-05-13,login,Free,이탈위험
u_10529,2024-05-13,login,Free,기존
u_10530,2024-05-13,login,Pro,기존
u_10538,2024-05-13,payment,Pro,신규
u_10538,2024-05-13,login,Pro,기존
u_10554,2024-05-13,login,Free,기존
u_10562,2024-05-13,payment,Pro,신규
u_10566,2024-05-13,login,Free,신규
u_10573,2024-05-13,login,Free,신규
u_10574,2024-05-13,login,Basic,신규
u_10575,2024-05-13,login,Free,신규
u_10583,2024-05-13,payment,Free,신규
u_10587,2024-05-13,login,Basic,신규
u_10596,2024-05-13,login,Pro,신규
u_10598,2024-05-13,login,Free,신규
u_10598,2024-05-13,search_fail,Free,신규
u_10608,2024-05-13,trial_start,Basic,신규
u_10613,2024-05-13,login,Basic,신규
u_10617,2024-05-13,login,Pro,신규
u_10619,2024-05-13,trial_start,Basic,신규
u_10621,2024-05-13,login,Basic,신규
u_10622,2024-05-13,trial_start,Pro,신규
u_10627,2024-05-13,login,Basic,신규
u_10629,2024-05-13,login,Free,신규
u_10632,2024-05-13,login,Basic,신규
u_10634,2024-05-13,login,Free,신규
u_10642,2024-05-13,login,Pro,신규
u_10643,2024-05-13,trial_start,Basic,신규
u_10644,2024-05-13,login,Basic,신규
u_10653,2024-05-13,login,Pro,신규
u_10657,2024-05-13,trial_start,Free,신규
u_10664,2024-05-13,login,Free,신규
u_10665,2024-05-13,login,Free,신규
u_10675,2024-05-13,search_fail,Free,신규
u_10676,2024-05-13,login,Pro,신규
u_10677,2024-05-13,login,Basic,신규
u_10703,2024-05-13,signup,Free,신규
u_10705,2024-05-13,signup,Free,신규
u_10713,2024-05-13,signup,Free,신규
u_10721,2024-05-13,signup,Pro,신규
u_10724,2024-05-13,signup,Pro,신규
u_10726,2024-05-13,signup,Free,신규
u_10728,2024-05-13,signup,Basic,신규
u_10730,2024-05-13,signup,Free,신규
u_10739,2024-05-13,signup,Pro,신규
u_10747,2024-05-13,signup,Pro,신규
u_10750,2024-05-13,signup,Free,신규
u_10763,2024-05-13,signup,Pro,신규
u_10769,2024-05-13,signup,Basic,신규
u_10780,2024-05-13,signup,Basic,신규
u_10002,2024-05-14,search_fail,Basic,기존
u_10012,2024-05-14,login,Pro,기존
u_10017,2024-05-14,login,Basic,기존
u_10022,2024-05-14,login,Free,기존
u_10038,2024-05-14,login,Basic,기존
u_10039,2024-05-14,login,Free,기존
u_10048,2024-05-14,login,Basic,기존
u_10069,2024-05-14,login,Basic,기존
u_10087,2024-05-14,login,Free,기존
u_10095,2024-05-14,login,Free,기존
u_10103,2024-05-14,login,Free,기존
u_10111,2024-05-14,login,Free,기존
u_10129,2024-05-14,login,Free,기존
u_10136,2024-05-14,login,Basic,기존
u_10138,2024-05-14,login,Pro,기존
u_10140,2024-05-14,login,Basic,이탈위험
u_10149,2024-05-14,login,Free,기존
u_10157,2024-05-14,search_fail,Pro,기존
u_10164,2024-05-14,login,Basic,기존
u_10201,2024-05-14,login,Free,기존
u_10224,2024-05-14,login,Basic,기존
u_10226,2024-05-14,login,Basic,이탈위험
u_10238,2024-05-14,login,Basic,기존
u_10266,2024-05-14,search_fail,Basic,기존
u_10274,2024-05-14,login,Free,기존
u_10276,2024-05-14,search_fail,Basic,기존
u_10281,2024-05-14,login,Basic,기존
u_10300,2024-05-14,login,Free,기존
u_10306,2024-05-14,login,Basic,기존
u_10309,2024-05-14,login,Basic,기존
u_10322,2024-05-14,login,Free,기존
u_10323,2024-05-14,login,Basic,기존
u_10329,2024-05-14,cancel,Free,이탈위험
u_10340,2024-05-14,login,Basic,기존
u_10341,2024-05-14,cancel,Pro,이탈위험
u_10344,2024-05-14,cancel,Free,이탈위험
u_10346,2024-05-14,cancel,Basic,이탈위험
u_10353,2024-05-14,login,Basic,기존
u_10365,2024-05-14,login,Pro,기존
u_10369,2024-05-14,cancel,Basic,이탈위험
u_10379,2024-05-14,login,Free,기존
u_10402,2024-05-14,login,Free,기존
u_10405,2024-05-14,login,Basic,기존
u_10424,2024-05-14,cancel,Pro,이탈위험
u_10426,2024-05-14,login,Free,기존
u_10442,2024-05-14,search_fail,Basic,기존
u_10446,2024-05-14,cancel,Free,이탈위험
u_10447,2024-05-14,payment,Free,신규
u_10475,2024-05-14,cancel,Free,이탈위험
u_10478,2024-05-14,login,Free,기존
u_10480,2024-05-14,login,Basic,이탈위험
u_10487,2024-05-14,login,Pro,기존
u_10491,2024-05-14,payment,Free,신규
u_10495,2024-05-14,login,Pro,기존
u_10497,2024-05-14,cancel,Free,이탈위험
u_10498,2024-05-14,search_fail,Pro,기존
u_10502,2024-05-14,payment,Pro,신규
u_10503,2024-05-14,login,Basic,기존
u_10505,2024-05-14,login,Free,기존
u_10512,2024-05-14,payment,Free,신규
u_10515,2024-05-14,search_fail,Free,이탈위험
u_10520,2024-05-14,login,Free,이탈위험
u_10535,2024-05-14,login,Basic,기존
u_10540,2024-05-14,payment,Free,신규
u_10540,2024-05-14,login,Free,기존
u_10547,2024-05-14,login,Free,이탈위험
u_10548,2024-05-14,search_fail,Basic,이탈위험
u_10561,2024-05-14,login,Pro,이탈위험
u_10564,2024-05-14,login,Basic,신규
u_10574,2024-05-14,payment,Basic,신규
u_10580,2024-05-14,payment,Basic,신규
u_10580,2024-05-14,login,Basic,신규
u_10587,2024-05-14,trial_start,Basic,신규
u_10619,2024-05-14,login,Basic,신규
u_10621,2024-05-14,payment,Basic,신규
u_10622,2024-05-14,login,Pro,신규
u_10624,2024-05-14,login,Free,신규
u_10629,2024-05-14,payment,Free,신규
u_10636,2024-05-14,payment,Basic,신규
u_10649,2024-05-14,search_fail,Free,신규
u_10654,2024-05-14,login,Basic,신규
u_10655,2024-05-14,login,Basic,신규
u_10657,2024-05-14,login,Free,신규
u_10659,2024-05-14,search_fail,Free,신규
u_10663,2024-05-14,login,Free,신규
u_10672,2024-05-14,trial_start,Basic,신규
u_10679,2024-05-14,signup,Free,신규
u_10681,2024-05-14,signup,Free,신규
u_10682,2024-05-14,signup,Free,신규
u_10693,2024-05-14,signup,Basic,신규
u_10696,2024-05-14,signup,Basic,신규
u_10701,2024-05-14,signup,Free,신규
u_10706,2024-05-14,signup,Basic,신규
u_10709,2024-05-14,signup,Free,신규
u_10710,2024-05-14,signup,Free,신규
u_10715,2024-05-14,signup,Basic,신규
u_10738,2024-05-14,signup,Basic,신규
u_10739,2024-05-14,trial_start,Pro,신규
u_10741,2024-05-14,signup,Basic,신규
u_10745,2024-05-14,signup,Free,신규
u_10749,2024-05-14,signup,Pro,신규
u_10758,2024-05-14,signup,Basic,신규
u_10761,2024-05-14,signup,Free,신규
u_10762,2024-05-14,signup,Basic,신규
u_10765,2024-05-14,signup,Basic,신규
u_10766,2024-05-14,signup,Basic,신규
u_10767,2024-05-14,signup,Free,신규
u_10769,2024-05-14,trial_start,Basic,신규
u_10771,2024-05-14,signup,Pro,신규
u_10775,2024-05-14,signup,Free,신규
u_10777,2024-05-14,signup,Basic,신규
u_10779,2024-05-14,signup,Basic,신규
u_10781,2024-05-14,signup,Basic,신규
u_10008,2024-05-15,login,Pro,기존
u_10023,2024-05-15,login,Pro,기존
u_10037,2024-05-15,login,Free,기존
u_10043,2024-05-15,login,Basic,기존
u_10046,2024-05-15,login,Free,기존
u_10049,2024-05-15,login,Basic,기존
u_10051,2024-05-15,login,Pro,기존
u_10056,2024-05-15,login,Free,기존
u_10065,2024-05-15,login,Free,기존
u_10076,2024-05-15,login,Free,기존
u_10102,2024-05-15,login,Basic,기존
u_10110,2024-05-15,login,Basic,기존
u_10120,2024-05-15,login,Free,기존
u_10127,2024-05-15,login,Free,기존
u_10134,2024-05-15,login,Pro,기존
u_10151,2024-05-15,cancel,Basic,이탈위험
u_10153,2024-05-15,login,Pro,기존
u_10180,2024-05-15,login,Basic,기존
u_10194,2024-05-15,login,Free,기존
u_10198,2024-05-15,login,Free,기존
u_10215,2024-05-15,login,Free,기존
u_10222,2024-05-15,login,Basic,기존
u_10228,2024-05-15,login,Basic,기존
u_10230,2024-05-15,login,Basic,기존
u_10240,2024-05-15,search_fail,Basic,기존
u_10261,2024-05-15,login,Free,기존
u_10286,2024-05-15,cancel,Basic,이탈위험
u_10299,2024-05-15,login,Basic,기존
u_10318,2024-05-15,login,Pro,기존
u_10321,2024-05-15,login,Free,기존
u_10322,2024-05-15,search_fail,Free,기존
u_10331,2024-05-15,cancel,Basic,이탈위험
u_10332,2024-05-15,login,Free,기존
u_10337,2024-05-15,cancel,Free,이탈위험
u_10339,2024-05-15,cancel,Free,이탈위험
u_10347,2024-05-15,cancel,Pro,이탈위험
u_10358,2024-05-15,login,Free,기존
u_10367,2024-05-15,login,Free,기존
u_10368,2024-05-15,cancel,Basic,이탈위험
u_10370,2024-05-15,login,Free,기존
u_10375,2024-05-15,login,Free,기존
u_10390,2024-05-15,login,Basic,기존
u_10391,2024-05-15,login,Basic,기존
u_10403,2024-05-15,login,Basic,기존
u_10406,2024-05-15,login,Basic,기존
u_10408,2024-05-15,login,Basic,기존
u_10431,2024-05-15,search_fail,Pro,기존
u_10435,2024-05-15,cancel,Free,이탈위험
u_10444,2024-05-15,payment,Free,신규
u_10451,2024-05-15,login,Pro,기존
u_10457,2024-05-15,login,Free,기존
u_10459,2024-05-15,payment,Free,신규
u_10481,2024-05-15,login,Basic,기존
u_10493,2024-05-15,login,Basic,기존
u_10500,2024-05-15,search_fail,Free,기존
u_10501,2024-05-15,search_fail,Free,기존
u_10507,2024-05-15,login,Free,기존
u_10510,2024-05-15,login,Free,기존
u_10548,2024-05-15,login,Basic,이탈위험
u_10555,2024-05-15,login,Pro,기존
u_10557,2024-05-15,login,Basic,기존
u_10558,2024-05-15,payment,Free,신규
u_10562,2024-05-15,login,Pro,기존
u_10572,2024-05-15,search_fail,Basic,신규
u_10576,2024-05-15,login,Free,신규
u_10584,2024-05-15,login,Free,신규
u_10588,2024-05-15,login,Free,신규
u_10594,2024-05-15,cancel,Pro,이탈위험
u_10597,2024-05-15,login,Basic,신규
u_10600,2024-05-15,trial_start,Free,신규
u_10601,2024-05-15,login,Pro,이탈위험
u_10602,2024-05-15,login,Free,신규
u_10602,2024-05-15,search_fail,Free,신규
u_10611,2024-05-15,login,Free,신규
u_10616,2024-05-15,trial_start,Free,신규
u_10616,2024-05-15,login,Free,신규
u_10617,2024-05-15,payment,Pro,신규
u_10618,2024-05-15,login,Free,신규
u_10619,2024-05-15,payment,Basic,신규
u_10623,2024-05-15,login,Basic,신규
u_10660,2024-05-15,login,Free,신규
u_10668,2024-05-15,login,Basic,신규
u_10674,2024-05-15,login,Pro,신규
u_10677,2024-05-15,payment,Basic,신규
u_10682,2024-05-15,trial_start,Free,신규
u_10686,2024-05-15,signup,Free,신규
u_10689,2024-05-15,signup,Basic,신규
u_10692,2024-05-15,signup,Basic,신규
u_10702,2024-05-15,signup,Basic,신규
u_10717,2024-05-15,signup,Basic,신규
u_10719,2024-05-15,signup,Pro,신규
u_10720,2024-05-15,signup,Basic,신규
u_10723,2024-05-15,signup,Free,신규
u_10735,2024-05-15,signup,Free,신규
u_10736,2024-05-15,signup,Basic,신규
u_10737,2024-05-15,signup,Free,신규
u_10744,2024-05-15,signup,Basic,신규
u_10753,2024-05-15,signup,Free,신규
u_10756,2024-05-15,signup,Pro,신규
u_10761,2024-05-15,trial_start,Free,신규
u_10772,2024-05-15,signup,Basic,신규
u_10774,2024-05-15,signup,Basic,신규
u_10776,2024-05-15,signup,Basic,신규
u_10778,2024-05-15,signup,Basic,신규
u_10784,2024-05-15,signup,Basic,신규
u_10787,2024-05-15,signup,Basic,신규
u_10015,2024-05-16,login,Free,기존
u_10016,2024-05-16,login,Free,기존
u_10036,2024-05-16,login,Pro,기존
u_10057,2024-05-16,login,Free,이탈위험
u_10061,2024-05-16,login,Free,기존
u_10066,2024-05-16,login,Pro,기존
u_10070,2024-05-16,login,Basic,기존
u_10092,2024-05-16,login,Pro,기존
u_10111,2024-05-16,search_fail,Free,기존
u_10112,2024-05-16,login,Basic,기존
u_10124,2024-05-16,search_fail,Basic,기존
u_10125,2024-05-16,cancel,Pro,이탈위험
u_10128,2024-05-16,login,Basic,기존
u_10161,2024-05-16,login,Free,기존
u_10166,2024-05-16,login,Pro,기존
u_10184,2024-05-16,login,Basic,기존
u_10191,2024-05-16,cancel,Basic,이탈위험
u_10200,2024-05-16,login,Basic,기존
u_10207,2024-05-16,login,Free,기존
u_10214,2024-05-16,login,Pro,기존
u_10218,2024-05-16,login,Free,기존
u_10232,2024-05-16,search_fail,Basic,기존
u_10249,2024-05-16,login,Free,기존
u_10259,2024-05-16,login,Free,기존
u_10265,2024-05-16,login,Free,기존
u_10266,2024-05-16,login,Basic,기존
u_10267,2024-05-16,login,Free,기존
u_10275,2024-05-16,search_fail,Basic,이탈위험
u_10287,2024-05-16,login,Free,기존
u_10291,2024-05-16,login,Pro,기존
u_10304,2024-05-16,cancel,Free,이탈위험
u_10308,2024-05-16,search_fail,Free,기존
u_10313,2024-05-16,search_fail,Pro,기존
u_10324,2024-05-16,login,Free,이탈위험
u_10327,2024-05-16,login,Pro,기존
u_10335,2024-05-16,cancel,Free,이탈위험
u_10354,2024-05-16,cancel,Basic,이탈위험
u_10355,2024-05-16,login,Free,기존
u_10358,2024-05-16,search_fail,Free,기존
u_10364,2024-05-16,cancel,Basic,이탈위험
u_10382,2024-05-16,cancel,Basic,이탈위험
u_10386,2024-05-16,login,Pro,기존
u_10387,2024-05-16,cancel,Free,이탈위험
u_10396,2024-05-16,login,Basic,기존
u_10398,2024-05-16,cancel,Free,이탈위험
u_10399,2024-05-16,login,Free,기존
u_10416,2024-05-16,login,Free,기존
u_10422,2024-05-16,login,Free,기존
u_10425,2024-05-16,login,Free,기존
u_10427,2024-05-16,login,Free,이탈위험
u_10432,2024-05-16,login,Pro,기존
u_10447,2024-05-16,login,Free,기존
u_10452,2024-05-16,login,Pro,기존
u_10455,2024-05-16,login,Free,기존
u_10471,2024-05-16,login,Basic,기존
u_10483,2024-05-16,login,Basic,기존
u_10485,2024-05-16,login,Free,기존
u_10488,2024-05-16,login,Basic,이탈위험
u_10489,2024-05-16,search_fail,Free,기존
u_10490,2024-05-16,login,Free,기존
u_10492,2024-05-16,login,Pro,기존
u_10494,2024-05-16,login,Basic,기존
u_10514,2024-05-16,login,Basic,기존
u_10533,2024-05-16,login,Free,이탈위험
u_10546,2024-05-16,login,Pro,기존
u_10552,2024-05-16,login,Basic,기존
u_10565,2024-05-16,login,Basic,신규
u_10570,2024-05-16,login,Pro,신규
u_10571,2024-05-16,login,Basic,신규
u_10577,2024-05-16,login,Free,신규
u_10581,2024-05-16,login,Free,신규
u_10585,2024-05-16,payment,Basic,신규
u_10591,2024-05-16,login,Basic,이탈위험
u_10592,2024-05-16,login,Free,신규
u_10593,2024-05-16,login,Free,신규
u_10600,2024-05-16,login,Free,신규
u_10603,2024-05-16,login,Free,신규
u_10605,2024-05-16,login,Pro,신규
u_10608,2024-05-16,login,Basic,신규
u_10609,2024-05-16,payment,Basic,신규
u_10609,2024-05-16,login,Basic,신규
u_10611,2024-05-16,search_fail,Free,신규
u_10614,2024-05-16,search_fail,Basic,신규
u_10630,2024-05-16,login,Basic,신규
u_10631,2024-05-16,login,Basic,신규
u_10637,2024-05-16,payment,Free,신규
u_10637,2024-05-16,login,Free,신규
u_10640,2024-05-16,cancel,Basic,이탈위험
u_10647,2024-05-16,login,Basic,신규
u_10650,2024-05-16,login,Basic,신규
u_10666,2024-05-16,login,Basic,이탈위험
u_10672,2024-05-16,cancel,Basic,이탈위험
u_10683,2024-05-16,signup,Free,신규
u_10685,2024-05-16,signup,Free,신규
u_10691,2024-05-16,signup,Basic,신규
u_10698,2024-05-16,signup,Basic,신규
u_10708,2024-05-16,signup,Basic,신규
u_10711,2024-05-16,signup,Basic,신규
u_10719,2024-05-16,trial_start,Pro,신규
u_10723,2024-05-16,trial_start,Free,신규
u_10724,2024-05-16,trial_start,Pro,신규
u_10725,2024-05-16,signup,Free,신규
u_10727,2024-05-16,signup,Free,신규
u_10729,2024-05-16,signup,Free,신규
u_10731,2024-05-16,signup,Free,신규
u_10734,2024-05-16,signup,Pro,신규
u_10740,2024-05-16,signup,Pro,신규
u_10746,2024-05-16,signup,Free,신규
u_10748,2024-05-16,signup,Free,신규
u_10752,2024-05-16,signup,Basic,신규
u_10757,2024-05-16,signup,Free,신규
u_10759,2024-05-16,signup,Free,신규
u_10764,2024-05-16,signup,Basic,신규
u_10768,2024-05-16,signup,Basic,신규
u_10771,2024-05-16,trial_start,Pro,신규
u_10772,2024-05-16,trial_start,Basic,신규
u_10779,2024-05-16,trial_start,Basic,신규
u_10780,2024-05-16,trial_start,Basic,신규
u_10781,2024-05-16,trial_start,Basic,신규
u_10782,2024-05-16,signup,Basic,신규
u_10785,2024-05-16,signup,Pro,신규
u_10004,2024-05-17,login,Basic,기존
u_10011,2024-05-17,login,Free,기존
u_10026,2024-05-17,login,Pro,기존
u_10034,2024-05-17,login,Basic,기존
u_10045,2024-05-17,login,Free,기존
u_10046,2024-05-17,search_fail,Free,기존
u_10050,2024-05-17,login,Free,기존
u_10051,2024-05-17,search_fail,Pro,기존
u_10060,2024-05-17,login,Free,기존
u_10075,2024-05-17,login,Free,기존
u_10079,2024-05-17,login,Free,기존
u_10081,2024-05-17,login,Pro,기존
u_10090,2024-05-17,login,Free,기존
u_10093,2024-05-17,login,Basic,기존
u_10109,2024-05-17,login,Free,기존
u_10118,2024-05-17,login,Basic,기존
u_10130,2024-05-17,login,Basic,기존
u_10137,2024-05-17,login,Basic,기존
u_10142,2024-05-17,login,Free,기존
u_10152,2024-05-17,login,Free,기존
u_10170,2024-05-17,login,Free,기존
u_10181,2024-05-17,login,Basic,기존
u_10183,2024-05-17,login,Free,기존
u_10213,2024-05-17,login,Basic,기존
u_10229,2024-05-17,login,Basic,기존
u_10232,2024-05-17,login,Basic,기존
u_10238,2024-05-17,search_fail,Basic,기존
u_10239,2024-05-17,login,Basic,기존
u_10241,2024-05-17,login,Pro,기존
u_10255,2024-05-17,login,Basic,기존
u_10258,2024-05-17,login,Basic,기존
u_10264,2024-05-17,login,Pro,기존
u_10268,2024-05-17,login,Basic,기존
u_10283,2024-05-17,login,Basic,기존
u_10302,2024-05-17,login,Free,기존
u_10305,2024-05-17,login,Pro,기존
u_10316,2024-05-17,login,Basic,기존
u_10328,2024-05-17,login,Free,기존
u_10330,2024-05-17,login,Basic,기존
u_10362,2024-05-17,login,Basic,기존
u_10372,2024-05-17,cancel,Basic,이탈위험
u_10373,2024-05-17,login,Basic,기존
u_10380,2024-05-17,login,Basic,기존
u_10381,2024-05-17,login,Free,기존
u_10419,2024-05-17,cancel,Pro,이탈위험
u_10433,2024-05-17,search_fail,Free,기존
u_10440,2024-05-17,login,Pro,기존
u_10443,2024-05-17,cancel,Free,이탈위험
u_10445,2024-05-17,login,Basic,기존
u_10450,2024-05-17,login,Free,이탈위험
u_10456,2024-05-17,cancel,Free,이탈위험
u_10462,2024-05-17,login,Pro,기존
u_10463,2024-05-17,cancel,Basic,이탈위험
u_10464,2024-05-17,search_fail,Free,기존
u_10465,2024-05-17,login,Basic,기존
u_10467,2024-05-17,login,Pro,이탈위험
u_10467,2024-05-17,search_fail,Pro,이탈위험
u_10473,2024-05-17,login,Basic,기존
u_10474,2024-05-17,login,Free,이탈위험
u_10477,2024-05-17,login,Free,기존
u_10484,2024-05-17,login,Basic,기존
u_10486,2024-05-17,login,Basic,이탈위험
u_10491,2024-05-17,login,Free,기존
u_10496,2024-05-17,login,Basic,기존
u_10498,2024-05-17,login,Pro,기존
u_10502,2024-05-17,login,Pro,기존
u_10511,2024-05-17,login,Free,기존
u_10513,2024-05-17,login,Basic,기존
u_10517,2024-05-17,login,Basic,기존
u_10522,2024-05-17,login,Pro,기존
u_10525,2024-05-17,login,Free,기존
u_10526,2024-05-17,login,Basic,기존
u_10531,2024-05-17,login,Basic,기존
u_10534,2024-05-17,login,Basic,기존
u_10536,2024-05-17,search_fail,Basic,기존
u_10537,2024-05-17,login,Basic,기존
u_10549,2024-05-17,login,Basic,기존
u_10556,2024-05-17,cancel,Basic,이탈위험
u_10563,2024-05-17,login,Basic,이탈위험
u_10567,2024-05-17,login,Basic,신규
u_10569,2024-05-17,login,Basic,신규
u_10582,2024-05-17,cancel,Basic,이탈위험
u_10588,2024-05-17,payment,Free,신규
u_10594,2024-05-17,payment,Pro,신규
u_10612,2024-05-17,login,Free,신규
u_10626,2024-05-17,login,Free,신규
u_10635,2024-05-17,login,Free,신규
u_10648,2024-05-17,login,Free,이탈위험
u_10651,2024-05-17,login,Free,신규
u_10655,2024-05-17,payment,Basic,신규
u_10661,2024-05-17,cancel,Basic,이탈위험
u_10662,2024-05-17,login,Free,신규
u_10669,2024-05-17,search_fail,Free,이탈위험
u_10670,2024-05-17,login,Basic,신규
u_10680,2024-05-17,signup,Free,신규
u_10684,2024-05-17,signup,Free,신규
u_10687,2024-05-17,signup,Basic,신규
u_10688,2024-05-17,signup,Free,신규
u_10690,2024-05-17,signup,Basic,신규
u_10694,2024-05-17,signup,Free,신규
u_10695,2024-05-17,signup,Basic,신규
u_10697,2024-05-17,signup,Free,신규
u_10699,2024-05-17,signup,Basic,신규
u_10700,2024-05-17,signup,Basic,신규
u_10701,2024-05-17,trial_start,Free,신규
u_10702,2024-05-17,trial_start,Basic,신규
u_10704,2024-05-17,signup,Basic,신규
u_10705,2024-05-17,trial_start,Free,신규
u_10707,2024-05-17,signup,Free,신규
u_10712,2024-05-17,signup,Basic,신규
u_10714,2024-05-17,signup,Free,신규
u_10715,2024-05-17,trial_start,Basic,신규
u_10716,2024-05-17,signup,Basic,신규
u_10718,2024-05-17,signup,Basic,신규
u_10722,2024-05-17,signup,Basic,신규
u_10732,2024-05-17,signup,Free,신규
u_10733,2024-05-17,signup,Free,신규
u_10742,2024-05-17,signup,Free,신규
u_10743,2024-05-17,signup,Pro,신규
u_10750,2024-05-17,trial_start,Free,신규
u_10751,2024-05-17,signup,Pro,신규
u_10754,2024-05-17,signup,Pro,신규
u_10755,2024-05-17,signup,Free,신규
u_10757,2024-05-17,trial_start,Free,신규
u_10759,2024-05-17,trial_start,Free,신규
u_10760,2024-05-17,signup,Pro,신규
u_10765,2024-05-17,trial_start,Basic,신규
u_10770,2024-05-17,signup,Free,신규
u_10773,2024-05-17,signup,Basic,신규
u_10775,2024-05-17,trial_start,Free,신규
u_10783,2024-05-17,signup,Basic,신규
u_10786,2024-05-17,signup,Basic,신규
u_10007,2024-05-18,login,Free,기존
u_10028,2024-05-18,login,Free,기존
u_10044,2024-05-18,login,Basic,기존
u_10058,2024-05-18,login,Free,기존
u_10059,2024-05-18,login,Pro,기존
u_10068,2024-05-18,login,Basic,기존
u_10072,2024-05-18,login,Free,기존
u_10080,2024-05-18,login,Free,기존
u_10088,2024-05-18,login,Basic,기존
u_10090,2024-05-18,search_fail,Free,기존
u_10113,2024-05-18,login,Basic,기존
u_10115,2024-05-18,login,Free,기존
u_10131,2024-05-18,login,Basic,기존
u_10146,2024-05-18,login,Basic,기존
u_10156,2024-05-18,login,Basic,기존
u_10157,2024-05-18,login,Pro,기존
u_10162,2024-05-18,login,Basic,기존
u_10163,2024-05-18,login,Free,기존
u_10168,2024-05-18,login,Pro,기존
u_10169,2024-05-18,login,Free,기존
u_10173,2024-05-18,login,Pro,기존
u_10176,2024-05-18,login,Free,기존
u_10193,2024-05-18,login,Basic,기존
u_10202,2024-05-18,login,Free,기존
u_10210,2024-05-18,login,Basic,기존
u_10237,2024-05-18,login,Basic,기존
u_10252,2024-05-18,login,Free,기존
u_10254,2024-05-18,login,Free,기존
u_10257,2024-05-18,login,Pro,기존
u_10276,2024-05-18,login,Basic,기존
u_10292,2024-05-18,login,Pro,기존
u_10293,2024-05-18,login,Pro,기존
u_10296,2024-05-18,login,Free,기존
u_10298,2024-05-18,login,Free,기존
u_10308,2024-05-18,login,Free,기존
u_10320,2024-05-18,login,Basic,기존
u_10336,2024-05-18,login,Basic,기존
u_10342,2024-05-18,login,Free,기존
u_10348,2024-05-18,login,Basic,기존
u_10351,2024-05-18,login,Free,기존
u_10356,2024-05-18,search_fail,Basic,이탈위험
u_10363,2024-05-18,login,Free,기존
u_10389,2024-05-18,login,Basic,기존
u_10395,2024-05-18,login,Basic,기존
u_10400,2024-05-18,login,Basic,이탈위험
u_10408,2024-05-18,search_fail,Basic,기존
u_10410,2024-05-18,login,Free,기존
u_10439,2024-05-18,login,Free,기존
u_10441,2024-05-18,login,Pro,기존
u_10444,2024-05-18,login,Free,기존
u_10448,2024-05-18,login,Pro,기존
u_10458,2024-05-18,search_fail,Free,기존
u_10468,2024-05-18,login,Basic,기존
u_10472,2024-05-18,login,Pro,기존
u_10479,2024-05-18,login,Free,이탈위험
u_10488,2024-05-18,search_fail,Basic,이탈위험
u_10499,2024-05-18,login,Basic,이탈위험
u_10501,2024-05-18,login,Free,기존
u_10523,2024-05-18,login,Free,기존
u_10532,2024-05-18,login,Free,기존
u_10541,2024-05-18,login,Basic,기존
u_10558,2024-05-18,login,Free,기존
u_10572,2024-05-18,login,Basic,신규
u_10578,2024-05-18,login,Basic,신규
u_10585,2024-05-18,login,Basic,신규
u_10586,2024-05-18,login,Basic,신규
u_10590,2024-05-18,login,Free,신규
u_10593,2024-05-18,search_fail,Free,신규
u_10595,2024-05-18,login,Free,신규
u_10599,2024-05-18,login,Basic,신규
u_10603,2024-05-18,payment,Free,신규
u_10604,2024-05-18,login,Pro,신규
u_10607,2024-05-18,login,Free,이탈위험
u_10608,2024-05-18,payment,Basic,신규
u_10620,2024-05-18,login,Pro,신규
u_10625,2024-05-18,login,Free,신규
u_10630,2024-05-18,payment,Basic,신규
u_10638,2024-05-18,login,Basic,신규
u_10641,2024-05-18,login,Free,신규
u_10644,2024-05-18,search_fail,Basic,신규
u_10645,2024-05-18,login,Basic,신규
u_10649,2024-05-18,login,Free,신규
u_10654,2024-05-18,search_fail,Basic,신규
u_10675,2024-05-18,login,Free,신규
u_10681,2024-05-18,trial_start,Free,신규
u_10683,2024-05-18,trial_start,Free,신규
u_10699,2024-05-18,trial_start,Basic,신규
u_10708,2024-05-18,trial_start,Basic,신규
u_10727,2024-05-18,trial_start,Free,신규
u_10731,2024-05-18,trial_start,Free,신규
u_10733,2024-05-18,trial_start,Free,신규
u_10741,2024-05-18,trial_start,Basic,신규
u_10749,2024-05-18,trial_start,Pro,신규
u_10755,2024-05-18,trial_start,Free,신규
u_10758,2024-05-18,trial_start,Basic,신규
u_10760,2024-05-18,trial_start,Pro,신규
u_10763,2024-05-18,trial_start,Pro,신규
u_10764,2024-05-18,trial_start,Basic,신규
u_10010,2024-05-19,login,Pro,기존
u_10013,2024-05-19,login,Free,기존
u_10033,2024-05-19,login,Free,기존
u_10053,2024-05-19,login,Basic,기존
u_10091,2024-05-19,login,Free,기존
u_10105,2024-05-19,login,Free,기존
u_10106,2024-05-19,login,Basic,기존
u_10114,2024-05-19,login,Free,기존
u_10122,2024-05-19,login,Free,기존
u_10165,2024-05-19,login,Free,기존
u_10179,2024-05-19,login,Basic,기존
u_10185,2024-05-19,login,Basic,기존
u_10188,2024-05-19,login,Basic,기존
u_10197,2024-05-19,login,Pro,기존
u_10199,2024-05-19,login,Pro,기존
u_10211,2024-05-19,login,Pro,기존
u_10253,2024-05-19,login,Free,기존
u_10263,2024-05-19,login,Basic,기존
u_10292,2024-05-19,search_fail,Pro,기존
u_10306,2024-05-19,search_fail,Basic,기존
u_10334,2024-05-19,login,Basic,기존
u_10343,2024-05-19,login,Free,기존
u_10345,2024-05-19,login,Basic,기존
u_10349,2024-05-19,search_fail,Free,기존
u_10359,2024-05-19,login,Pro,기존
u_10362,2024-05-19,search_fail,Basic,기존
u_10366,2024-05-19,login,Basic,기존
u_10377,2024-05-19,login,Pro,기존
u_10384,2024-05-19,login,Basic,기존
u_10417,2024-05-19,login,Free,기존
u_10420,2024-05-19,login,Basic,기존
u_10423,2024-05-19,login,Free,기존
u_10433,2024-05-19,login,Free,기존
u_10436,2024-05-19,search_fail,Basic,기존
u_10442,2024-05-19,login,Basic,기존
u_10453,2024-05-19,login,Pro,기존
u_10458,2024-05-19,login,Free,기존
u_10459,2024-05-19,login,Free,기존
u_10480,2024-05-19,search_fail,Basic,이탈위험
u_10482,2024-05-19,login,Basic,이탈위험
u_10482,2024-05-19,search_fail,Basic,이탈위험
u_10516,2024-05-19,login,Free,기존
u_10524,2024-05-19,login,Pro,이탈위험
u_10527,2024-05-19,login,Free,기존
u_10528,2024-05-19,login,Basic,기존
u_10530,2024-05-19,search_fail,Pro,기존
u_10534,2024-05-19,search_fail,Basic,기존
u_10536,2024-05-19,login,Basic,기존
u_10543,2024-05-19,login,Free,기존
u_10545,2024-05-19,login,Free,기존
u_10553,2024-05-19,login,Pro,기존
u_10559,2024-05-19,login,Free,기존
u_10568,2024-05-19,login,Basic,이탈위험
u_10576,2024-05-19,payment,Free,신규
u_10579,2024-05-19,login,Basic,이탈위험
u_10583,2024-05-19,login,Free,신규
u_10589,2024-05-19,login,Basic,신규
u_10605,2024-05-19,payment,Pro,신규
u_10606,2024-05-19,login,Free,신규
u_10610,2024-05-19,login,Free,신규
u_10614,2024-05-19,login,Basic,신규
u_10628,2024-05-19,login,Pro,신규
u_10636,2024-05-19,login,Basic,신규
u_10643,2024-05-19,login,Basic,신규
u_10646,2024-05-19,login,Basic,신규
u_10652,2024-05-19,payment,Basic,신규
u_10652,2024-05-19,login,Basic,이탈위험
u_10656,2024-05-19,payment,Basic,신규
u_10656,2024-05-19,login,Basic,신규
u_10667,2024-05-19,login,Basic,신규
u_10669,2024-05-19,login,Free,이탈위험
u_10678,2024-05-19,login,Basic,신규
u_10680,2024-05-19,trial_start,Free,신규
u_10684,2024-05-19,trial_start,Free,신규
u_10686,2024-05-19,trial_start,Free,신규
u_10690,2024-05-19,trial_start,Basic,신규
u_10691,2024-05-19,trial_start,Basic,신규
u_10696,2024-05-19,trial_start,Basic,신규
u_10725,2024-05-19,trial_start,Free,신규
u_10734,2024-05-19,trial_start,Pro,신규
u_10736,2024-05-19,trial_start,Basic,신규
u_10739,2024-05-19,payment,Pro,신규
u_10743,2024-05-19,trial_start,Pro,신규
u_10756,2024-05-19,trial_start,Pro,신규
u_10763,2024-05-19,payment,Pro,신규
u_10007,2024-05-20,login,Free,기존
u_10011,2024-05-20,login,Free,기존
u_10013,2024-05-20,login,Free,기존
u_10015,2024-05-20,login,Free,기존
u_10017,2024-05-20,search_fail,Basic,기존
u_10022,2024-05-20,login,Free,기존
u_10035,2024-05-20,login,Basic,기존
u_10038,2024-05-20,login,Basic,기존
u_10045,2024-05-20,search_fail,Free,기존
u_10074,2024-05-20,login,Basic,기존
u_10102,2024-05-20,login,Basic,기존
u_10109,2024-05-20,login,Free,기존
u_10111,2024-05-20,login,Free,기존
u_10118,2024-05-20,login,Basic,기존
u_10124,2024-05-20,login,Basic,기존
u_10148,2024-05-20,login,Free,기존
u_10152,2024-05-20,login,Free,기존
u_10153,2024-05-20,login,Pro,기존
u_10161,2024-05-20,search_fail,Free,기존
u_10170,2024-05-20,login,Free,기존
u_10180,2024-05-20,login,Basic,기존
u_10199,2024-05-20,login,Pro,기존
u_10213,2024-05-20,login,Basic,기존
u_10214,2024-05-20,login,Pro,기존
u_10215,2024-05-20,login,Free,기존
u_10228,2024-05-20,login,Basic,기존
u_10230,2024-05-20,login,Basic,기존
u_10240,2024-05-20,login,Basic,기존
u_10259,2024-05-20,search_fail,Free,기존
u_10265,2024-05-20,login,Free,기존
u_10292,2024-05-20,login,Pro,기존
u_10299,2024-05-20,login,Basic,기존
u_10301,2024-05-20,login,Pro,기존
u_10305,2024-05-20,login,Pro,기존
u_10327,2024-05-20,login,Pro,기존
u_10334,2024-05-20,login,Basic,기존
u_10355,2024-05-20,login,Free,기존
u_10362,2024-05-20,login,Basic,기존
u_10399,2024-05-20,login,Free,이탈위험
u_10402,2024-05-20,login,Free,기존
u_10409,2024-05-20,login,Free,기존
u_10417,2024-05-20,login,Free,기존
u_10436,2024-05-20,login,Basic,기존
u_10438,2024-05-20,login,Pro,기존
u_10491,2024-05-20,login,Free,기존
u_10492,2024-05-20,login,Pro,기존
u_10507,2024-05-20,search_fail,Free,기존
u_10527,2024-05-20,login,Free,기존
u_10545,2024-05-20,login,Free,기존
u_10546,2024-05-20,login,Pro,기존
u_10548,2024-05-20,cancel,Basic,이탈위험
u_10552,2024-05-20,login,Basic,기존
u_10561,2024-05-20,cancel,Pro,이탈위험
u_10566,2024-05-20,payment,Free,신규
u_10573,2024-05-20,payment,Free,신규
u_10574,2024-05-20,login,Basic,기존
u_10578,2024-05-20,login,Basic,기존
u_10587,2024-05-20,payment,Basic,신규
u_10597,2024-05-20,login,Basic,기존
u_10602,2024-05-20,login,Free,이탈위험
u_10604,2024-05-20,login,Pro,이탈위험
u_10618,2024-05-20,search_fail,Free,기존
u_10622,2024-05-20,payment,Pro,신규
u_10625,2024-05-20,login,Free,기존
u_10631,2024-05-20,payment,Basic,신규
u_10631,2024-05-20,login,Basic,기존
u_10633,2024-05-20,login,Free,이탈위험
u_10635,2024-05-20,login,Free,기존
u_10651,2024-05-20,login,Free,기존
u_10654,2024-05-20,login,Basic,기존
u_10663,2024-05-20,payment,Free,신규
u_10663,2024-05-20,login,Free,기존
u_10665,2024-05-20,payment,Free,신규
u_10674,2024-05-20,login,Pro,기존
u_10675,2024-05-20,login,Free,이탈위험
u_10676,2024-05-20,payment,Pro,신규
u_10685,2024-05-20,login,Free,신규
u_10685,2024-05-20,search_fail,Free,신규
u_10687,2024-05-20,search_fail,Basic,이탈위험
u_10696,2024-05-20,login,Basic,신규
u_10697,2024-05-20,trial_start,Free,신규
u_10704,2024-05-20,cancel,Basic,이탈위험
u_10710,2024-05-20,login,Free,신규
u_10711,2024-05-20,trial_start,Basic,신규
u_10722,2024-05-20,login,Basic,신규
u_10725,2024-05-20,login,Free,신규
u_10729,2024-05-20,login,Free,신규
u_10735,2024-05-20,trial_start,Free,신규
u_10737,2024-05-20,trial_start,Free,신규
u_10737,2024-05-20,login,Free,신규
u_10754,2024-05-20,login,Pro,신규
u_10757,2024-05-20,login,Free,신규
u_10762,2024-05-20,login,Basic,이탈위험
u_10765,2024-05-20,login,Basic,신규
u_10767,2024-05-20,login,Free,신규
u_10768,2024-05-20,login,Basic,신규
u_10771,2024-05-20,payment,Pro,신규
u_10778,2024-05-20,search_fail,Basic,신규
u_10783,2024-05-20,login,Basic,이탈위험
u_10790,2024-05-20,signup,Free,신규
u_10799,2024-05-20,signup,Basic,신규
u_10805,2024-05-20,signup,Pro,신규
u_10808,2024-05-20,signup,Free,신규
u_10813,2024-05-20,signup,Free,신규
u_10817,2024-05-20,signup,Basic,신규
u_10818,2024-05-20,signup,Pro,신규
u_10822,2024-05-20,signup,Free,신규
u_10824,2024-05-20,signup,Free,신규
u_10826,2024-05-20,signup,Pro,신규
u_10835,2024-05-20,signup,Free,신규
u_10837,2024-05-20,signup,Basic,신규
u_10840,2024-05-20,signup,Free,신규
u_10849,2024-05-20,signup,Free,신규
u_10850,2024-05-20,signup,Free,신규
u_10855,2024-05-20,signup,Free,신규
u_10858,2024-05-20,signup,Free,신규
u_10865,2024-05-20,signup,Basic,신규
u_10877,2024-05-20,signup,Basic,신규
u_10881,2024-05-20,signup,Free,신규
u_10885,2024-05-20,signup,Free,신규
u_10012,2024-05-21,login,Pro,기존
u_10037,2024-05-21,login,Free,기존
u_10043,2024-05-21,login,Basic,기존
u_10046,2024-05-21,search_fail,Free,기존
u_10076,2024-05-21,login,Free,기존
u_10106,2024-05-21,login,Basic,기존
u_10115,2024-05-21,login,Free,기존
u_10136,2024-05-21,login,Basic,기존
u_10157,2024-05-21,login,Pro,기존
u_10158,2024-05-21,login,Basic,기존
u_10164,2024-05-21,login,Basic,이탈위험
u_10165,2024-05-21,search_fail,Free,기존
u_10176,2024-05-21,login,Free,기존
u_10237,2024-05-21,login,Basic,기존
u_10238,2024-05-21,login,Basic,기존
u_10252,2024-05-21,login,Free,기존
u_10253,2024-05-21,login,Free,기존
u_10269,2024-05-21,login,Free,기존
u_10295,2024-05-21,login,Basic,기존
u_10302,2024-05-21,login,Free,기존
u_10308,2024-05-21,login,Free,기존
u_10316,2024-05-21,login,Basic,기존
u_10320,2024-05-21,login,Basic,기존
u_10322,2024-05-21,search_fail,Free,기존
u_10326,2024-05-21,login,Pro,기존
u_10340,2024-05-21,login,Basic,기존
u_10345,2024-05-21,login,Basic,기존
u_10353,2024-05-21,login,Basic,기존
u_10359,2024-05-21,login,Pro,기존
u_10366,2024-05-21,search_fail,Basic,기존
u_10380,2024-05-21,login,Basic,기존
u_10391,2024-05-21,login,Basic,기존
u_10400,2024-05-21,cancel,Basic,이탈위험
u_10421,2024-05-21,cancel,Basic,이탈위험
u_10431,2024-05-21,login,Pro,기존
u_10432,2024-05-21,login,Pro,기존
u_10433,2024-05-21,login,Free,기존
u_10439,2024-05-21,login,Free,기존
u_10458,2024-05-21,login,Free,기존
u_10468,2024-05-21,login,Basic,기존
u_10500,2024-05-21,login,Free,기존
u_10507,2024-05-21,login,Free,기존
u_10509,2024-05-21,login,Free,기존
u_10514,2024-05-21,search_fail,Basic,기존
u_10516,2024-05-21,login,Free,기존
u_10521,2024-05-21,login,Basic,기존
u_10523,2024-05-21,login,Free,기존
u_10525,2024-05-21,login,Free,기존
u_10531,2024-05-21,login,Basic,기존
u_10559,2024-05-21,login,Free,기존
u_10571,2024-05-21,login,Basic,기존
u_10581,2024-05-21,payment,Free,신규
u_10584,2024-05-21,login,Free,기존
u_10585,2024-05-21,login,Basic,기존
u_10587,2024-05-21,search_fail,Basic,이탈위험
u_10588,2024-05-21,login,Free,기존
u_10590,2024-05-21,login,Free,기존
u_10592,2024-05-21,login,Free,이탈위험
u_10607,2024-05-21,cancel,Free,이탈위험
u_10610,2024-05-21,search_fail,Free,기존
u_10616,2024-05-21,login,Free,기존
u_10622,2024-05-21,login,Pro,기존
u_10623,2024-05-21,payment,Basic,신규
u_10624,2024-05-21,login,Free,기존
u_10628,2024-05-21,login,Pro,기존
u_10639,2024-05-21,login,Basic,기존
u_10642,2024-05-21,login,Pro,기존
u_10649,2024-05-21,payment,Free,신규
u_10657,2024-05-21,login,Free,기존
u_10667,2024-05-21,login,Basic,이탈위험
u_10682,2024-05-21,login,Free,신규
u_10683,2024-05-21,login,Free,신규
u_10686,2024-05-21,login,Free,신규
u_10690,2024-05-21,login,Basic,신규
u_10693,2024-05-21,login,Basic,신규
u_10697,2024-05-21,login,Free,이탈위험
u_10706,2024-05-21,search_fail,Basic,신규
u_10712,2024-05-21,login,Basic,신규
u_10716,2024-05-21,login,Basic,신규
u_10717,2024-05-21,login,Basic,신규
u_10724,2024-05-21,payment,Pro,신규
u_10726,2024-05-21,login,Free,신규
u_10733,2024-05-21,login,Free,신규
u_10736,2024-05-21,login,Basic,신규
u_10737,2024-05-21,payment,Free,신규
u_10740,2024-05-21,trial_start,Pro,신규
u_10746,2024-05-21,trial_start,Free,신규
u_10758,2024-05-21,login,Basic,신규
u_10759,2024-05-21,login,Free,신규
u_10772,2024-05-21,payment,Basic,신규
u_10775,2024-05-21,login,Free,신규
u_10776,2024-05-21,search_fail,Basic,신규
u_10779,2024-05-21,login,Basic,신규
u_10781,2024-05-21,login,Basic,신규
u_10791,2024-05-21,signup,Free,신규
u_10792,2024-05-21,signup,Pro,신규
u_10793,2024-05-21,signup,Free,신규
u_10794,2024-05-21,signup,Basic,신규
u_10797,2024-05-21,signup,Free,신규
u_10802,2024-05-21,signup,Basic,신규
u_10810,2024-05-21,signup,Basic,신규
u_10815,2024-05-21,signup,Basic,신규
u_10818,2024-05-21,trial_start,Pro,신규
u_10819,2024-05-21,signup,Basic,신규
u_10820,2024-05-21,signup,Free,신규
u_10823,2024-05-21,signup,Basic,신규
u_10828,2024-05-21,signup,Free,신규
u_10830,2024-05-21,signup,Basic,신규
u_10832,2024-05-21,signup,Basic,신규
u_10843,2024-05-21,signup,Free,신규
u_10856,2024-05-21,signup,Basic,신규
u_10857,2024-05-21,signup,Basic,신규
u_10859,2024-05-21,signup,Pro,신규
u_10861,2024-05-21,signup,Basic,신규
u_10865,2024-05-21,trial_start,Basic,신규
u_10867,2024-05-21,signup,Basic,신규
u_10869,2024-05-21,signup,Free,신규
u_10879,2024-05-21,signup,Pro,신규
u_10002,2024-05-22,login,Basic,기존
u_10004,2024-05-22,login,Basic,기존
u_10008,2024-05-22,login,Pro,기존
u_10010,2024-05-22,login,Pro,기존
u_10039,2024-05-22,login,Free,기존
u_10044,2024-05-22,login,Basic,기존
u_10045,2024-05-22,login,Free,기존
u_10048,2024-05-22,login,Basic,기존
u_10060,2024-05-22,login,Free,기존
u_10090,2024-05-22,login,Free,기존
u_10113,2024-05-22,login,Basic,기존
u_10122,2024-05-22,login,Free,기존
u_10128,2024-05-22,login,Basic,기존
u_10139,2024-05-22,login,Free,기존
u_10140,2024-05-22,cancel,Basic,이탈위험
u_10149,2024-05-22,login,Free,이탈위험
u_10166,2024-05-22,login,Pro,기존
u_10167,2024-05-22,login,Basic,기존
u_10168,2024-05-22,login,Pro,기존
u_10193,2024-05-22,login,Basic,기존
u_10194,2024-05-22,login,Free,기존
u_10197,2024-05-22,login,Pro,기존
u_10201,2024-05-22,login,Free,기존
u_10204,2024-05-22,login,Basic,기존
u_10226,2024-05-22,cancel,Basic,이탈위험
u_10230,2024-05-22,search_fail,Basic,기존
u_10287,2024-05-22,login,Free,기존
u_10312,2024-05-22,login,Free,기존
u_10313,2024-05-22,login,Pro,기존
u_10317,2024-05-22,login,Pro,기존
u_10321,2024-05-22,login,Free,기존
u_10323,2024-05-22,login,Basic,기존
u_10336,2024-05-22,login,Basic,기존
u_10343,2024-05-22,login,Free,기존
u_10352,2024-05-22,login,Pro,기존
u_10356,2024-05-22,cancel,Basic,이탈위험
u_10365,2024-05-22,login,Pro,기존
u_10373,2024-05-22,login,Basic,기존
u_10375,2024-05-22,login,Free,기존
u_10390,2024-05-22,login,Basic,기존
u_10396,2024-05-22,login,Basic,기존
u_10408,2024-05-22,login,Basic,기존
u_10410,2024-05-22,login,Free,기존
u_10425,2024-05-22,login,Free,기존
u_10428,2024-05-22,search_fail,Free,기존
u_10464,2024-05-22,login,Free,기존
u_10471,2024-05-22,login,Basic,기존
u_10472,2024-05-22,login,Pro,기존
u_10474,2024-05-22,cancel,Free,이탈위험
u_10479,2024-05-22,cancel,Free,이탈위험
u_10480,2024-05-22,cancel,Basic,이탈위험
u_10483,2024-05-22,login,Basic,기존
u_10486,2024-05-22,cancel,Basic,이탈위험
u_10487,2024-05-22,login,Pro,기존
u_10495,2024-05-22,login,Pro,기존
u_10511,2024-05-22,login,Free,기존
u_10528,2024-05-22,search_fail,Basic,기존
u_10529,2024-05-22,login,Free,기존
u_10532,2024-05-22,login,Free,기존
u_10533,2024-05-22,cancel,Free,이탈위험
u_10540,2024-05-22,login,Free,기존
u_10541,2024-05-22,login,Basic,기존
u_10543,2024-05-22,login,Free,기존
u_10547,2024-05-22,cancel,Free,이탈위험
u_10550,2024-05-22,login,Basic,기존
u_10558,2024-05-22,login,Free,기존
u_10562,2024-05-22,login,Pro,기존
u_10565,2024-05-22,login,Basic,이탈위험
u_10567,2024-05-22,login,Basic,기존
u_10568,2024-05-22,cancel,Basic,이탈위험
u_10575,2024-05-22,login,Free,기존
u_10576,2024-05-22,login,Free,이탈위험
u_10579,2024-05-22,cancel,Basic,이탈위험
u_10589,2024-05-22,login,Basic,기존
u_10591,2024-05-22,cancel,Basic,이탈위험
u_10605,2024-05-22,login,Pro,기존
u_10606,2024-05-22,login,Free,기존
u_10608,2024-05-22,login,Basic,기존
u_10610,2024-05-22,login,Free,기존
u_10613,2024-05-22,login,Basic,기존
u_10620,2024-05-22,login,Pro,기존
u_10623,2024-05-22,login,Basic,기존
u_10627,2024-05-22,search_fail,Basic,기존
u_10649,2024-05-22,login,Free,기존
u_10657,2024-05-22,payment,Free,신규
u_10665,2024-05-22,login,Free,기존
u_10666,2024-05-22,cancel,Basic,이탈위험
u_10681,2024-05-22,login,Free,신규
u_10689,2024-05-22,login,Basic,신규
u_10698,2024-05-22,login,Basic,이탈위험
u_10701,2024-05-22,login,Free,신규
u_10701,2024-05-22,search_fail,Free,신규
u_10703,2024-05-22,cancel,Free,이탈위험
u_10706,2024-05-22,login,Basic,신규
u_10708,2024-05-22,cancel,Basic,이탈위험
u_10709,2024-05-22,search_fail,Free,신규
u_10712,2024-05-22,search_fail,Basic,신규
u_10716,2024-05-22,trial_start,Basic,신규
u_10719,2024-05-22,payment,Pro,신규
u_10723,2024-05-22,login,Free,신규
u_10724,2024-05-22,login,Pro,신규
u_10727,2024-05-22,login,Free,신규
u_10732,2024-05-22,login,Free,신규
u_10741,2024-05-22,login,Basic,신규
u_10745,2024-05-22,login,Free,신규
u_10749,2024-05-22,login,Pro,신규
u_10751,2024-05-22,login,Pro,신규
u_10755,2024-05-22,login,Free,신규
u_10760,2024-05-22,login,Pro,신규
u_10761,2024-05-22,payment,Free,신규
u_10770,2024-05-22,trial_start,Free,신규
u_10771,2024-05-22,login,Pro,신규
u_10773,2024-05-22,trial_start,Basic,신규
u_10778,2024-05-22,login,Basic,신규
u_10779,2024-05-22,payment,Basic,신규
u_10782,2024-05-22,login,Basic,신규
u_10783,2024-05-22,trial_start,Basic,신규
u_10789,2024-05-22,signup,Free,신규
u_10794,2024-05-22,trial_start,Basic,신규
u_10798,2024-05-22,signup,Pro,신규
u_10803,2024-05-22,signup,Free,신규
u_10811,2024-05-22,signup,Basic,신규
u_10812,2024-05-22,signup,Basic,신규
u_10813,2024-05-22,trial_start,Free,신규
u_10829,2024-05-22,signup,Free,신규
u_10831,2024-05-22,signup,Free,신규
u_10841,2024-05-22,signup,Free,신규
u_10848,2024-05-22,signup,Basic,신규
u_10856,2024-05-22,trial_start,Basic,신규
u_10864,2024-05-22,signup,Basic,신규
u_10867,2024-05-22,trial_start,Basic,신규
u_10874,2024-05-22,signup,Pro,신규
u_10875,2024-05-22,signup,Basic,신규
u_10878,2024-05-22,signup,Free,신규
u_10879,2024-05-22,trial_start,Pro,신규
u_10884,2024-05-22,signup,Free,신규
u_10034,2024-05-23,login,Basic,기존
u_10040,2024-05-23,login,Basic,기존
u_10049,2024-05-23,login,Basic,기존
u_10049,2024-05-23,search_fail,Basic,기존
u_10055,2024-05-23,login,Basic,이탈위험
u_10058,2024-05-23,login,Free,기존
u_10065,2024-05-23,login,Free,기존
u_10066,2024-05-23,login,Pro,기존
u_10069,2024-05-23,login,Basic,기존
u_10070,2024-05-23,login,Basic,기존
u_10075,2024-05-23,login,Free,기존
u_10093,2024-05-23,login,Basic,기존
u_10097,2024-05-23,login,Basic,기존
u_10129,2024-05-23,login,Free,기존
u_10129,2024-05-23,search_fail,Free,기존
u_10134,2024-05-23,login,Pro,기존
u_10138,2024-05-23,login,Pro,이탈위험
u_10165,2024-05-23,login,Free,기존
u_10169,2024-05-23,login,Free,기존
u_10181,2024-05-23,login,Basic,기존
u_10183,2024-05-23,login,Free,기존
u_10201,2024-05-23,search_fail,Free,기존
u_10204,2024-05-23,search_fail,Basic,기존
u_10207,2024-05-23,login,Free,기존
u_10221,2024-05-23,login,Free,기존
u_10232,2024-05-23,login,Basic,기존
u_10242,2024-05-23,login,Free,기존
u_10275,2024-05-23,cancel,Basic,이탈위험
u_10298,2024-05-23,login,Free,기존
u_10309,2024-05-23,login,Basic,기존
u_10324,2024-05-23,cancel,Free,이탈위험
u_10377,2024-05-23,login,Pro,기존
u_10383,2024-05-23,login,Basic,기존
u_10384,2024-05-23,login,Basic,기존
u_10386,2024-05-23,login,Pro,기존
u_10401,2024-05-23,login,Pro,기존
u_10406,2024-05-23,login,Basic,기존
u_10411,2024-05-23,login,Basic,기존
u_10422,2024-05-23,login,Free,기존
u_10461,2024-05-23,search_fail,Basic,기존
u_10466,2024-05-23,login,Free,기존
u_10467,2024-05-23,cancel,Pro,이탈위험
u_10482,2024-05-23,cancel,Basic,이탈위험
u_10484,2024-05-23,search_fail,Basic,기존
u_10499,2024-05-23,cancel,Basic,이탈위험
u_10501,2024-05-23,login,Free,기존
u_10502,2024-05-23,login,Pro,기존
u_10510,2024-05-23,login,Free,기존
u_10512,2024-05-23,search_fail,Free,기존
u_10520,2024-05-23,cancel,Free,이탈위험
u_10563,2024-05-23,cancel,Basic,이탈위험
u_10570,2024-05-23,login,Pro,이탈위험
u_10572,2024-05-23,login,Basic,기존
u_10586,2024-05-23,login,Basic,기존
u_10593,2024-05-23,login,Free,이탈위험
u_10593,2024-05-23,search_fail,Free,이탈위험
u_10596,2024-05-23,search_fail,Pro,기존
u_10612,2024-05-23,login,Free,이탈위험
u_10614,2024-05-23,login,Basic,기존
u_10615,2024-05-23,login,Free,이탈위험
u_10617,2024-05-23,login,Pro,기존
u_10617,2024-05-23,search_fail,Pro,기존
u_10641,2024-05-23,login,Free,기존
u_10647,2024-05-23,login,Basic,이탈위험
u_10652,2024-05-23,cancel,Basic,이탈위험
u_10655,2024-05-23,login,Basic,이탈위험
u_10664,2024-05-23,login,Free,이탈위험
u_10670,2024-05-23,login,Basic,기존
u_10678,2024-05-23,login,Basic,이탈위험
u_10680,2024-05-23,login,Free,신규
u_10684,2024-05-23,login,Free,신규
u_10688,2024-05-23,login,Free,신규
u_10700,2024-05-23,login,Basic,신규
u_10700,2024-05-23,search_fail,Basic,신규
u_10702,2024-05-23,login,Basic,신규
u_10711,2024-05-23,login,Basic,신규
u_10728,2024-05-23,login,Basic,신규
u_10731,2024-05-23,login,Free,신규
u_10742,2024-05-23,login,Free,신규
u_10743,2024-05-23,login,Pro,신규
u_10744,2024-05-23,login,Basic,신규
u_10764,2024-05-23,payment,Basic,신규
u_10773,2024-05-23,login,Basic,신규
u_10787,2024-05-23,login,Basic,신규
u_10796,2024-05-23,signup,Free,신규
u_10801,2024-05-23,signup,Basic,신규
u_10802,2024-05-23,trial_start,Basic,신규
u_10808,2024-05-23,trial_start,Free,신규
u_10809,2024-05-23,signup,Basic,신규
u_10821,2024-05-23,signup,Basic,신규
u_10827,2024-05-23,signup,Free,신규
u_10829,2024-05-23,trial_start,Free,신규
u_10833,2024-05-23,signup,Basic,신규
u_10834,2024-05-23,signup,Basic,신규
u_10836,2024-05-23,signup,Basic,신규
u_10838,2024-05-23,signup,Free,신규
u_10844,2024-05-23,signup,Basic,신규
u_10845,2024-05-23,signup,Basic,신규
u_10846,2024-05-23,signup,Basic,신규
u_10852,2024-05-23,signup,Basic,신규
u_10853,2024-05-23,signup,Basic,신규
u_10862,2024-05-23,signup,Free,신규
u_10866,2024-05-23,signup,Pro,신규
u_10868,2024-05-23,signup,Basic,신규
u_10871,2024-05-23,signup,Free,신규
u_10880,2024-05-23,signup,Pro,신규
u_10057,2024-05-24,cancel,Free,이탈위험
u_10060,2024-05-24,search_fail,Free,기존
u_10072,2024-05-24,login,Free,기존
u_10095,2024-05-24,login,Free,기존
u_10101,2024-05-24,login,Pro,기존
u_10103,2024-05-24,search_fail,Free,기존
u_10110,2024-05-24,login,Basic,기존
u_10112,2024-05-24,login,Basic,기존
u_10130,2024-05-24,login,Basic,기존
u_10137,2024-05-24,login,Basic,기존
u_10142,2024-05-24,login,Free,기존
u_10160,2024-05-24,login,Pro,기존
u_10162,2024-05-24,login,Basic,기존
u_10163,2024-05-24,login,Free,기존
u_10173,2024-05-24,login,Pro,기존
u_10179,2024-05-24,login,Basic,기존
u_10185,2024-05-24,login,Basic,기존
u_10238,2024-05-24,search_fail,Basic,기존
u_10241,2024-05-24,login,Pro,기존
u_10245,2024-05-24,login,Free,기존
u_10246,2024-05-24,login,Pro,기존
u_10249,2024-05-24,login,Free,기존
u_10257,2024-05-24,login,Pro,기존
u_10262,2024-05-24,login,Basic,기존
u_10264,2024-05-24,login,Pro,기존
u_10281,2024-05-24,login,Basic,기존
u_10290,2024-05-24,login,Free,기존
u_10291,2024-05-24,login,Pro,기존
u_10300,2024-05-24,login,Free,기존
u_10306,2024-05-24,login,Basic,기존
u_10318,2024-05-24,login,Pro,기존
u_10322,2024-05-24,login,Free,기존
u_10328,2024-05-24,login,Free,기존
u_10332,2024-05-24,login,Free,기존
u_10342,2024-05-24,login,Free,기존
u_10348,2024-05-24,login,Basic,기존
u_10349,2024-05-24,login,Free,기존
u_10351,2024-05-24,login,Free,기존
u_10376,2024-05-24,login,Basic,기존
u_10388,2024-05-24,login,Basic,기존
u_10395,2024-05-24,login,Basic,기존
u_10405,2024-05-24,login,Basic,기존
u_10420,2024-05-24,login,Basic,기존
u_10423,2024-05-24,login,Free,기존
u_10427,2024-05-24,cancel,Free,이탈위험
u_10447,2024-05-24,login,Free,기존
u_10448,2024-05-24,login,Pro,기존
u_10449,2024-05-24,login,Basic,기존
u_10450,2024-05-24,cancel,Free,이탈위험
u_10451,2024-05-24,login,Pro,기존
u_10453,2024-05-24,login,Pro,기존
u_10476,2024-05-24,login,Pro,기존
u_10477,2024-05-24,login,Free,기존
u_10485,2024-05-24,login,Free,기존
u_10488,2024-05-24,cancel,Basic,이탈위험
u_10512,2024-05-24,login,Free,기존
u_10513,2024-05-24,login,Basic,기존
u_10515,2024-05-24,cancel,Free,이탈위험
u_10524,2024-05-24,cancel,Pro,이탈위험
u_10530,2024-05-24,login,Pro,기존
u_10534,2024-05-24,login,Basic,기존
u_10537,2024-05-24,login,Basic,기존
u_10549,2024-05-24,login,Basic,기존
u_10554,2024-05-24,login,Free,기존
u_10560,2024-05-24,cancel,Basic,이탈위험
u_10580,2024-05-24,login,Basic,기존
u_10581,2024-05-24,login,Free,기존
u_10587,2024-05-24,login,Basic,이탈위험
u_10595,2024-05-24,login,Free,기존
u_10596,2024-05-24,login,Pro,기존
u_10601,2024-05-24,cancel,Pro,이탈위험
u_10609,2024-05-24,login,Basic,기존
u_10638,2024-05-24,login,Basic,기존
u_10645,2024-05-24,login,Basic,기존
u_10646,2024-05-24,login,Basic,이탈위험
u_10648,2024-05-24,cancel,Free,이탈위험
u_10653,2024-05-24,login,Pro,기존
u_10669,2024-05-24,cancel,Free,이탈위험
u_10682,2024-05-24,payment,Free,신규
u_10682,2024-05-24,search_fail,Free,신규
u_10687,2024-05-24,login,Basic,이탈위험
u_10690,2024-05-24,payment,Basic,신규
u_10691,2024-05-24,login,Basic,신규
u_10707,2024-05-24,search_fail,Free,신규
u_10721,2024-05-24,login,Pro,신규
u_10734,2024-05-24,login,Pro,신규
u_10735,2024-05-24,payment,Free,신규
u_10735,2024-05-24,login,Free,신규
u_10739,2024-05-24,login,Pro,신규
u_10746,2024-05-24,payment,Free,신규
u_10747,2024-05-24,search_fail,Pro,신규
u_10774,2024-05-24,login,Basic,신규
u_10776,2024-05-24,login,Basic,신규
u_10781,2024-05-24,payment,Basic,신규
u_10783,2024-05-24,payment,Basic,신규
u_10788,2024-05-24,signup,Free,신규
u_10795,2024-05-24,signup,Free,신규
u_10797,2024-05-24,trial_start,Free,신규
u_10800,2024-05-24,signup,Basic,신규
u_10804,2024-05-24,signup,Basic,신규
u_10806,2024-05-24,signup,Basic,신규
u_10807,2024-05-24,signup,Basic,신규
u_10814,2024-05-24,signup,Free,신규
u_10816,2024-05-24,signup,Basic,신규
u_10819,2024-05-24,trial_start,Basic,신규
u_10825,2024-05-24,signup,Basic,신규
u_10839,2024-05-24,signup,Free,신규
u_10842,2024-05-24,signup,Free,신규
u_10843,2024-05-24,trial_start,Free,신규
u_10847,2024-05-24,signup,Basic,신규
u_10851,2024-05-24,signup,Basic,신규
u_10854,2024-05-24,signup,Free,신규
u_10860,2024-05-24,signup,Basic,신규
u_10863,2024-05-24,signup,Basic,신규
u_10870,2024-05-24,signup,Free,신규
u_10872,2024-05-24,signup,Basic,신규
u_10873,2024-05-24,signup,Free,신규
u_10876,2024-05-24,signup,Basic,신규
u_10882,2024-05-24,signup,Basic,신규
u_10883,2024-05-24,signup,Basic,신규
u_10016,2024-05-25,login,Free,기존
u_10024,2024-05-25,login,Pro,기존
u_10024,2024-05-25,search_fail,Pro,기존
u_10026,2024-05-25,login,Pro,기존
u_10028,2024-05-25,login,Free,기존
u_10036,2024-05-25,login,Pro,기존
u_10059,2024-05-25,login,Pro,기존
u_10068,2024-05-25,login,Basic,기존
u_10087,2024-05-25,login,Free,기존
u_10100,2024-05-25,login,Basic,기존
u_10105,2024-05-25,login,Free,기존
u_10114,2024-05-25,login,Free,기존
u_10135,2024-05-25,login,Basic,기존
u_10146,2024-05-25,login,Basic,기존
u_10147,2024-05-25,login,Free,기존
u_10161,2024-05-25,login,Free,기존
u_10173,2024-05-25,search_fail,Pro,기존
u_10198,2024-05-25,login,Free,기존
u_10203,2024-05-25,login,Basic,기존
u_10218,2024-05-25,login,Free,기존
u_10266,2024-05-25,login,Basic,기존
u_10267,2024-05-25,login,Free,기존
u_10274,2024-05-25,login,Free,기존
u_10278,2024-05-25,login,Pro,기존
u_10287,2024-05-25,search_fail,Free,기존
u_10296,2024-05-25,search_fail,Free,기존
u_10330,2024-05-25,login,Basic,기존
u_10338,2024-05-25,login,Free,기존
u_10367,2024-05-25,login,Free,기존
u_10403,2024-05-25,login,Basic,기존
u_10415,2024-05-25,login,Basic,기존
u_10428,2024-05-25,login,Free,기존
u_10440,2024-05-25,login,Pro,기존
u_10444,2024-05-25,login,Free,기존
u_10459,2024-05-25,login,Free,기존
u_10465,2024-05-25,login,Basic,기존
u_10478,2024-05-25,login,Free,기존
u_10489,2024-05-25,login,Free,기존
u_10514,2024-05-25,login,Basic,기존
u_10535,2024-05-25,login,Basic,기존
u_10538,2024-05-25,login,Pro,기존
u_10553,2024-05-25,login,Pro,기존
u_10564,2024-05-25,login,Basic,기존
u_10566,2024-05-25,login,Free,기존
u_10569,2024-05-25,login,Basic,기존
u_10573,2024-05-25,login,Free,기존
u_10583,2024-05-25,login,Free,기존
u_10611,2024-05-25,login,Free,이탈위험
u_10627,2024-05-25,login,Basic,기존
u_10634,2024-05-25,login,Free,이탈위험
u_10636,2024-05-25,login,Basic,기존
u_10637,2024-05-25,login,Free,기존
u_10643,2024-05-25,login,Basic,기존
u_10660,2024-05-25,login,Free,기존
u_10676,2024-05-25,login,Pro,기존
u_10691,2024-05-25,payment,Basic,신규
u_10695,2024-05-25,search_fail,Basic,신규
u_10705,2024-05-25,login,Free,신규
u_10707,2024-05-25,login,Free,신규
u_10708,2024-05-25,payment,Basic,신규
u_10713,2024-05-25,login,Free,신규
u_10715,2024-05-25,login,Basic,신규
u_10719,2024-05-25,login,Pro,신규
u_10730,2024-05-25,login,Free,신규
u_10743,2024-05-25,search_fail,Pro,신규
u_10746,2024-05-25,login,Free,신규
u_10756,2024-05-25,login,Pro,신규
u_10760,2024-05-25,payment,Pro,신규
u_10762,2024-05-25,search_fail,Basic,이탈위험
u_10763,2024-05-25,login,Pro,신규
u_10764,2024-05-25,login,Basic,신규
u_10770,2024-05-25,payment,Free,신규
u_10780,2024-05-25,login,Basic,이탈위험
u_10786,2024-05-25,search_fail,Basic,신규
u_10790,2024-05-25,trial_start,Free,신규
u_10805,2024-05-25,trial_start,Pro,신규
u_10815,2024-05-25,trial_start,Basic,신규
u_10824,2024-05-25,trial_start,Free,신규
u_10857,2024-05-25,trial_start,Basic,신규
u_10859,2024-05-25,trial_start,Pro,신규
u_10017,2024-05-26,login,Basic,기존
u_10021,2024-05-26,login,Free,기존
u_10023,2024-05-26,login,Pro,기존
u_10050,2024-05-26,login,Free,기존
u_10051,2024-05-26,login,Pro,기존
u_10053,2024-05-26,login,Basic,기존
u_10056,2024-05-26,login,Free,기존
u_10079,2024-05-26,login,Free,기존
u_10080,2024-05-26,login,Free,기존
u_10081,2024-05-26,login,Pro,기존
u_10131,2024-05-26,login,Basic,기존
u_10156,2024-05-26,login,Basic,기존
u_10184,2024-05-26,login,Basic,기존
u_10188,2024-05-26,login,Basic,기존
u_10200,2024-05-26,login,Basic,기존
u_10202,2024-05-26,login,Free,기존
u_10210,2024-05-26,login,Basic,기존
u_10224,2024-05-26,login,Basic,기존
u_10239,2024-05-26,login,Basic,기존
u_10254,2024-05-26,login,Free,기존
u_10255,2024-05-26,login,Basic,기존
u_10258,2024-05-26,login,Basic,기존
u_10259,2024-05-26,login,Free,기존
u_10261,2024-05-26,login,Free,기존
u_10263,2024-05-26,login,Basic,기존
u_10268,2024-05-26,login,Basic,기존
u_10276,2024-05-26,login,Basic,기존
u_10296,2024-05-26,login,Free,기존
u_10297,2024-05-26,login,Free,기존
u_10307,2024-05-26,login,Basic,기존
u_10350,2024-05-26,login,Basic,기존
u_10385,2024-05-26,login,Free,기존
u_10416,2024-05-26,login,Free,기존
u_10445,2024-05-26,login,Basic,기존
u_10452,2024-05-26,login,Pro,기존
u_10455,2024-05-26,login,Free,기존
u_10457,2024-05-26,login,Free,이탈위험
u_10461,2024-05-26,login,Basic,기존
u_10462,2024-05-26,login,Pro,기존
u_10469,2024-05-26,login,Free,기존
u_10490,2024-05-26,login,Free,기존
u_10493,2024-05-26,login,Basic,이탈위험
u_10494,2024-05-26,login,Basic,기존
u_10498,2024-05-26,login,Pro,이탈위험
u_10505,2024-05-26,login,Free,기존
u_10508,2024-05-26,login,Pro,기존
u_10522,2024-05-26,login,Pro,기존
u_10526,2024-05-26,login,Basic,기존
u_10528,2024-05-26,login,Basic,기존
u_10536,2024-05-26,login,Basic,기존
u_10555,2024-05-26,login,Pro,기존
u_10600,2024-05-26,login,Free,기존
u_10621,2024-05-26,login,Basic,기존
u_10629,2024-05-26,login,Free,기존
u_10630,2024-05-26,login,Basic,이탈위험
u_10632,2024-05-26,login,Basic,기존
u_10644,2024-05-26,login,Basic,기존
u_10656,2024-05-26,login,Basic,기존
u_10662,2024-05-26,login,Free,기존
u_10668,2024-05-26,login,Basic,기존
u_10671,2024-05-26,login,Basic,기존
u_10677,2024-05-26,login,Basic,이탈위험
u_10679,2024-05-26,login,Free,신규
u_10692,2024-05-26,login,Basic,신규
u_10714,2024-05-26,login,Free,신규
u_10719,2024-05-26,search_fail,Pro,신규
u_10720,2024-05-26,login,Basic,이탈위험
u_10734,2024-05-26,payment,Pro,신규
u_10738,2024-05-26,login,Basic,신규
u_10740,2024-05-26,login,Pro,신규
u_10748,2024-05-26,login,Free,신규
u_10765,2024-05-26,payment,Basic,신규
u_10769,2024-05-26,login,Basic,신규
u_10772,2024-05-26,login,Basic,신규
u_10777,2024-05-26,login,Basic,신규
u_10787,2024-05-26,search_fail,Basic,신규
u_10841,2024-05-26,trial_start,Free,신규
u_10845,2024-05-26,trial_start,Basic,신규
u_10860,2024-05-26,trial_start,Basic,신규
u_10870,2024-05-26,trial_start,Free,신규
u_10874,2024-05-26,trial_start,Pro,신규
u_10007,2024-05-27,login,Free,기존
u_10011,2024-05-27,login,Free,기존
u_10040,2024-05-27,login,Basic,기존
u_10043,2024-05-27,login,Basic,기존
u_10046,2024-05-27,login,Free,기존
u_10055,2024-05-27,cancel,Basic,이탈위험
u_10068,2024-05-27,login,Basic,기존
u_10069,2024-05-27,login,Basic,기존
u_10074,2024-05-27,login,Basic,기존
u_10075,2024-05-27,login,Free,기존
u_10087,2024-05-27,login,Free,기존
u_10114,2024-05-27,login,Free,기존
u_10136,2024-05-27,login,Basic,기존
u_10138,2024-05-27,cancel,Pro,이탈위험
u_10160,2024-05-27,login,Pro,기존
u_10161,2024-05-27,login,Free,기존
u_10193,2024-05-27,login,Basic,기존
u_10194,2024-05-27,login,Free,기존
u_10203,2024-05-27,login,Basic,기존
u_10213,2024-05-27,login,Basic,기존
u_10237,2024-05-27,login,Basic,기존
u_10240,2024-05-27,login,Basic,기존
u_10240,2024-05-27,search_fail,Basic,기존
u_10252,2024-05-27,login,Free,기존
u_10256,2024-05-27,cancel,Pro,이탈위험
u_10266,2024-05-27,login,Basic,기존
u_10291,2024-05-27,login,Pro,기존
u_10295,2024-05-27,login,Basic,기존
u_10338,2024-05-27,login,Free,기존
u_10340,2024-05-27,login,Basic,기존
u_10358,2024-05-27,search_fail,Free,기존
u_10362,2024-05-27,search_fail,Basic,기존
u_10370,2024-05-27,search_fail,Free,기존
u_10379,2024-05-27,login,Free,기존
u_10380,2024-05-27,login,Basic,기존
u_10388,2024-05-27,login,Basic,기존
u_10392,2024-05-27,search_fail,Basic,기존
u_10399,2024-05-27,cancel,Free,이탈위험
u_10408,2024-05-27,login,Basic,기존
u_10411,2024-05-27,login,Basic,기존
u_10432,2024-05-27,login,Pro,기존
u_10442,2024-05-27,login,Basic,기존
u_10444,2024-05-27,login,Free,기존
u_10448,2024-05-27,login,Pro,기존
u_10457,2024-05-27,cancel,Free,이탈위험
u_10459,2024-05-27,login,Free,기존
u_10473,2024-05-27,login,Basic,기존
u_10487,2024-05-27,login,Pro,기존
u_10502,2024-05-27,login,Pro,기존
u_10509,2024-05-27,login,Free,기존
u_10513,2024-05-27,login,Basic,기존
u_10517,2024-05-27,login,Basic,기존
u_10521,2024-05-27,login,Basic,기존
u_10528,2024-05-27,login,Basic,기존
u_10530,2024-05-27,login,Pro,기존
u_10535,2024-05-27,login,Basic,기존
u_10553,2024-05-27,login,Pro,기존
u_10567,2024-05-27,login,Basic,기존
u_10573,2024-05-27,login,Free,기존
u_10577,2024-05-27,cancel,Free,이탈위험
u_10580,2024-05-27,login,Basic,기존
u_10585,2024-05-27,login,Basic,기존
u_10588,2024-05-27,login,Free,기존
u_10609,2024-05-27,login,Basic,기존
u_10624,2024-05-27,login,Free,기존
u_10625,2024-05-27,login,Free,기존
u_10650,2024-05-27,cancel,Basic,이탈위험
u_10653,2024-05-27,login,Pro,기존
u_10654,2024-05-27,login,Basic,기존
u_10657,2024-05-27,login,Free,기존
u_10671,2024-05-27,login,Basic,기존
u_10677,2024-05-27,cancel,Basic,이탈위험
u_10684,2024-05-27,payment,Free,신규
u_10686,2024-05-27,payment,Free,신규
u_10686,2024-05-27,login,Free,기존
u_10695,2024-05-27,login,Basic,이탈위험
u_10705,2024-05-27,login,Free,기존
u_10707,2024-05-27,login,Free,이탈위험
u_10709,2024-05-27,search_fail,Free,기존
u_10718,2024-05-27,login,Basic,기존
u_10719,2024-05-27,login,Pro,기존
u_10725,2024-05-27,login,Free,기존
u_10730,2024-05-27,search_fail,Free,이탈위험
u_10731,2024-05-27,payment,Free,신규
u_10733,2024-05-27,payment,Free,신규
u_10736,2024-05-27,login,Basic,기존
u_10738,2024-05-27,search_fail,Basic,이탈위험
u_10741,2024-05-27,payment,Basic,신규
u_10744,2024-05-27,login,Basic,기존
u_10751,2024-05-27,login,Pro,이탈위험
u_10755,2024-05-27,payment,Free,신규
u_10761,2024-05-27,cancel,Free,이탈위험
u_10763,2024-05-27,login,Pro,기존
u_10764,2024-05-27,search_fail,Basic,이탈위험
u_10773,2024-05-27,login,Basic,이탈위험
u_10789,2024-05-27,search_fail,Free,이탈위험
u_10791,2024-05-27,login,Free,신규
u_10795,2024-05-27,login,Free,신규
u_10800,2024-05-27,trial_start,Basic,신규
u_10804,2024-05-27,login,Basic,신규
u_10807,2024-05-27,trial_start,Basic,신규
u_10816,2024-05-27,login,Basic,신규
u_10825,2024-05-27,trial_start,Basic,신규
u_10829,2024-05-27,login,Free,신규
u_10831,2024-05-27,trial_start,Free,신규
u_10833,2024-05-27,trial_start,Basic,신규
u_10833,2024-05-27,login,Basic,신규
u_10837,2024-05-27,cancel,Basic,이탈위험
u_10840,2024-05-27,login,Free,신규
u_10846,2024-05-27,trial_start,Basic,신규
u_10851,2024-05-27,search_fail,Basic,신규
u_10854,2024-05-27,trial_start,Free,신규
u_10860,2024-05-27,login,Basic,신규
u_10868,2024-05-27,login,Basic,신규
u_10872,2024-05-27,search_fail,Basic,신규
u_10873,2024-05-27,login,Free,신규
u_10874,2024-05-27,login,Pro,신규
u_10880,2024-05-27,trial_start,Pro,신규
u_10883,2024-05-27,trial_start,Basic,신규
u_10894,2024-05-27,signup,Free,신규
u_10895,2024-05-27,signup,Free,신규
u_10897,2024-05-27,signup,Pro,신규
u_10906,2024-05-27,signup,Free,신규
u_10910,2024-05-27,signup,Basic,신규
u_10914,2024-05-27,signup,Basic,신규
u_10915,2024-05-27,signup,Basic,신규
u_10918,2024-05-27,signup,Pro,신규
u_10923,2024-05-27,signup,Basic,신규
u_10926,2024-05-27,signup,Pro,신규
u_10927,2024-05-27,signup,Basic,신규
u_10930,2024-05-27,signup,Free,신규
u_10932,2024-05-27,signup,Basic,신규
u_10935,2024-05-27,signup,Basic,신규
u_10936,2024-05-27,signup,Basic,신규
u_10939,2024-05-27,signup,Free,신규
u_10946,2024-05-27,signup,Free,신규
u_10949,2024-05-27,signup,Basic,신규
u_10962,2024-05-27,signup,Free,신규
u_10964,2024-05-27,signup,Basic,신규
u_10969,2024-05-27,signup,Pro,신규
u_10975,2024-05-27,signup,Basic,신규
u_10007,2024-05-28,search_fail,Free,기존
u_10023,2024-05-28,login,Pro,기존
u_10024,2024-05-28,login,Pro,기존
u_10024,2024-05-28,search_fail,Pro,기존
u_10038,2024-05-28,login,Basic,기존
u_10053,2024-05-28,login,Basic,기존
u_10076,2024-05-28,login,Free,기존
u_10097,2024-05-28,login,Basic,기존
u_10102,2024-05-28,login,Basic,기존
u_10124,2024-05-28,login,Basic,기존
u_10156,2024-05-28,search_fail,Basic,기존
u_10163,2024-05-28,login,Free,기존
u_10167,2024-05-28,login,Basic,기존
u_10169,2024-05-28,login,Free,기존
u_10173,2024-05-28,login,Pro,기존
u_10173,2024-05-28,search_fail,Pro,기존
u_10181,2024-05-28,login,Basic,기존
u_10198,2024-05-28,login,Free,기존
u_10202,2024-05-28,login,Free,기존
u_10218,2024-05-28,login,Free,기존
u_10242,2024-05-28,login,Free,기존
u_10249,2024-05-28,login,Free,기존
u_10261,2024-05-28,login,Free,기존
u_10287,2024-05-28,login,Free,기존
u_10296,2024-05-28,login,Free,기존
u_10299,2024-05-28,login,Basic,기존
u_10307,2024-05-28,login,Basic,기존
u_10313,2024-05-28,login,Pro,기존
u_10326,2024-05-28,login,Pro,기존
u_10375,2024-05-28,login,Free,기존
u_10395,2024-05-28,login,Basic,기존
u_10401,2024-05-28,search_fail,Pro,기존
u_10402,2024-05-28,search_fail,Free,기존
u_10403,2024-05-28,login,Basic,기존
u_10417,2024-05-28,login,Free,기존
u_10431,2024-05-28,login,Pro,기존
u_10436,2024-05-28,search_fail,Basic,기존
u_10439,2024-05-28,login,Free,기존
u_10451,2024-05-28,login,Pro,이탈위험
u_10453,2024-05-28,login,Pro,기존
u_10458,2024-05-28,login,Free,기존
u_10465,2024-05-28,login,Basic,기존
u_10490,2024-05-28,login,Free,기존
u_10491,2024-05-28,login,Free,기존
u_10492,2024-05-28,login,Pro,기존
u_10493,2024-05-28,cancel,Basic,이탈위험
u_10504,2024-05-28,login,Free,기존
u_10510,2024-05-28,login,Free,기존
u_10516,2024-05-28,login,Free,기존
u_10525,2024-05-28,login,Free,기존
u_10529,2024-05-28,login,Free,기존
u_10545,2024-05-28,login,Free,기존
u_10550,2024-05-28,login,Basic,기존
u_10555,2024-05-28,login,Pro,기존
u_10557,2024-05-28,login,Basic,기존
u_10558,2024-05-28,login,Free,기존
u_10559,2024-05-28,login,Free,기존
u_10562,2024-05-28,login,Pro,기존
u_10566,2024-05-28,login,Free,기존
u_10586,2024-05-28,login,Basic,기존
u_10604,2024-05-28,cancel,Pro,이탈위험
u_10608,2024-05-28,login,Basic,기존
u_10616,2024-05-28,search_fail,Free,기존
u_10629,2024-05-28,login,Free,기존
u_10636,2024-05-28,login,Basic,기존
u_10637,2024-05-28,login,Free,기존
u_10641,2024-05-28,login,Free,기존
u_10642,2024-05-28,login,Pro,기존
u_10646,2024-05-28,cancel,Basic,이탈위험
u_10656,2024-05-28,login,Basic,기존
u_10663,2024-05-28,login,Free,기존
u_10675,2024-05-28,cancel,Free,이탈위험
u_10676,2024-05-28,login,Pro,기존
u_10678,2024-05-28,cancel,Basic,이탈위험
u_10679,2024-05-28,login,Free,기존
u_10684,2024-05-28,login,Free,기존
u_10690,2024-05-28,login,Basic,기존
u_10696,2024-05-28,login,Basic,기존
u_10700,2024-05-28,login,Basic,이탈위험
u_10702,2024-05-28,payment,Basic,신규
u_10706,2024-05-28,login,Basic,기존
u_10717,2024-05-28,login,Basic,이탈위험
u_10720,2024-05-28,cancel,Basic,이탈위험
u_10723,2024-05-28,payment,Free,신규
u_10725,2024-05-28,payment,Free,신규
u_10727,2024-05-28,payment,Free,신규
u_10732,2024-05-28,login,Free,기존
u_10739,2024-05-28,login,Pro,기존
u_10742,2024-05-28,login,Free,기존
u_10743,2024-05-28,login,Pro,기존
u_10750,2024-05-28,login,Free,기존
u_10757,2024-05-28,login,Free,기존
u_10770,2024-05-28,login,Free,기존
u_10792,2024-05-28,login,Pro,이탈위험
u_10802,2024-05-28,payment,Basic,신규
u_10804,2024-05-28,trial_start,Basic,신규
u_10806,2024-05-28,cancel,Basic,이탈위험
u_10813,2024-05-28,payment,Free,신규
u_10815,2024-05-28,login,Basic,신규
u_10820,2024-05-28,login,Free,이탈위험
u_10821,2024-05-28,trial_start,Basic,신규
u_10822,2024-05-28,search_fail,Free,신규
u_10823,2024-05-28,search_fail,Basic,신규
u_10832,2024-05-28,login,Basic,신규
u_10838,2024-05-28,cancel,Free,이탈위험
u_10839,2024-05-28,cancel,Free,이탈위험
u_10856,2024-05-28,payment,Basic,신규
u_10877,2024-05-28,login,Basic,신규
u_10881,2024-05-28,login,Free,신규
u_10886,2024-05-28,signup,Basic,신규
u_10887,2024-05-28,signup,Free,신규
u_10892,2024-05-28,signup,Pro,신규
u_10910,2024-05-28,trial_start,Basic,신규
u_10912,2024-05-28,signup,Basic,신규
u_10913,2024-05-28,signup,Free,신규
u_10916,2024-05-28,signup,Pro,신규
u_10919,2024-05-28,signup,Basic,신규
u_10924,2024-05-28,signup,Free,신규
u_10925,2024-05-28,signup,Basic,신규
u_10928,2024-05-28,signup,Free,신규
u_10941,2024-05-28,signup,Pro,신규
u_10942,2024-05-28,signup,Pro,신규
u_10950,2024-05-28,signup,Free,신규
u_10955,2024-05-28,signup,Basic,신규
u_10963,2024-05-28,signup,Basic,신규
u_10965,2024-05-28,signup,Free,신규
u_10966,2024-05-28,signup,Basic,신규
u_10974,2024-05-28,signup,Basic,신규
u_10008,2024-05-29,login,Pro,기존
u_10012,2024-05-29,login,Pro,기존
u_10016,2024-05-29,login,Free,기존
u_10022,2024-05-29,login,Free,기존
u_10028,2024-05-29,login,Free,기존
u_10033,2024-05-29,login,Free,기존
u_10045,2024-05-29,search_fail,Free,기존
u_10058,2024-05-29,login,Free,기존
u_10059,2024-05-29,login,Pro,기존
u_10062,2024-05-29,login,Free,기존
u_10092,2024-05-29,login,Pro,기존
u_10095,2024-05-29,login,Free,기존
u_10101,2024-05-29,login,Pro,기존
u_10113,2024-05-29,search_fail,Basic,기존
u_10122,2024-05-29,login,Free,기존
u_10127,2024-05-29,login,Free,기존
u_10129,2024-05-29,login,Free,기존
u_10135,2024-05-29,login,Basic,기존
u_10149,2024-05-29,cancel,Free,이탈위험
u_10153,2024-05-29,login,Pro,기존
u_10157,2024-05-29,login,Pro,기존
u_10184,2024-05-29,login,Basic,기존
u_10210,2024-05-29,login,Basic,기존
u_10214,2024-05-29,login,Pro,기존
u_10219,2024-05-29,login,Basic,기존
u_10228,2024-05-29,login,Basic,기존
u_10232,2024-05-29,login,Basic,기존
u_10257,2024-05-29,login,Pro,기존
u_10263,2024-05-29,login,Basic,기존
u_10264,2024-05-29,login,Pro,기존
u_10298,2024-05-29,login,Free,기존
u_10301,2024-05-29,login,Pro,기존
u_10308,2024-05-29,login,Free,기존
u_10343,2024-05-29,login,Free,기존
u_10376,2024-05-29,login,Basic,기존
u_10383,2024-05-29,login,Basic,기존
u_10385,2024-05-29,login,Free,기존
u_10391,2024-05-29,login,Basic,기존
u_10406,2024-05-29,login,Basic,기존
u_10420,2024-05-29,login,Basic,기존
u_10436,2024-05-29,login,Basic,기존
u_10441,2024-05-29,login,Pro,기존
u_10445,2024-05-29,search_fail,Basic,기존
u_10449,2024-05-29,login,Basic,기존
u_10478,2024-05-29,login,Free,기존
u_10484,2024-05-29,search_fail,Basic,기존
u_10501,2024-05-29,login,Free,기존
u_10502,2024-05-29,search_fail,Pro,기존
u_10512,2024-05-29,login,Free,이탈위험
u_10534,2024-05-29,login,Basic,기존
u_10535,2024-05-29,search_fail,Basic,기존
u_10540,2024-05-29,login,Free,기존
u_10565,2024-05-29,cancel,Basic,이탈위험
u_10584,2024-05-29,login,Free,기존
u_10589,2024-05-29,login,Basic,기존
u_10592,2024-05-29,cancel,Free,이탈위험
u_10593,2024-05-29,cancel,Free,이탈위험
u_10598,2024-05-29,search_fail,Free,기존
u_10606,2024-05-29,login,Free,기존
u_10610,2024-05-29,search_fail,Free,기존
u_10611,2024-05-29,cancel,Free,이탈위험
u_10615,2024-05-29,cancel,Free,이탈위험
u_10616,2024-05-29,login,Free,기존
u_10618,2024-05-29,login,Free,기존
u_10622,2024-05-29,login,Pro,기존
u_10633,2024-05-29,cancel,Free,이탈위험
u_10645,2024-05-29,login,Basic,기존
u_10658,2024-05-29,login,Basic,기존
u_10659,2024-05-29,login,Free,기존
u_10664,2024-05-29,cancel,Free,이탈위험
u_10667,2024-05-29,cancel,Basic,이탈위험
u_10668,2024-05-29,login,Basic,기존
u_10683,2024-05-29,login,Free,기존
u_10691,2024-05-29,login,Basic,기존
u_10697,2024-05-29,cancel,Free,이탈위험
u_10699,2024-05-29,login,Basic,기존
u_10715,2024-05-29,login,Basic,기존
u_10716,2024-05-29,payment,Basic,신규
u_10729,2024-05-29,login,Free,기존
u_10731,2024-05-29,login,Free,기존
u_10735,2024-05-29,login,Free,기존
u_10740,2024-05-29,payment,Pro,신규
u_10741,2024-05-29,login,Basic,기존
u_10747,2024-05-29,login,Pro,기존
u_10748,2024-05-29,search_fail,Free,기존
u_10756,2024-05-29,login,Pro,기존
u_10760,2024-05-29,login,Pro,이탈위험
u_10764,2024-05-29,login,Basic,이탈위험
u_10766,2024-05-29,cancel,Basic,이탈위험
u_10773,2024-05-29,payment,Basic,신규
u_10781,2024-05-29,login,Basic,기존
u_10782,2024-05-29,login,Basic,기존
u_10784,2024-05-29,cancel,Basic,이탈위험
u_10788,2024-05-29,trial_start,Free,신규
u_10796,2024-05-29,login,Free,신규
u_10802,2024-05-29,login,Basic,신규
u_10809,2024-05-29,search_fail,Basic,신규
u_10814,2024-05-29,login,Free,신규
u_10816,2024-05-29,trial_start,Basic,신규
u_10823,2024-05-29,login,Basic,신규
u_10824,2024-05-29,cancel,Free,이탈위험
u_10826,2024-05-29,search_fail,Pro,신규
u_10836,2024-05-29,login,Basic,신규
u_10842,2024-05-29,trial_start,Free,신규
u_10845,2024-05-29,payment,Basic,신규
u_10852,2024-05-29,login,Basic,신규
u_10854,2024-05-29,login,Free,신규
u_10856,2024-05-29,login,Basic,신규
u_10861,2024-05-29,search_fail,Basic,신규
u_10862,2024-05-29,login,Free,신규
u_10863,2024-05-29,login,Basic,신규
u_10867,2024-05-29,login,Basic,신규
u_10876,2024-05-29,login,Basic,이탈위험
u_10888,2024-05-29,signup,Free,신규
u_10901,2024-05-29,signup,Basic,신규
u_10903,2024-05-29,signup,Pro,신규
u_10904,2024-05-29,signup,Basic,신규
u_10905,2024-05-29,signup,Free,신규
u_10908,2024-05-29,signup,Pro,신규
u_10909,2024-05-29,signup,Basic,신규
u_10917,2024-05-29,signup,Pro,신규
u_10922,2024-05-29,signup,Free,신규
u_10925,2024-05-29,trial_start,Basic,신규
u_10929,2024-05-29,signup,Basic,신규
u_10934,2024-05-29,signup,Basic,신규
u_10937,2024-05-29,signup,Basic,신규
u_10938,2024-05-29,signup,Basic,신규
u_10939,2024-05-29,trial_start,Free,신규
u_10942,2024-05-29,trial_start,Pro,신규
u_10945,2024-05-29,signup,Free,신규
u_10947,2024-05-29,signup,Pro,신규
u_10948,2024-05-29,signup,Free,신규
u_10952,2024-05-29,signup,Free,신규
u_10959,2024-05-29,signup,Basic,신규
u_10964,2024-05-29,trial_start,Basic,신규
u_10968,2024-05-29,signup,Free,신규
u_10973,2024-05-29,signup,Free,신규
u_10976,2024-05-29,signup,Basic,신규
u_10977,2024-05-29,signup,Basic,신규
u_10978,2024-05-29,signup,Free,신규
u_10010,2024-05-30,login,Pro,기존
u_10026,2024-05-30,login,Pro,기존
u_10051,2024-05-30,search_fail,Pro,기존
u_10056,2024-05-30,login,Free,기존
u_10061,2024-05-30,login,Free,기존
u_10065,2024-05-30,login,Free,기존
u_10128,2024-05-30,login,Basic,기존
u_10142,2024-05-30,login,Free,기존
u_10156,2024-05-30,login,Basic,기존
u_10157,2024-05-30,search_fail,Pro,기존
u_10168,2024-05-30,login,Pro,기존
u_10183,2024-05-30,login,Free,기존
u_10188,2024-05-30,login,Basic,기존
u_10201,2024-05-30,login,Free,이탈위험
u_10215,2024-05-30,login,Free,기존
u_10246,2024-05-30,login,Pro,기존
u_10254,2024-05-30,login,Free,기존
u_10278,2024-05-30,login,Pro,기존
u_10293,2024-05-30,login,Pro,기존
u_10309,2024-05-30,login,Basic,기존
u_10317,2024-05-30,login,Pro,기존
u_10321,2024-05-30,login,Free,기존
u_10322,2024-05-30,login,Free,기존
u_10327,2024-05-30,login,Pro,기존
u_10348,2024-05-30,login,Basic,기존
u_10352,2024-05-30,login,Pro,기존
u_10352,2024-05-30,search_fail,Pro,기존
u_10358,2024-05-30,login,Free,기존
u_10366,2024-05-30,login,Basic,기존
u_10384,2024-05-30,search_fail,Basic,기존
u_10389,2024-05-30,login,Basic,기존
u_10392,2024-05-30,login,Basic,기존
u_10423,2024-05-30,login,Free,기존
u_10438,2024-05-30,login,Pro,기존
u_10447,2024-05-30,login,Free,기존
u_10452,2024-05-30,login,Pro,기존
u_10468,2024-05-30,login,Basic,기존
u_10469,2024-05-30,login,Free,기존
u_10471,2024-05-30,login,Basic,기존
u_10481,2024-05-30,login,Basic,기존
u_10484,2024-05-30,login,Basic,기존
u_10495,2024-05-30,login,Pro,기존
u_10500,2024-05-30,login,Free,기존
u_10500,2024-05-30,search_fail,Free,기존
u_10511,2024-05-30,login,Free,기존
u_10514,2024-05-30,login,Basic,기존
u_10522,2024-05-30,login,Pro,기존
u_10531,2024-05-30,login,Basic,기존
u_10543,2024-05-30,login,Free,기존
u_10544,2024-05-30,login,Free,기존
u_10546,2024-05-30,login,Pro,기존
u_10571,2024-05-30,login,Basic,기존
u_10572,2024-05-30,login,Basic,기존
u_10587,2024-05-30,cancel,Basic,이탈위험
u_10595,2024-05-30,login,Free,기존
u_10606,2024-05-30,search_fail,Free,기존
u_10612,2024-05-30,cancel,Free,이탈위험
u_10613,2024-05-30,login,Basic,기존
u_10621,2024-05-30,login,Basic,기존
u_10630,2024-05-30,cancel,Basic,이탈위험
u_10639,2024-05-30,login,Basic,이탈위험
u_10647,2024-05-30,cancel,Basic,이탈위험
u_10649,2024-05-30,login,Free,기존
u_10670,2024-05-30,login,Basic,기존
u_10680,2024-05-30,login,Free,기존
u_10698,2024-05-30,cancel,Basic,이탈위험
u_10701,2024-05-30,login,Free,기존
u_10702,2024-05-30,login,Basic,기존
u_10709,2024-05-30,login,Free,기존
u_10724,2024-05-30,login,Pro,기존
u_10726,2024-05-30,login,Free,기존
u_10729,2024-05-30,search_fail,Free,기존
u_10743,2024-05-30,payment,Pro,신규
u_10749,2024-05-30,login,Pro,기존
u_10759,2024-05-30,login,Free,기존
u_10765,2024-05-30,login,Basic,기존
u_10768,2024-05-30,login,Basic,기존
u_10771,2024-05-30,login,Pro,기존
u_10774,2024-05-30,login,Basic,이탈위험
u_10777,2024-05-30,login,Basic,이탈위험
u_10780,2024-05-30,cancel,Basic,이탈위험
u_10786,2024-05-30,login,Basic,기존
u_10798,2024-05-30,login,Pro,신규
u_10807,2024-05-30,login,Basic,신규
u_10813,2024-05-30,login,Free,신규
u_10816,2024-05-30,payment,Basic,신규
u_10825,2024-05-30,login,Basic,신규
u_10831,2024-05-30,login,Free,신규
u_10835,2024-05-30,login,Free,신규
u_10842,2024-05-30,payment,Free,신규
u_10846,2024-05-30,login,Basic,신규
u_10855,2024-05-30,search_fail,Free,신규
u_10860,2024-05-30,search_fail,Basic,신규
u_10861,2024-05-30,login,Basic,신규
u_10882,2024-05-30,login,Basic,신규
u_10883,2024-05-30,payment,Basic,신규
u_10883,2024-05-30,login,Basic,신규
u_10890,2024-05-30,signup,Basic,신규
u_10891,2024-05-30,signup,Pro,신규
u_10896,2024-05-30,signup,Basic,신규
u_10899,2024-05-30,signup,Free,신규
u_10900,2024-05-30,signup,Free,신규
u_10911,2024-05-30,signup,Free,신규
u_10936,2024-05-30,trial_start,Basic,신규
u_10940,2024-05-30,signup,Pro,신규
u_10949,2024-05-30,trial_start,Basic,신규
u_10951,2024-05-30,signup,Basic,신규
u_10956,2024-05-30,signup,Free,신규
u_10957,2024-05-30,signup,Basic,신규
u_10960,2024-05-30,signup,Free,신규
u_10961,2024-05-30,signup,Pro,신규
u_10967,2024-05-30,signup,Pro,신규
u_10972,2024-05-30,signup,Pro,신규
u_10979,2024-05-30,signup,Basic,신규
u_10002,2024-05-31,search_fail,Basic,기존
u_10013,2024-05-31,login,Free,기존
u_10034,2024-05-31,login,Basic,기존
u_10036,2024-05-31,login,Pro,기존
u_10066,2024-05-31,login,Pro,기존
u_10079,2024-05-31,login,Free,기존
u_10105,2024-05-31,login,Free,기존
u_10109,2024-05-31,login,Free,기존
u_10112,2024-05-31,login,Basic,기존
u_10158,2024-05-31,login,Basic,기존
u_10164,2024-05-31,cancel,Basic,이탈위험
u_10165,2024-05-31,search_fail,Free,기존
u_10166,2024-05-31,login,Pro,기존
u_10170,2024-05-31,login,Free,기존
u_10207,2024-05-31,login,Free,기존
u_10224,2024-05-31,login,Basic,기존
u_10230,2024-05-31,login,Basic,기존
u_10258,2024-05-31,login,Basic,기존
u_10259,2024-05-31,login,Free,기존
u_10265,2024-05-31,login,Free,기존
u_10268,2024-05-31,login,Basic,기존
u_10269,2024-05-31,login,Free,기존
u_10305,2024-05-31,login,Pro,기존
u_10328,2024-05-31,login,Free,기존
u_10330,2024-05-31,login,Basic,기존
u_10350,2024-05-31,login,Basic,기존
u_10359,2024-05-31,login,Pro,기존
u_10362,2024-05-31,login,Basic,기존
u_10363,2024-05-31,search_fail,Free,기존
u_10384,2024-05-31,login,Basic,기존
u_10390,2024-05-31,login,Basic,기존
u_10409,2024-05-31,search_fail,Free,기존
u_10410,2024-05-31,login,Free,기존
u_10440,2024-05-31,login,Pro,기존
u_10455,2024-05-31,login,Free,기존
u_10462,2024-05-31,login,Pro,기존
u_10473,2024-05-31,search_fail,Basic,기존
u_10498,2024-05-31,cancel,Pro,이탈위험
u_10505,2024-05-31,login,Free,기존
u_10507,2024-05-31,login,Free,기존
u_10526,2024-05-31,login,Basic,기존
u_10532,2024-05-31,login,Free,기존
u_10536,2024-05-31,login,Basic,기존
u_10538,2024-05-31,login,Pro,기존
u_10549,2024-05-31,login,Basic,기존
u_10567,2024-05-31,search_fail,Basic,기존
u_10570,2024-05-31,cancel,Pro,이탈위험
u_10576,2024-05-31,cancel,Free,이탈위험
u_10581,2024-05-31,login,Free,기존
u_10590,2024-05-31,login,Free,기존
u_10598,2024-05-31,login,Free,기존
u_10599,2024-05-31,login,Basic,기존
u_10600,2024-05-31,search_fail,Free,기존
u_10602,2024-05-31,cancel,Free,이탈위험
u_10603,2024-05-31,login,Free,기존
u_10605,2024-05-31,login,Pro,기존
u_10620,2024-05-31,login,Pro,기존
u_10631,2024-05-31,login,Basic,기존
u_10632,2024-05-31,login,Basic,기존
u_10634,2024-05-31,cancel,Free,이탈위험
u_10635,2024-05-31,login,Free,기존
u_10638,2024-05-31,search_fail,Basic,기존
u_10643,2024-05-31,login,Basic,기존
u_10655,2024-05-31,cancel,Basic,이탈위험
u_10660,2024-05-31,login,Free,기존
u_10662,2024-05-31,login,Free,기존
u_10665,2024-05-31,login,Free,기존
u_10681,2024-05-31,login,Free,이탈위험
u_10687,2024-05-31,cancel,Basic,이탈위험
u_10716,2024-05-31,login,Basic,이탈위험
u_10723,2024-05-31,login,Free,기존
u_10723,2024-05-31,search_fail,Free,기존
u_10730,2024-05-31,login,Free,이탈위험
u_10738,2024-05-31,login,Basic,이탈위험
u_10745,2024-05-31,search_fail,Free,기존
u_10754,2024-05-31,login,Pro,기존
u_10755,2024-05-31,login,Free,기존
u_10762,2024-05-31,cancel,Basic,이탈위험
u_10772,2024-05-31,login,Basic,기존
u_10775,2024-05-31,login,Free,기존
u_10783,2024-05-31,cancel,Basic,이탈위험
u_10788,2024-05-31,cancel,Free,이탈위험
u_10790,2024-05-31,payment,Free,신규
u_10790,2024-05-31,login,Free,신규
u_10793,2024-05-31,login,Free,신규
u_10794,2024-05-31,login,Basic,신규
u_10821,2024-05-31,login,Basic,신규
u_10829,2024-05-31,payment,Free,신규
u_10842,2024-05-31,login,Free,신규
u_10844,2024-05-31,login,Basic,신규
u_10845,2024-05-31,login,Basic,신규
u_10854,2024-05-31,payment,Free,신규
u_10859,2024-05-31,payment,Pro,신규
u_10866,2024-05-31,login,Pro,신규
u_10870,2024-05-31,login,Free,신규
u_10878,2024-05-31,login,Free,신규
u_10879,2024-05-31,login,Pro,신규
u_10879,2024-05-31,search_fail,Pro,신규
u_10884,2024-05-31,login,Free,신규
u_10889,2024-05-31,signup,Pro,신규
u_10893,2024-05-31,signup,Free,신규
u_10898,2024-05-31,signup,Pro,신규
u_10902,2024-05-31,signup,Free,신규
u_10907,2024-05-31,signup,Free,신규
u_10913,2024-05-31,trial_start,Free,신규
u_10920,2024-05-31,signup,Free,신규
u_10921,2024-05-31,signup,Basic,신규
u_10931,2024-05-31,signup,Basic,신규
u_10933,2024-05-31,signup,Basic,신규
u_10941,2024-05-31,trial_start,Pro,신규
u_10943,2024-05-31,signup,Free,신규
u_10944,2024-05-31,signup,Basic,신규
u_10948,2024-05-31,trial_start,Free,신규
u_10953,2024-05-31,signup,Free,신규
u_10954,2024-05-31,signup,Free,신규
u_10958,2024-05-31,signup,Basic,신규
u_10965,2024-05-31,trial_start,Free,신규
u_10970,2024-05-31,signup,Free,신규
u_10971,2024-05-31,signup,Pro,신규
u_10978,2024-05-31,trial_start,Free,신규
u_10002,2024-06-01,login,Basic,기존
u_10017,2024-06-01,login,Basic,기존
u_10021,2024-06-01,login,Free,기존
u_10044,2024-06-01,login,Basic,기존
u_10048,2024-06-01,login,Basic,기존
u_10050,2024-06-01,login,Free,기존
u_10060,2024-06-01,login,Free,기존
u_10072,2024-06-01,login,Free,기존
u_10088,2024-06-01,login,Basic,기존
u_10093,2024-06-01,login,Basic,기존
u_10100,2024-06-01,login,Basic,기존
u_10103,2024-06-01,login,Free,기존
u_10106,2024-06-01,login,Basic,기존
u_10120,2024-06-01,login,Free,기존
u_10130,2024-06-01,login,Basic,기존
u_10134,2024-06-01,login,Pro,기존
u_10137,2024-06-01,login,Basic,기존
u_10147,2024-06-01,login,Free,기존
u_10180,2024-06-01,login,Basic,기존
u_10185,2024-06-01,login,Basic,기존
u_10197,2024-06-01,login,Pro,기존
u_10199,2024-06-01,login,Pro,기존
u_10200,2024-06-01,login,Basic,기존
u_10204,2024-06-01,login,Basic,기존
u_10211,2024-06-01,login,Pro,기존
u_10221,2024-06-01,login,Free,기존
u_10241,2024-06-01,login,Pro,기존
u_10262,2024-06-01,search_fail,Basic,기존
u_10281,2024-06-01,login,Basic,기존
u_10283,2024-06-01,login,Basic,기존
u_10302,2024-06-01,login,Free,기존
u_10306,2024-06-01,login,Basic,기존
u_10323,2024-06-01,login,Basic,기존
u_10332,2024-06-01,login,Free,기존
u_10334,2024-06-01,login,Basic,기존
u_10336,2024-06-01,login,Basic,기존
u_10349,2024-06-01,login,Free,기존
u_10353,2024-06-01,login,Basic,기존
u_10363,2024-06-01,login,Free,기존
u_10377,2024-06-01,login,Pro,기존
u_10396,2024-06-01,login,Basic,이탈위험
u_10408,2024-06-01,search_fail,Basic,기존
u_10411,2024-06-01,search_fail,Basic,기존
u_10425,2024-06-01,login,Free,기존
u_10445,2024-06-01,login,Basic,기존
u_10466,2024-06-01,login,Free,기존
u_10485,2024-06-01,login,Free,기존
u_10496,2024-06-01,login,Basic,기존
u_10503,2024-06-01,login,Basic,기존
u_10508,2024-06-01,login,Pro,기존
u_10527,2024-06-01,login,Free,기존
u_10537,2024-06-01,login,Basic,기존
u_10578,2024-06-01,login,Basic,이탈위험
u_10578,2024-06-01,search_fail,Basic,이탈위험
u_10584,2024-06-01,search_fail,Free,기존
u_10596,2024-06-01,login,Pro,기존
u_10596,2024-06-01,search_fail,Pro,기존
u_10614,2024-06-01,login,Basic,기존
u_10619,2024-06-01,login,Basic,기존
u_10627,2024-06-01,login,Basic,기존
u_10673,2024-06-01,login,Basic,기존
u_10694,2024-06-01,login,Free,이탈위험
u_10710,2024-06-01,login,Free,이탈위험
u_10711,2024-06-01,login,Basic,기존
u_10712,2024-06-01,login,Basic,기존
u_10722,2024-06-01,login,Basic,기존
u_10727,2024-06-01,login,Free,기존
u_10733,2024-06-01,login,Free,기존
u_10734,2024-06-01,login,Pro,기존
u_10758,2024-06-01,login,Basic,이탈위험
u_10767,2024-06-01,login,Free,기존
u_10776,2024-06-01,login,Basic,이탈위험
u_10789,2024-06-01,login,Free,이탈위험
u_10800,2024-06-01,login,Basic,신규
u_10805,2024-06-01,login,Pro,신규
u_10810,2024-06-01,login,Basic,신규
u_10822,2024-06-01,login,Free,신규
u_10825,2024-06-01,payment,Basic,신규
u_10828,2024-06-01,login,Free,이탈위험
u_10834,2024-06-01,search_fail,Basic,이탈위험
u_10843,2024-06-01,login,Free,신규
u_10849,2024-06-01,login,Free,신규
u_10856,2024-06-01,search_fail,Basic,신규
u_10860,2024-06-01,payment,Basic,신규
u_10864,2024-06-01,login,Basic,이탈위험
u_10865,2024-06-01,login,Basic,신규
u_10871,2024-06-01,login,Free,신규
u_10872,2024-06-01,login,Basic,신규
u_10879,2024-06-01,payment,Pro,신규
u_10880,2024-06-01,login,Pro,신규
u_10880,2024-06-01,search_fail,Pro,신규
u_10888,2024-06-01,trial_start,Free,신규
u_10897,2024-06-01,trial_start,Pro,신규
u_10918,2024-06-01,trial_start,Pro,신규
u_10015,2024-06-02,login,Free,기존
u_10035,2024-06-02,login,Basic,기존
u_10037,2024-06-02,login,Free,기존
u_10039,2024-06-02,login,Free,기존
u_10051,2024-06-02,login,Pro,기존
u_10063,2024-06-02,login,Free,기존
u_10066,2024-06-02,search_fail,Pro,기존
u_10070,2024-06-02,login,Basic,기존
u_10076,2024-06-02,search_fail,Free,기존
u_10081,2024-06-02,login,Pro,기존
u_10090,2024-06-02,login,Free,기존
u_10118,2024-06-02,login,Basic,기존
u_10131,2024-06-02,login,Basic,기존
u_10139,2024-06-02,login,Free,기존
u_10146,2024-06-02,login,Basic,기존
u_10148,2024-06-02,login,Free,기존
u_10152,2024-06-02,login,Free,기존
u_10169,2024-06-02,search_fail,Free,기존
u_10176,2024-06-02,login,Free,기존
u_10179,2024-06-02,login,Basic,기존
u_10222,2024-06-02,login,Basic,기존
u_10239,2024-06-02,login,Basic,기존
u_10253,2024-06-02,login,Free,이탈위험
u_10274,2024-06-02,login,Free,기존
u_10276,2024-06-02,login,Basic,기존
u_10316,2024-06-02,login,Basic,기존
u_10318,2024-06-02,login,Pro,기존
u_10342,2024-06-02,login,Free,기존
u_10351,2024-06-02,login,Free,기존
u_10355,2024-06-02,login,Free,기존
u_10365,2024-06-02,login,Pro,기존
u_10367,2024-06-02,login,Free,기존
u_10373,2024-06-02,login,Basic,기존
u_10381,2024-06-02,login,Free,기존
u_10386,2024-06-02,login,Pro,기존
u_10402,2024-06-02,login,Free,기존
u_10405,2024-06-02,login,Basic,기존
u_10416,2024-06-02,login,Free,기존
u_10422,2024-06-02,login,Free,기존
u_10428,2024-06-02,login,Free,기존
u_10433,2024-06-02,login,Free,기존
u_10461,2024-06-02,login,Basic,기존
u_10472,2024-06-02,login,Pro,기존
u_10477,2024-06-02,login,Free,기존
u_10489,2024-06-02,login,Free,기존
u_10514,2024-06-02,search_fail,Basic,기존
u_10530,2024-06-02,search_fail,Pro,기존
u_10552,2024-06-02,login,Basic,기존
u_10564,2024-06-02,login,Basic,기존
u_10575,2024-06-02,login,Free,기존
u_10623,2024-06-02,login,Basic,기존
u_10682,2024-06-02,login,Free,기존
u_10691,2024-06-02,search_fail,Basic,기존
u_10692,2024-06-02,login,Basic,기존
u_10710,2024-06-02,search_fail,Free,이탈위험
u_10714,2024-06-02,login,Free,이탈위험
u_10737,2024-06-02,login,Free,기존
u_10746,2024-06-02,login,Free,기존
u_10769,2024-06-02,login,Basic,기존
u_10778,2024-06-02,login,Basic,이탈위험
u_10779,2024-06-02,login,Basic,기존
u_10787,2024-06-02,login,Basic,기존
u_10797,2024-06-02,login,Free,신규
u_10799,2024-06-02,login,Basic,신규
u_10801,2024-06-02,login,Basic,이탈위험
u_10804,2024-06-02,payment,Basic,신규
u_10808,2024-06-02,login,Free,신규
u_10812,2024-06-02,login,Basic,신규
u_10815,2024-06-02,payment,Basic,신규
u_10819,2024-06-02,payment,Basic,신규
u_10825,2024-06-02,search_fail,Basic,신규
u_10826,2024-06-02,login,Pro,신규
u_10835,2024-06-02,search_fail,Free,신규
u_10836,2024-06-02,search_fail,Basic,신규
u_10848,2024-06-02,login,Basic,신규
u_10855,2024-06-02,login,Free,신규
u_10857,2024-06-02,login,Basic,신규
u_10858,2024-06-02,login,Free,신규
u_10880,2024-06-02,payment,Pro,신규
u_10897,2024-06-02,payment,Pro,신규
u_10902,2024-06-02,trial_start,Free,신규
u_10904,2024-06-02,trial_start,Basic,신규
u_10916,2024-06-02,trial_start,Pro,신규
u_10953,2024-06-02,trial_start,Free,신규
u_10957,2024-06-02,trial_start,Basic,신규
u_10968,2024-06-02,trial_start,Free,신규
u_10002,2024-06-03,login,Basic,기존
u_10007,2024-06-03,login,Free,기존
u_10013,2024-06-03,login,Free,기존
u_10017,2024-06-03,search_fail,Basic,기존
u_10022,2024-06-03,login,Free,기존
u_10024,2024-06-03,login,Pro,기존
u_10037,2024-06-03,login,Free,기존
u_10039,2024-06-03,login,Free,기존
u_10048,2024-06-03,login,Basic,기존
u_10061,2024-06-03,login,Free,기존
u_10069,2024-06-03,login,Basic,기존
u_10070,2024-06-03,login,Basic,기존
u_10100,2024-06-03,login,Basic,기존
u_10111,2024-06-03,login,Free,기존
u_10129,2024-06-03,login,Free,기존
u_10134,2024-06-03,login,Pro,기존
u_10152,2024-06-03,login,Free,기존
u_10160,2024-06-03,login,Pro,기존
u_10168,2024-06-03,login,Pro,기존
u_10169,2024-06-03,login,Free,기존
u_10173,2024-06-03,login,Pro,기존
u_10183,2024-06-03,login,Free,기존
u_10232,2024-06-03,login,Basic,기존
u_10245,2024-06-03,login,Free,기존
u_10246,2024-06-03,login,Pro,기존
u_10253,2024-06-03,cancel,Free,이탈위험
u_10258,2024-06-03,login,Basic,기존
u_10265,2024-06-03,login,Free,기존
u_10267,2024-06-03,login,Free,기존
u_10276,2024-06-03,login,Basic,기존
u_10306,2024-06-03,login,Basic,기존
u_10308,2024-06-03,login,Free,기존
u_10312,2024-06-03,login,Free,기존
u_10316,2024-06-03,login,Basic,기존
u_10318,2024-06-03,login,Pro,기존
u_10322,2024-06-03,login,Free,기존
u_10323,2024-06-03,login,Basic,이탈위험
u_10336,2024-06-03,login,Basic,기존
u_10342,2024-06-03,login,Free,기존
u_10379,2024-06-03,login,Free,기존
u_10380,2024-06-03,login,Basic,기존
u_10383,2024-06-03,login,Basic,기존
u_10388,2024-06-03,login,Basic,기존
u_10430,2024-06-03,login,Pro,복귀
u_10436,2024-06-03,login,Basic,기존
u_10439,2024-06-03,login,Free,기존
u_10440,2024-06-03,search_fail,Pro,기존
u_10448,2024-06-03,login,Pro,기존
u_10451,2024-06-03,cancel,Pro,이탈위험
u_10452,2024-06-03,login,Pro,기존
u_10488,2024-06-03,login,Basic,복귀
u_10502,2024-06-03,login,Pro,기존
u_10520,2024-06-03,login,Free,복귀
u_10530,2024-06-03,search_fail,Pro,기존
u_10540,2024-06-03,login,Free,기존
u_10553,2024-06-03,login,Pro,기존
u_10555,2024-06-03,login,Pro,기존
u_10558,2024-06-03,login,Free,기존
u_10567,2024-06-03,login,Basic,기존
u_10571,2024-06-03,login,Basic,기존
u_10583,2024-06-03,login,Free,기존
u_10588,2024-06-03,login,Free,기존
u_10596,2024-06-03,login,Pro,기존
u_10600,2024-06-03,login,Free,기존
u_10606,2024-06-03,login,Free,기존
u_10616,2024-06-03,login,Free,기존
u_10651,2024-06-03,login,Free,기존
u_10663,2024-06-03,login,Free,기존
u_10676,2024-06-03,login,Pro,기존
u_10679,2024-06-03,search_fail,Free,기존
u_10683,2024-06-03,login,Free,기존
u_10689,2024-06-03,cancel,Basic,이탈위험
u_10700,2024-06-03,cancel,Basic,이탈위험
u_10714,2024-06-03,cancel,Free,이탈위험
u_10718,2024-06-03,login,Basic,기존
u_10718,2024-06-03,search_fail,Basic,기존
u_10719,2024-06-03,search_fail,Pro,기존
u_10723,2024-06-03,login,Free,기존
u_10729,2024-06-03,login,Free,기존
u_10733,2024-06-03,login,Free,기존
u_10739,2024-06-03,login,Pro,기존
u_10752,2024-06-03,search_fail,Basic,이탈위험
u_10760,2024-06-03,cancel,Pro,이탈위험
u_10767,2024-06-03,login,Free,기존
u_10774,2024-06-03,cancel,Basic,이탈위험
u_10775,2024-06-03,login,Free,기존
u_10781,2024-06-03,login,Basic,기존
u_10800,2024-06-03,payment,Basic,신규
u_10810,2024-06-03,search_fail,Basic,기존
u_10815,2024-06-03,login,Basic,기존
u_10818,2024-06-03,login,Pro,기존
u_10829,2024-06-03,search_fail,Free,기존
u_10834,2024-06-03,cancel,Basic,이탈위험
u_10836,2024-06-03,search_fail,Basic,기존
u_10843,2024-06-03,login,Free,기존
u_10852,2024-06-03,login,Basic,기존
u_10855,2024-06-03,login,Free,이탈위험
u_10855,2024-06-03,search_fail,Free,이탈위험
u_10857,2024-06-03,payment,Basic,신규
u_10864,2024-06-03,cancel,Basic,이탈위험
u_10867,2024-06-03,login,Basic,기존
u_10873,2024-06-03,login,Free,기존
u_10875,2024-06-03,login,Basic,기존
u_10875,2024-06-03,search_fail,Basic,기존
u_10878,2024-06-03,login,Free,기존
u_10887,2024-06-03,login,Free,신규
u_10902,2024-06-03,search_fail,Free,신규
u_10905,2024-06-03,login,Free,신규
u_10909,2024-06-03,search_fail,Basic,신규
u_10914,2024-06-03,cancel,Basic,이탈위험
u_10916,2024-06-03,login,Pro,신규
u_10923,2024-06-03,login,Basic,신규
u_10930,2024-06-03,login,Free,신규
u_10937,2024-06-03,login,Basic,신규
u_10946,2024-06-03,login,Free,신규
u_10956,2024-06-03,trial_start,Free,신규
u_10958,2024-06-03,trial_start,Basic,신규
u_10964,2024-06-03,login,Basic,신규
u_10977,2024-06-03,trial_start,Basic,신규
u_10986,2024-06-03,signup,Free,신규
u_10987,2024-06-03,signup,Pro,신규
u_10989,2024-06-03,signup,Pro,신규
u_10999,2024-06-03,signup,Basic,신규
u_11000,2024-06-03,signup,Free,신규
u_11008,2024-06-03,signup,Pro,신규
u_11012,2024-06-03,signup,Free,신규
u_11013,2024-06-03,signup,Pro,신규
u_11015,2024-06-03,signup,Basic,신규
u_11019,2024-06-03,signup,Basic,신규
u_11032,2024-06-03,signup,Pro,신규
u_11034,2024-06-03,signup,Free,신규
u_11036,2024-06-03,signup,Free,신규
u_11039,2024-06-03,signup,Basic,신규
u_11042,2024-06-03,signup,Basic,신규
u_11044,2024-06-03,signup,Basic,신규
u_11050,2024-06-03,signup,Free,신규
u_11052,2024-06-03,signup,Pro,신규
u_11053,2024-06-03,signup,Basic,신규
u_11057,2024-06-03,signup,Basic,신규
u_10004,2024-06-04,login,Basic,기존
u_10035,2024-06-04,login,Basic,기존
u_10038,2024-06-04,login,Basic,기존
u_10049,2024-06-04,login,Basic,기존
u_10056,2024-06-04,login,Free,기존
u_10068,2024-06-04,login,Basic,기존
u_10072,2024-06-04,login,Free,기존
u_10080,2024-06-04,login,Free,기존
u_10091,2024-06-04,login,Free,기존
u_10093,2024-06-04,login,Basic,기존
u_10101,2024-06-04,login,Pro,기존
u_10102,2024-06-04,login,Basic,기존
u_10105,2024-06-04,login,Free,기존
u_10106,2024-06-04,login,Basic,기존
u_10112,2024-06-04,login,Basic,기존
u_10112,2024-06-04,search_fail,Basic,기존
u_10113,2024-06-04,login,Basic,기존
u_10131,2024-06-04,login,Basic,이탈위험
u_10147,2024-06-04,login,Free,기존
u_10150,2024-06-04,login,Basic,복귀
u_10161,2024-06-04,login,Free,기존
u_10165,2024-06-04,login,Free,기존
u_10179,2024-06-04,login,Basic,기존
u_10197,2024-06-04,login,Pro,기존
u_10199,2024-06-04,login,Pro,기존
u_10203,2024-06-04,login,Basic,기존
u_10215,2024-06-04,login,Free,기존
u_10219,2024-06-04,search_fail,Basic,기존
u_10222,2024-06-04,login,Basic,기존
u_10229,2024-06-04,login,Basic,기존
u_10259,2024-06-04,login,Free,기존
u_10261,2024-06-04,login,Free,기존
u_10305,2024-06-04,login,Pro,기존
u_10320,2024-06-04,login,Basic,기존
u_10328,2024-06-04,login,Free,기존
u_10343,2024-06-04,login,Free,기존
u_10373,2024-06-04,login,Basic,기존
u_10386,2024-06-04,login,Pro,기존
u_10390,2024-06-04,login,Basic,기존
u_10396,2024-06-04,cancel,Basic,이탈위험
u_10423,2024-06-04,login,Free,기존
u_10426,2024-06-04,login,Free,기존
u_10428,2024-06-04,login,Free,기존
u_10443,2024-06-04,login,Free,복귀
u_10458,2024-06-04,login,Free,기존
u_10469,2024-06-04,login,Free,기존
u_10501,2024-06-04,login,Free,기존
u_10505,2024-06-04,login,Free,기존
u_10508,2024-06-04,login,Pro,기존
u_10527,2024-06-04,search_fail,Free,기존
u_10531,2024-06-04,login,Basic,기존
u_10535,2024-06-04,login,Basic,기존
u_10580,2024-06-04,login,Basic,기존
u_10610,2024-06-04,login,Free,기존
u_10628,2024-06-04,login,Pro,기존
u_10641,2024-06-04,login,Free,기존
u_10645,2024-06-04,login,Basic,기존
u_10679,2024-06-04,login,Free,기존
u_10692,2024-06-04,search_fail,Basic,이탈위험
u_10695,2024-06-04,cancel,Basic,이탈위험
u_10709,2024-06-04,login,Free,기존
u_10711,2024-06-04,login,Basic,기존
u_10715,2024-06-04,login,Basic,기존
u_10717,2024-06-04,cancel,Basic,이탈위험
u_10725,2024-06-04,login,Free,기존
u_10727,2024-06-04,login,Free,기존
u_10738,2024-06-04,cancel,Basic,이탈위험
u_10753,2024-06-04,cancel,Free,이탈위험
u_10755,2024-06-04,login,Free,기존
u_10789,2024-06-04,cancel,Free,이탈위험
u_10791,2024-06-04,login,Free,기존
u_10794,2024-06-04,login,Basic,기존
u_10799,2024-06-04,search_fail,Basic,이탈위험
u_10803,2024-06-04,login,Free,기존
u_10808,2024-06-04,login,Free,기존
u_10827,2024-06-04,login,Free,이탈위험
u_10830,2024-06-04,search_fail,Basic,이탈위험
u_10832,2024-06-04,login,Basic,이탈위험
u_10833,2024-06-04,payment,Basic,신규
u_10835,2024-06-04,login,Free,기존
u_10847,2024-06-04,search_fail,Basic,기존
u_10853,2024-06-04,search_fail,Basic,기존
u_10856,2024-06-04,login,Basic,기존
u_10863,2024-06-04,login,Basic,기존
u_10865,2024-06-04,login,Basic,기존
u_10888,2024-06-04,login,Free,신규
u_10900,2024-06-04,trial_start,Free,신규
u_10902,2024-06-04,login,Free,신규
u_10921,2024-06-04,login,Basic,신규
u_10934,2024-06-04,login,Basic,신규
u_10939,2024-06-04,login,Free,신규
u_10941,2024-06-04,login,Pro,신규
u_10942,2024-06-04,payment,Pro,신규
u_10943,2024-06-04,login,Free,신규
u_10945,2024-06-04,login,Free,이탈위험
u_10948,2024-06-04,login,Free,신규
u_10950,2024-06-04,login,Free,신규
u_10953,2024-06-04,login,Free,신규
u_10956,2024-06-04,login,Free,신규
u_10965,2024-06-04,payment,Free,신규
u_10966,2024-06-04,login,Basic,신규
u_10970,2024-06-04,trial_start,Free,신규
u_10982,2024-06-04,signup,Basic,신규
u_10983,2024-06-04,signup,Pro,신규
u_10984,2024-06-04,signup,Basic,신규
u_10985,2024-06-04,signup,Basic,신규
u_11007,2024-06-04,signup,Free,신규
u_11010,2024-06-04,signup,Free,신규
u_11011,2024-06-04,signup,Pro,신규
u_11016,2024-06-04,signup,Pro,신규
u_11026,2024-06-04,signup,Basic,신규
u_11027,2024-06-04,signup,Basic,신규
u_11032,2024-06-04,trial_start,Pro,신규
u_11033,2024-06-04,signup,Basic,신규
u_11034,2024-06-04,trial_start,Free,신규
u_11042,2024-06-04,trial_start,Basic,신규
u_11043,2024-06-04,signup,Free,신규
u_11055,2024-06-04,signup,Pro,신규
u_11061,2024-06-04,signup,Free,신규
u_11065,2024-06-04,signup,Basic,신규
u_10011,2024-06-05,login,Free,기존
u_10023,2024-06-05,login,Pro,기존
u_10033,2024-06-05,login,Free,기존
u_10034,2024-06-05,login,Basic,기존
u_10040,2024-06-05,login,Basic,기존
u_10045,2024-06-05,login,Free,기존
u_10058,2024-06-05,login,Free,기존
u_10059,2024-06-05,login,Pro,기존
u_10059,2024-06-05,search_fail,Pro,기존
u_10062,2024-06-05,login,Free,기존
u_10079,2024-06-05,login,Free,기존
u_10087,2024-06-05,login,Free,기존
u_10090,2024-06-05,login,Free,기존
u_10109,2024-06-05,login,Free,기존
u_10124,2024-06-05,login,Basic,기존
u_10130,2024-06-05,login,Basic,기존
u_10142,2024-06-05,login,Free,기존
u_10144,2024-06-05,login,Basic,복귀
u_10146,2024-06-05,login,Basic,기존
u_10148,2024-06-05,login,Free,기존
u_10157,2024-06-05,login,Pro,기존
u_10170,2024-06-05,login,Free,기존
u_10213,2024-06-05,login,Basic,기존
u_10221,2024-06-05,login,Free,기존
u_10261,2024-06-05,search_fail,Free,기존
u_10293,2024-06-05,login,Pro,기존
u_10296,2024-06-05,login,Free,기존
u_10299,2024-06-05,login,Basic,기존
u_10313,2024-06-05,login,Pro,기존
u_10349,2024-06-05,login,Free,기존
u_10363,2024-06-05,login,Free,기존
u_10367,2024-06-05,search_fail,Free,기존
u_10384,2024-06-05,login,Basic,기존
u_10403,2024-06-05,login,Basic,기존
u_10432,2024-06-05,login,Pro,기존
u_10438,2024-06-05,login,Pro,기존
u_10440,2024-06-05,login,Pro,기존
u_10441,2024-06-05,login,Pro,기존
u_10449,2024-06-05,login,Basic,기존
u_10472,2024-06-05,login,Pro,기존
u_10478,2024-06-05,login,Free,기존
u_10483,2024-06-05,login,Basic,기존
u_10486,2024-06-05,login,Basic,복귀
u_10495,2024-06-05,login,Pro,기존
u_10507,2024-06-05,login,Free,기존
u_10512,2024-06-05,cancel,Free,이탈위험
u_10522,2024-06-05,login,Pro,기존
u_10525,2024-06-05,login,Free,기존
u_10528,2024-06-05,login,Basic,기존
u_10535,2024-06-05,search_fail,Basic,기존
u_10546,2024-06-05,login,Pro,기존
u_10549,2024-06-05,login,Basic,기존
u_10559,2024-06-05,login,Free,기존
u_10562,2024-06-05,login,Pro,기존
u_10564,2024-06-05,login,Basic,기존
u_10589,2024-06-05,search_fail,Basic,기존
u_10597,2024-06-05,login,Basic,기존
u_10614,2024-06-05,login,Basic,기존
u_10617,2024-06-05,login,Pro,기존
u_10624,2024-06-05,search_fail,Free,기존
u_10637,2024-06-05,login,Free,기존
u_10639,2024-06-05,cancel,Basic,이탈위험
u_10644,2024-06-05,cancel,Basic,이탈위험
u_10670,2024-06-05,login,Basic,기존
u_10671,2024-06-05,login,Basic,기존
u_10681,2024-06-05,cancel,Free,이탈위험
u_10682,2024-06-05,login,Free,기존
u_10691,2024-06-05,login,Basic,이탈위험
u_10696,2024-06-05,login,Basic,기존
u_10705,2024-06-05,login,Free,기존
u_10710,2024-06-05,cancel,Free,이탈위험
u_10724,2024-06-05,login,Pro,기존
u_10730,2024-06-05,cancel,Free,이탈위험
u_10734,2024-06-05,login,Pro,기존
u_10744,2024-06-05,login,Basic,기존
u_10758,2024-06-05,cancel,Basic,이탈위험
u_10759,2024-06-05,login,Free,기존
u_10778,2024-06-05,cancel,Basic,이탈위험
u_10785,2024-06-05,login,Pro,기존
u_10788,2024-06-05,payment,Free,신규
u_10792,2024-06-05,cancel,Pro,이탈위험
u_10801,2024-06-05,cancel,Basic,이탈위험
u_10802,2024-06-05,login,Basic,기존
u_10807,2024-06-05,payment,Basic,신규
u_10809,2024-06-05,login,Basic,기존
u_10820,2024-06-05,cancel,Free,이탈위험
u_10828,2024-06-05,cancel,Free,이탈위험
u_10841,2024-06-05,login,Free,이탈위험
u_10844,2024-06-05,login,Basic,기존
u_10845,2024-06-05,login,Basic,기존
u_10851,2024-06-05,search_fail,Basic,이탈위험
u_10859,2024-06-05,login,Pro,기존
u_10860,2024-06-05,login,Basic,기존
u_10881,2024-06-05,login,Free,이탈위험
u_10884,2024-06-05,login,Free,기존
u_10897,2024-06-05,login,Pro,신규
u_10900,2024-06-05,payment,Free,신규
u_10911,2024-06-05,login,Free,신규
u_10913,2024-06-05,payment,Free,신규
u_10913,2024-06-05,login,Free,신규
u_10921,2024-06-05,trial_start,Basic,신규
u_10935,2024-06-05,cancel,Basic,이탈위험
u_10939,2024-06-05,payment,Free,신규
u_10942,2024-06-05,login,Pro,신규
u_10956,2024-06-05,payment,Free,신규
u_10968,2024-06-05,login,Free,신규
u_10975,2024-06-05,login,Basic,신규
u_10976,2024-06-05,login,Basic,신규
u_10989,2024-06-05,trial_start,Pro,신규
u_10993,2024-06-05,signup,Basic,신규
u_10994,2024-06-05,signup,Free,신규
u_10995,2024-06-05,signup,Basic,신규
u_10998,2024-06-05,signup,Free,신규
u_11001,2024-06-05,signup,Pro,신규
u_11004,2024-06-05,signup,Basic,신규
u_11005,2024-06-05,signup,Basic,신규
u_11010,2024-06-05,trial_start,Free,신규
u_11019,2024-06-05,trial_start,Basic,신규
u_11020,2024-06-05,signup,Basic,신규
u_11021,2024-06-05,signup,Free,신규
u_11023,2024-06-05,signup,Basic,신규
u_11025,2024-06-05,signup,Pro,신규
u_11035,2024-06-05,signup,Basic,신규
u_11037,2024-06-05,signup,Basic,신규
u_11038,2024-06-05,signup,Free,신규
u_11049,2024-06-05,signup,Basic,신규
u_11060,2024-06-05,signup,Basic,신규
u_11062,2024-06-05,signup,Basic,신규
u_10008,2024-06-06,login,Pro,기존
u_10015,2024-06-06,login,Free,기존
u_10027,2024-06-06,payment,Basic,복귀
u_10044,2024-06-06,login,Basic,기존
u_10050,2024-06-06,login,Free,기존
u_10081,2024-06-06,login,Pro,기존
u_10092,2024-06-06,login,Pro,기존
u_10110,2024-06-06,login,Basic,기존
u_10115,2024-06-06,login,Free,기존
u_10118,2024-06-06,login,Basic,기존
u_10136,2024-06-06,login,Basic,기존
u_10153,2024-06-06,search_fail,Pro,기존
u_10163,2024-06-06,login,Free,기존
u_10169,2024-06-06,search_fail,Free,기존
u_10180,2024-06-06,login,Basic,기존
u_10199,2024-06-06,search_fail,Pro,기존
u_10201,2024-06-06,cancel,Free,이탈위험
u_10211,2024-06-06,login,Pro,기존
u_10214,2024-06-06,login,Pro,기존
u_10218,2024-06-06,login,Free,기존
u_10230,2024-06-06,login,Basic,기존
u_10255,2024-06-06,login,Basic,기존
u_10257,2024-06-06,login,Pro,기존
u_10266,2024-06-06,login,Basic,기존
u_10281,2024-06-06,login,Basic,기존
u_10283,2024-06-06,login,Basic,기존
u_10297,2024-06-06,login,Free,기존
u_10301,2024-06-06,login,Pro,기존
u_10302,2024-06-06,login,Free,기존
u_10317,2024-06-06,login,Pro,기존
u_10338,2024-06-06,login,Free,기존
u_10348,2024-06-06,login,Basic,기존
u_10351,2024-06-06,login,Free,기존
u_10353,2024-06-06,login,Basic,기존
u_10401,2024-06-06,search_fail,Pro,기존
u_10405,2024-06-06,login,Basic,이탈위험
u_10411,2024-06-06,login,Basic,기존
u_10416,2024-06-06,login,Free,기존
u_10445,2024-06-06,login,Basic,기존
u_10455,2024-06-06,login,Free,기존
u_10459,2024-06-06,login,Free,기존
u_10464,2024-06-06,login,Free,기존
u_10490,2024-06-06,login,Free,기존
u_10491,2024-06-06,login,Free,기존
u_10503,2024-06-06,login,Basic,기존
u_10511,2024-06-06,login,Free,기존
u_10520,2024-06-06,payment,Free,복귀
u_10532,2024-06-06,login,Free,기존
u_10546,2024-06-06,search_fail,Pro,기존
u_10573,2024-06-06,login,Free,기존
u_10584,2024-06-06,login,Free,기존
u_10595,2024-06-06,login,Free,기존
u_10598,2024-06-06,login,Free,기존
u_10605,2024-06-06,login,Pro,기존
u_10608,2024-06-06,login,Basic,기존
u_10622,2024-06-06,login,Pro,기존
u_10626,2024-06-06,login,Free,기존
u_10627,2024-06-06,login,Basic,기존
u_10629,2024-06-06,login,Free,기존
u_10632,2024-06-06,login,Basic,기존
u_10638,2024-06-06,login,Basic,기존
u_10652,2024-06-06,login,Basic,복귀
u_10652,2024-06-06,payment,Basic,복귀
u_10653,2024-06-06,login,Pro,기존
u_10654,2024-06-06,login,Basic,기존
u_10660,2024-06-06,login,Free,기존
u_10662,2024-06-06,login,Free,기존
u_10665,2024-06-06,login,Free,기존
u_10706,2024-06-06,login,Basic,기존
u_10707,2024-06-06,cancel,Free,이탈위험
u_10716,2024-06-06,cancel,Basic,이탈위험
u_10741,2024-06-06,login,Basic,기존
u_10742,2024-06-06,login,Free,기존
u_10745,2024-06-06,login,Free,기존
u_10747,2024-06-06,login,Pro,기존
u_10750,2024-06-06,login,Free,기존
u_10751,2024-06-06,cancel,Pro,이탈위험
u_10754,2024-06-06,login,Pro,기존
u_10756,2024-06-06,login,Pro,기존
u_10757,2024-06-06,login,Free,기존
u_10776,2024-06-06,cancel,Basic,이탈위험
u_10777,2024-06-06,cancel,Basic,이탈위험
u_10793,2024-06-06,login,Free,이탈위험
u_10796,2024-06-06,login,Free,기존
u_10797,2024-06-06,login,Free,기존
u_10804,2024-06-06,login,Basic,기존
u_10810,2024-06-06,login,Basic,기존
u_10812,2024-06-06,login,Basic,이탈위험
u_10817,2024-06-06,search_fail,Basic,기존
u_10819,2024-06-06,login,Basic,이탈위험
u_10819,2024-06-06,search_fail,Basic,이탈위험
u_10825,2024-06-06,login,Basic,이탈위험
u_10829,2024-06-06,login,Free,기존
u_10831,2024-06-06,login,Free,기존
u_10833,2024-06-06,login,Basic,기존
u_10842,2024-06-06,login,Free,기존
u_10851,2024-06-06,login,Basic,이탈위험
u_10853,2024-06-06,login,Basic,기존
u_10862,2024-06-06,login,Free,기존
u_10877,2024-06-06,login,Basic,기존
u_10885,2024-06-06,search_fail,Free,이탈위험
u_10886,2024-06-06,login,Basic,신규
u_10890,2024-06-06,login,Basic,신규
u_10893,2024-06-06,login,Free,신규
u_10893,2024-06-06,search_fail,Free,신규
u_10898,2024-06-06,login,Pro,신규
u_10907,2024-06-06,login,Free,신규
u_10921,2024-06-06,payment,Basic,신규
u_10925,2024-06-06,payment,Basic,신규
u_10936,2024-06-06,payment,Basic,신규
u_10947,2024-06-06,login,Pro,신규
u_10948,2024-06-06,payment,Free,신규
u_10949,2024-06-06,login,Basic,신규
u_10955,2024-06-06,login,Basic,신규
u_10958,2024-06-06,login,Basic,신규
u_10969,2024-06-06,login,Pro,신규
u_10971,2024-06-06,login,Pro,신규
u_10972,2024-06-06,login,Pro,신규
u_10974,2024-06-06,search_fail,Basic,신규
u_10977,2024-06-06,login,Basic,신규
u_10981,2024-06-06,signup,Pro,신규
u_10991,2024-06-06,signup,Free,신규
u_10997,2024-06-06,signup,Basic,신규
u_11003,2024-06-06,signup,Pro,신규
u_11006,2024-06-06,signup,Pro,신규
u_11017,2024-06-06,signup,Basic,신규
u_11018,2024-06-06,signup,Free,신규
u_11021,2024-06-06,trial_start,Free,신규
u_11022,2024-06-06,signup,Basic,신규
u_11028,2024-06-06,signup,Free,신규
u_11029,2024-06-06,signup,Pro,신규
u_11031,2024-06-06,signup,Free,신규
u_11041,2024-06-06,signup,Free,신규
u_11046,2024-06-06,signup,Free,신규
u_11047,2024-06-06,signup,Basic,신규
u_11052,2024-06-06,trial_start,Pro,신규
u_11054,2024-06-06,signup,Free,신규
u_11055,2024-06-06,trial_start,Pro,신규
u_11056,2024-06-06,signup,Pro,신규
u_11058,2024-06-06,signup,Basic,신규
u_11059,2024-06-06,signup,Free,신규
u_11061,2024-06-06,trial_start,Free,신규
u_11063,2024-06-06,signup,Pro,신규
u_11067,2024-06-06,signup,Pro,신규
u_10016,2024-06-07,login,Free,기존
u_10017,2024-06-07,login,Basic,기존
u_10021,2024-06-07,login,Free,기존
u_10036,2024-06-07,login,Pro,기존
u_10043,2024-06-07,login,Basic,기존
u_10051,2024-06-07,login,Pro,기존
u_10053,2024-06-07,login,Basic,기존
u_10060,2024-06-07,login,Free,기존
u_10063,2024-06-07,login,Free,기존
u_10076,2024-06-07,login,Free,기존
u_10095,2024-06-07,login,Free,기존
u_10114,2024-06-07,login,Free,기존
u_10122,2024-06-07,login,Free,기존
u_10127,2024-06-07,login,Free,기존
u_10153,2024-06-07,login,Pro,기존
u_10181,2024-06-07,login,Basic,기존
u_10184,2024-06-07,login,Basic,기존
u_10185,2024-06-07,login,Basic,기존
u_10200,2024-06-07,login,Basic,기존
u_10202,2024-06-07,login,Free,기존
u_10252,2024-06-07,login,Free,기존
u_10276,2024-06-07,search_fail,Basic,기존
u_10291,2024-06-07,login,Pro,기존
u_10291,2024-06-07,search_fail,Pro,기존
u_10292,2024-06-07,login,Pro,기존
u_10300,2024-06-07,login,Free,기존
u_10321,2024-06-07,login,Free,기존
u_10326,2024-06-07,login,Pro,기존
u_10327,2024-06-07,login,Pro,기존
u_10340,2024-06-07,login,Basic,기존
u_10350,2024-06-07,login,Basic,기존
u_10365,2024-06-07,login,Pro,기존
u_10370,2024-06-07,login,Free,기존
u_10385,2024-06-07,login,Free,기존
u_10406,2024-06-07,login,Basic,기존
u_10417,2024-06-07,login,Free,기존
u_10433,2024-06-07,login,Free,기존
u_10462,2024-06-07,login,Pro,기존
u_10481,2024-06-07,login,Basic,기존
u_10485,2024-06-07,login,Free,기존
u_10489,2024-06-07,login,Free,기존
u_10492,2024-06-07,search_fail,Pro,기존
u_10496,2024-06-07,login,Basic,기존
u_10500,2024-06-07,login,Free,기존
u_10504,2024-06-07,login,Free,기존
u_10516,2024-06-07,login,Free,기존
u_10526,2024-06-07,login,Basic,기존
u_10527,2024-06-07,login,Free,기존
u_10530,2024-06-07,login,Pro,기존
u_10534,2024-06-07,login,Basic,기존
u_10538,2024-06-07,login,Pro,기존
u_10543,2024-06-07,login,Free,기존
u_10550,2024-06-07,login,Basic,기존
u_10554,2024-06-07,cancel,Free,이탈위험
u_10566,2024-06-07,login,Free,기존
u_10574,2024-06-07,login,Basic,기존
u_10578,2024-06-07,cancel,Basic,이탈위험
u_10585,2024-06-07,login,Basic,기존
u_10589,2024-06-07,login,Basic,기존
u_10590,2024-06-07,login,Free,기존
u_10609,2024-06-07,login,Basic,기존
u_10614,2024-06-07,search_fail,Basic,기존
u_10618,2024-06-07,search_fail,Free,기존
u_10625,2024-06-07,login,Free,기존
u_10632,2024-06-07,search_fail,Basic,기존
u_10668,2024-06-07,login,Basic,기존
u_10684,2024-06-07,login,Free,기존
u_10686,2024-06-07,login,Free,기존
u_10688,2024-06-07,cancel,Free,이탈위험
u_10690,2024-06-07,login,Basic,기존
u_10694,2024-06-07,cancel,Free,이탈위험
u_10699,2024-06-07,login,Basic,기존
u_10712,2024-06-07,login,Basic,기존
u_10726,2024-06-07,login,Free,기존
u_10728,2024-06-07,login,Basic,기존
u_10736,2024-06-07,login,Basic,기존
u_10743,2024-06-07,login,Pro,기존
u_10763,2024-06-07,login,Pro,기존
u_10764,2024-06-07,cancel,Basic,이탈위험
u_10772,2024-06-07,login,Basic,기존
u_10773,2024-06-07,cancel,Basic,이탈위험
u_10782,2024-06-07,login,Basic,기존
u_10790,2024-06-07,login,Free,기존
u_10799,2024-06-07,login,Basic,이탈위험
u_10800,2024-06-07,login,Basic,기존
u_10805,2024-06-07,login,Pro,기존
u_10813,2024-06-07,login,Free,기존
u_10814,2024-06-07,login,Free,기존
u_10821,2024-06-07,login,Basic,기존
u_10826,2024-06-07,login,Pro,기존
u_10830,2024-06-07,login,Basic,이탈위험
u_10846,2024-06-07,login,Basic,기존
u_10850,2024-06-07,login,Free,이탈위험
u_10868,2024-06-07,login,Basic,기존
u_10869,2024-06-07,login,Free,이탈위험
u_10871,2024-06-07,login,Free,기존
u_10876,2024-06-07,cancel,Basic,이탈위험
u_10880,2024-06-07,login,Pro,기존
u_10894,2024-06-07,login,Free,신규
u_10906,2024-06-07,login,Free,신규
u_10912,2024-06-07,login,Basic,신규
u_10915,2024-06-07,login,Basic,이탈위험
u_10916,2024-06-07,payment,Pro,신규
u_10924,2024-06-07,login,Free,신규
u_10938,2024-06-07,login,Basic,신규
u_10938,2024-06-07,search_fail,Basic,신규
u_10941,2024-06-07,payment,Pro,신규
u_10949,2024-06-07,payment,Basic,신규
u_10953,2024-06-07,payment,Free,신규
u_10961,2024-06-07,login,Pro,신규
u_10967,2024-06-07,login,Pro,신규
u_10970,2024-06-07,login,Free,신규
u_10980,2024-06-07,signup,Basic,신규
u_10981,2024-06-07,trial_start,Pro,신규
u_10988,2024-06-07,signup,Basic,신규
u_10990,2024-06-07,signup,Basic,신규
u_10992,2024-06-07,signup,Free,신규
u_10996,2024-06-07,signup,Pro,신규
u_11002,2024-06-07,signup,Free,신규
u_11009,2024-06-07,signup,Free,신규
u_11014,2024-06-07,signup,Basic,신규
u_11016,2024-06-07,trial_start,Pro,신규
u_11024,2024-06-07,signup,Basic,신규
u_11030,2024-06-07,signup,Basic,신규
u_11036,2024-06-07,trial_start,Free,신규
u_11037,2024-06-07,trial_start,Basic,신규
u_11040,2024-06-07,signup,Basic,신규
u_11045,2024-06-07,signup,Basic,신규
u_11048,2024-06-07,signup,Basic,신규
u_11051,2024-06-07,signup,Basic,신규
u_11063,2024-06-07,trial_start,Pro,신규
u_11064,2024-06-07,signup,Free,신규
u_11066,2024-06-07,signup,Free,신규
u_10010,2024-06-08,login,Pro,기존
u_10012,2024-06-08,login,Pro,기존
u_10012,2024-06-08,search_fail,Pro,기존
u_10027,2024-06-08,login,Basic,복귀
u_10062,2024-06-08,search_fail,Free,기존
u_10074,2024-06-08,login,Basic,기존
u_10075,2024-06-08,login,Free,기존
u_10088,2024-06-08,login,Basic,기존
u_10097,2024-06-08,login,Basic,기존
u_10120,2024-06-08,login,Free,기존
u_10128,2024-06-08,login,Basic,기존
u_10135,2024-06-08,login,Basic,기존
u_10156,2024-06-08,login,Basic,기존
u_10158,2024-06-08,login,Basic,기존
u_10162,2024-06-08,search_fail,Basic,기존
u_10193,2024-06-08,login,Basic,기존
u_10224,2024-06-08,login,Basic,기존
u_10239,2024-06-08,login,Basic,기존
u_10240,2024-06-08,login,Basic,기존
u_10241,2024-06-08,login,Pro,기존
u_10242,2024-06-08,login,Free,기존
u_10245,2024-06-08,search_fail,Free,기존
u_10262,2024-06-08,login,Basic,기존
u_10264,2024-06-08,login,Pro,기존
u_10290,2024-06-08,login,Free,기존
u_10307,2024-06-08,login,Basic,기존
u_10334,2024-06-08,login,Basic,기존
u_10345,2024-06-08,login,Basic,기존
u_10362,2024-06-08,login,Basic,기존
u_10366,2024-06-08,login,Basic,기존
u_10367,2024-06-08,login,Free,기존
u_10370,2024-06-08,search_fail,Free,기존
u_10375,2024-06-08,login,Free,기존
u_10376,2024-06-08,login,Basic,기존
u_10389,2024-06-08,login,Basic,기존
u_10391,2024-06-08,login,Basic,기존
u_10392,2024-06-08,login,Basic,기존
u_10425,2024-06-08,login,Free,기존
u_10447,2024-06-08,login,Free,기존
u_10461,2024-06-08,login,Basic,이탈위험
u_10471,2024-06-08,login,Basic,기존
u_10484,2024-06-08,login,Basic,기존
u_10492,2024-06-08,login,Pro,기존
u_10494,2024-06-08,login,Basic,이탈위험
u_10517,2024-06-08,login,Basic,기존
u_10529,2024-06-08,login,Free,기존
u_10537,2024-06-08,login,Basic,기존
u_10541,2024-06-08,login,Basic,기존
u_10557,2024-06-08,login,Basic,기존
u_10569,2024-06-08,login,Basic,기존
u_10581,2024-06-08,login,Free,기존
u_10619,2024-06-08,login,Basic,기존
u_10621,2024-06-08,login,Basic,기존
u_10623,2024-06-08,login,Basic,기존
u_10624,2024-06-08,login,Free,기존
u_10636,2024-06-08,login,Basic,기존
u_10659,2024-06-08,login,Free,기존
u_10685,2024-06-08,login,Free,기존
u_10692,2024-06-08,login,Basic,이탈위험
u_10721,2024-06-08,login,Pro,기존
u_10735,2024-06-08,login,Free,기존
u_10737,2024-06-08,login,Free,기존
u_10740,2024-06-08,login,Pro,기존
u_10746,2024-06-08,login,Free,기존
u_10770,2024-06-08,login,Free,기존
u_10771,2024-06-08,login,Pro,기존
u_10786,2024-06-08,login,Basic,기존
u_10786,2024-06-08,search_fail,Basic,기존
u_10787,2024-06-08,login,Basic,기존
u_10795,2024-06-08,login,Free,이탈위험
u_10807,2024-06-08,login,Basic,기존
u_10840,2024-06-08,login,Free,이탈위험
u_10857,2024-06-08,login,Basic,기존
u_10890,2024-06-08,search_fail,Basic,신규
u_10892,2024-06-08,login,Pro,신규
u_10901,2024-06-08,login,Basic,신규
u_10910,2024-06-08,payment,Basic,신규
u_10918,2024-06-08,login,Pro,신규
u_10920,2024-06-08,login,Free,신규
u_10925,2024-06-08,login,Basic,신규
u_10929,2024-06-08,login,Basic,신규
u_10931,2024-06-08,login,Basic,신규
u_10957,2024-06-08,login,Basic,신규
u_10962,2024-06-08,login,Free,신규
u_10965,2024-06-08,login,Free,신규
u_10979,2024-06-08,login,Basic,신규
u_11031,2024-06-08,trial_start,Free,신규
u_11033,2024-06-08,trial_start,Basic,신규
u_11045,2024-06-08,trial_start,Basic,신규
u_11047,2024-06-08,trial_start,Basic,신규
u_11048,2024-06-08,trial_start,Basic,신규
u_11057,2024-06-08,trial_start,Basic,신규
u_11059,2024-06-08,trial_start,Free,신규
u_11064,2024-06-08,trial_start,Free,신규
u_10026,2024-06-09,login,Pro,기존
u_10028,2024-06-09,login,Free,기존
u_10046,2024-06-09,login,Free,기존
u_10065,2024-06-09,login,Free,기존
u_10066,2024-06-09,login,Pro,기존
u_10103,2024-06-09,login,Free,기존
u_10139,2024-06-09,login,Free,기존
u_10162,2024-06-09,login,Basic,기존
u_10166,2024-06-09,login,Pro,기존
u_10188,2024-06-09,login,Basic,기존
u_10194,2024-06-09,login,Free,기존
u_10198,2024-06-09,login,Free,기존
u_10204,2024-06-09,login,Basic,기존
u_10228,2024-06-09,login,Basic,기존
u_10249,2024-06-09,login,Free,기존
u_10263,2024-06-09,login,Basic,기존
u_10268,2024-06-09,login,Basic,기존
u_10269,2024-06-09,login,Free,기존
u_10287,2024-06-09,login,Free,기존
u_10295,2024-06-09,login,Basic,기존
u_10298,2024-06-09,login,Free,기존
u_10309,2024-06-09,login,Basic,기존
u_10330,2024-06-09,login,Basic,기존
u_10332,2024-06-09,login,Free,기존
u_10343,2024-06-09,search_fail,Free,기존
u_10352,2024-06-09,login,Pro,기존
u_10355,2024-06-09,login,Free,기존
u_10358,2024-06-09,login,Free,이탈위험
u_10377,2024-06-09,login,Pro,기존
u_10381,2024-06-09,login,Free,기존
u_10395,2024-06-09,login,Basic,기존
u_10408,2024-06-09,login,Basic,기존
u_10410,2024-06-09,login,Free,기존
u_10415,2024-06-09,login,Basic,기존
u_10422,2024-06-09,login,Free,기존
u_10431,2024-06-09,login,Pro,기존
u_10442,2024-06-09,login,Basic,기존
u_10444,2024-06-09,login,Free,기존
u_10458,2024-06-09,search_fail,Free,기존
u_10465,2024-06-09,login,Basic,기존
u_10466,2024-06-09,login,Free,기존
u_10473,2024-06-09,login,Basic,기존
u_10477,2024-06-09,login,Free,기존
u_10487,2024-06-09,login,Pro,기존
u_10510,2024-06-09,login,Free,기존
u_10514,2024-06-09,login,Basic,기존
u_10514,2024-06-09,search_fail,Basic,기존
u_10536,2024-06-09,login,Basic,기존
u_10545,2024-06-09,login,Free,기존
u_10564,2024-06-09,search_fail,Basic,기존
u_10575,2024-06-09,login,Free,기존
u_10583,2024-06-09,search_fail,Free,기존
u_10586,2024-06-09,login,Basic,기존
u_10599,2024-06-09,search_fail,Basic,기존
u_10603,2024-06-09,login,Free,기존
u_10631,2024-06-09,login,Basic,기존
u_10638,2024-06-09,search_fail,Basic,기존
u_10642,2024-06-09,login,Pro,기존
u_10643,2024-06-09,login,Basic,기존
u_10649,2024-06-09,login,Free,기존
u_10657,2024-06-09,login,Free,기존
u_10658,2024-06-09,login,Basic,기존
u_10674,2024-06-09,login,Pro,기존
u_10680,2024-06-09,login,Free,기존
u_10701,2024-06-09,login,Free,기존
u_10702,2024-06-09,login,Basic,기존
u_10713,2024-06-09,login,Free,기존
u_10722,2024-06-09,login,Basic,기존
u_10731,2024-06-09,login,Free,기존
u_10744,2024-06-09,search_fail,Basic,기존
u_10748,2024-06-09,login,Free,기존
u_10749,2024-06-09,login,Pro,기존
u_10765,2024-06-09,login,Basic,기존
u_10768,2024-06-09,login,Basic,기존
u_10769,2024-06-09,search_fail,Basic,기존
u_10779,2024-06-09,login,Basic,기존
u_10797,2024-06-09,search_fail,Free,기존
u_10811,2024-06-09,login,Basic,기존
u_10812,2024-06-09,search_fail,Basic,이탈위험
u_10816,2024-06-09,login,Basic,기존
u_10849,2024-06-09,login,Free,기존
u_10854,2024-06-09,login,Free,기존
u_10866,2024-06-09,login,Pro,기존
u_10870,2024-06-09,login,Free,기존
u_10874,2024-06-09,login,Pro,기존
u_10879,2024-06-09,login,Pro,기존
u_10882,2024-06-09,login,Basic,이탈위험
u_10900,2024-06-09,login,Free,신규
u_10903,2024-06-09,login,Pro,신규
u_10904,2024-06-09,login,Basic,신규
u_10922,2024-06-09,login,Free,신규
u_10922,2024-06-09,search_fail,Free,신규
u_10926,2024-06-09,login,Pro,신규
u_10928,2024-06-09,login,Free,신규
u_10932,2024-06-09,login,Basic,신규
u_10936,2024-06-09,login,Basic,신규
u_10947,2024-06-09,search_fail,Pro,신규
u_10951,2024-06-09,login,Basic,신규
u_10954,2024-06-09,login,Free,신규
u_10968,2024-06-09,payment,Free,신규
u_10973,2024-06-09,login,Free,신규
u_10978,2024-06-09,login,Free,신규
u_11014,2024-06-09,trial_start,Basic,신규
u_11027,2024-06-09,trial_start,Basic,신규
u_11056,2024-06-09,trial_start,Pro,신규
u_10040,2024-06-10,login,Basic,기존
u_10046,2024-06-10,login,Free,기존
u_10049,2024-06-10,search_fail,Basic,기존
u_10059,2024-06-10,login,Pro,기존
u_10075,2024-06-10,login,Free,기존
u_10087,2024-06-10,login,Free,기존
u_10091,2024-06-10,login,Free,기존
u_10093,2024-06-10,login,Basic,기존
u_10101,2024-06-10,login,Pro,기존
u_10152,2024-06-10,login,Free,기존
u_10158,2024-06-10,login,Basic,기존
u_10161,2024-06-10,login,Free,기존
u_10200,2024-06-10,login,Basic,기존
u_10203,2024-06-10,login,Basic,기존
u_10204,2024-06-10,login,Basic,기존
u_10211,2024-06-10,login,Pro,기존
u_10228,2024-06-10,login,Basic,기존
u_10237,2024-06-10,cancel,Basic,이탈위험
u_10241,2024-06-10,login,Pro,기존
u_10242,2024-06-10,login,Free,기존
u_10245,2024-06-10,login,Free,기존
u_10254,2024-06-10,login,Free,기존
u_10281,2024-06-10,login,Basic,기존
u_10290,2024-06-10,login,Free,기존
u_10305,2024-06-10,login,Pro,기존
u_10342,2024-06-10,search_fail,Free,기존
u_10345,2024-06-10,login,Basic,기존
u_10353,2024-06-10,login,Basic,기존
u_10358,2024-06-10,cancel,Free,이탈위험
u_10365,2024-06-10,login,Pro,기존
u_10386,2024-06-10,login,Pro,기존
u_10432,2024-06-10,login,Pro,기존
u_10436,2024-06-10,login,Basic,기존
u_10445,2024-06-10,login,Basic,기존
u_10448,2024-06-10,login,Pro,기존
u_10452,2024-06-10,login,Pro,기존
u_10466,2024-06-10,login,Free,기존
u_10477,2024-06-10,login,Free,기존
u_10478,2024-06-10,login,Free,기존
u_10481,2024-06-10,login,Basic,기존
u_10487,2024-06-10,search_fail,Pro,기존
u_10495,2024-06-10,login,Pro,기존
u_10500,2024-06-10,login,Free,기존
u_10503,2024-06-10,login,Basic,기존
u_10508,2024-06-10,login,Pro,기존
u_10523,2024-06-10,login,Free,기존
u_10531,2024-06-10,login,Basic,이탈위험
u_10566,2024-06-10,login,Free,기존
u_10573,2024-06-10,login,Free,기존
u_10581,2024-06-10,login,Free,기존
u_10594,2024-06-10,login,Pro,복귀
u_10595,2024-06-10,login,Free,기존
u_10597,2024-06-10,login,Basic,기존
u_10598,2024-06-10,login,Free,기존
u_10600,2024-06-10,login,Free,기존
u_10609,2024-06-10,login,Basic,기존
u_10623,2024-06-10,login,Basic,기존
u_10626,2024-06-10,search_fail,Free,기존
u_10627,2024-06-10,login,Basic,기존
u_10629,2024-06-10,login,Free,기존
u_10641,2024-06-10,login,Free,기존
u_10653,2024-06-10,login,Pro,기존
u_10654,2024-06-10,login,Basic,기존
u_10658,2024-06-10,login,Basic,기존
u_10659,2024-06-10,login,Free,기존
u_10676,2024-06-10,login,Pro,기존
u_10712,2024-06-10,login,Basic,기존
u_10718,2024-06-10,login,Basic,기존
u_10723,2024-06-10,login,Free,기존
u_10746,2024-06-10,login,Free,기존
u_10749,2024-06-10,login,Pro,기존
u_10765,2024-06-10,login,Basic,기존
u_10768,2024-06-10,login,Basic,기존
u_10787,2024-06-10,search_fail,Basic,기존
u_10796,2024-06-10,login,Free,기존
u_10799,2024-06-10,cancel,Basic,이탈위험
u_10840,2024-06-10,cancel,Free,이탈위험
u_10841,2024-06-10,cancel,Free,이탈위험
u_10843,2024-06-10,login,Free,기존
u_10849,2024-06-10,login,Free,기존
u_10852,2024-06-10,login,Basic,기존
u_10858,2024-06-10,cancel,Free,이탈위험
u_10866,2024-06-10,login,Pro,기존
u_10869,2024-06-10,cancel,Free,이탈위험
u_10873,2024-06-10,login,Free,기존
u_10874,2024-06-10,login,Pro,기존
u_10877,2024-06-10,login,Basic,기존
u_10882,2024-06-10,cancel,Basic,이탈위험
u_10883,2024-06-10,login,Basic,기존
u_10888,2024-06-10,login,Free,기존
u_10897,2024-06-10,login,Pro,기존
u_10900,2024-06-10,login,Free,기존
u_10903,2024-06-10,login,Pro,기존
u_10904,2024-06-10,login,Basic,기존
u_10926,2024-06-10,login,Pro,기존
u_10927,2024-06-10,login,Basic,기존
u_10929,2024-06-10,search_fail,Basic,기존
u_10931,2024-06-10,login,Basic,기존
u_10934,2024-06-10,login,Basic,기존
u_10940,2024-06-10,login,Pro,기존
u_10946,2024-06-10,login,Free,이탈위험
u_10949,2024-06-10,login,Basic,기존
u_10951,2024-06-10,login,Basic,기존
u_10957,2024-06-10,payment,Basic,신규
u_10963,2024-06-10,login,Basic,이탈위험
u_10969,2024-06-10,login,Pro,기존
u_10978,2024-06-10,login,Free,기존
u_10987,2024-06-10,login,Pro,신규
u_10999,2024-06-10,login,Basic,신규
u_11003,2024-06-10,login,Pro,신규
u_11015,2024-06-10,cancel,Basic,이탈위험
u_11021,2024-06-10,login,Free,신규
u_11032,2024-06-10,payment,Pro,신규
u_11036,2024-06-10,login,Free,신규
u_11038,2024-06-10,login,Free,신규
u_11056,2024-06-10,login,Pro,신규
u_11060,2024-06-10,trial_start,Basic,신규
u_11075,2024-06-10,signup,Pro,신규
u_11078,2024-06-10,signup,Basic,신규
u_11088,2024-06-10,signup,Basic,신규
u_11094,2024-06-10,signup,Pro,신규
u_11099,2024-06-10,signup,Basic,신규
u_11100,2024-06-10,signup,Basic,신규
u_11103,2024-06-10,signup,Free,신규
u_11105,2024-06-10,signup,Free,신규
u_11109,2024-06-10,signup,Basic,신규
u_11112,2024-06-10,signup,Basic,신규
u_11113,2024-06-10,signup,Basic,신규
u_11115,2024-06-10,signup,Free,신규
u_11117,2024-06-10,signup,Basic,신규
u_11121,2024-06-10,signup,Free,신규
u_11126,2024-06-10,signup,Basic,신규
u_11127,2024-06-10,signup,Free,신규
u_11132,2024-06-10,signup,Free,신규
u_11136,2024-06-10,signup,Basic,신규
u_11141,2024-06-10,signup,Free,신규
u_11144,2024-06-10,signup,Basic,신규
u_10010,2024-06-11,login,Pro,기존
u_10028,2024-06-11,login,Free,기존
u_10037,2024-06-11,login,Free,기존
u_10039,2024-06-11,login,Free,기존
u_10056,2024-06-11,login,Free,기존
u_10061,2024-06-11,login,Free,기존
u_10066,2024-06-11,login,Pro,기존
u_10069,2024-06-11,login,Basic,기존
u_10076,2024-06-11,login,Free,기존
u_10080,2024-06-11,login,Free,기존
u_10115,2024-06-11,login,Free,기존
u_10120,2024-06-11,login,Free,기존
u_10124,2024-06-11,search_fail,Basic,기존
u_10135,2024-06-11,login,Basic,기존
u_10136,2024-06-11,login,Basic,기존
u_10137,2024-06-11,login,Basic,기존
u_10149,2024-06-11,login,Free,복귀
u_10185,2024-06-11,login,Basic,기존
u_10197,2024-06-11,login,Pro,기존
u_10198,2024-06-11,login,Free,기존
u_10199,2024-06-11,login,Pro,기존
u_10202,2024-06-11,login,Free,기존
u_10222,2024-06-11,login,Basic,이탈위험
u_10240,2024-06-11,login,Basic,기존
u_10258,2024-06-11,login,Basic,기존
u_10265,2024-06-11,login,Free,기존
u_10266,2024-06-11,login,Basic,기존
u_10268,2024-06-11,login,Basic,기존
u_10269,2024-06-11,login,Free,기존
u_10274,2024-06-11,login,Free,기존
u_10288,2024-06-11,login,Basic,복귀
u_10306,2024-06-11,login,Basic,기존
u_10312,2024-06-11,login,Free,기존
u_10312,2024-06-11,search_fail,Free,기존
u_10321,2024-06-11,login,Free,기존
u_10323,2024-06-11,cancel,Basic,이탈위험
u_10330,2024-06-11,login,Basic,기존
u_10342,2024-06-11,login,Free,기존
u_10348,2024-06-11,login,Basic,기존
u_10375,2024-06-11,login,Free,기존
u_10380,2024-06-11,login,Basic,기존
u_10384,2024-06-11,search_fail,Basic,기존
u_10403,2024-06-11,login,Basic,기존
u_10408,2024-06-11,login,Basic,기존
u_10409,2024-06-11,login,Free,기존
u_10411,2024-06-11,login,Basic,기존
u_10420,2024-06-11,login,Basic,기존
u_10438,2024-06-11,login,Pro,기존
u_10440,2024-06-11,login,Pro,기존
u_10461,2024-06-11,cancel,Basic,이탈위험
u_10471,2024-06-11,login,Basic,기존
u_10513,2024-06-11,login,Basic,기존
u_10517,2024-06-11,login,Basic,기존
u_10536,2024-06-11,login,Basic,기존
u_10543,2024-06-11,login,Free,기존
u_10546,2024-06-11,login,Pro,기존
u_10557,2024-06-11,login,Basic,기존
u_10562,2024-06-11,login,Pro,기존
u_10586,2024-06-11,login,Basic,기존
u_10606,2024-06-11,login,Free,기존
u_10616,2024-06-11,login,Free,기존
u_10619,2024-06-11,login,Basic,기존
u_10621,2024-06-11,login,Basic,기존
u_10637,2024-06-11,login,Free,기존
u_10638,2024-06-11,login,Basic,기존
u_10657,2024-06-11,login,Free,기존
u_10658,2024-06-11,search_fail,Basic,기존
u_10660,2024-06-11,search_fail,Free,기존
u_10671,2024-06-11,login,Basic,기존
u_10674,2024-06-11,login,Pro,기존
u_10682,2024-06-11,login,Free,기존
u_10683,2024-06-11,login,Free,기존
u_10692,2024-06-11,cancel,Basic,이탈위험
u_10696,2024-06-11,login,Basic,기존
u_10702,2024-06-11,login,Basic,기존
u_10705,2024-06-11,login,Free,기존
u_10726,2024-06-11,login,Free,기존
u_10729,2024-06-11,login,Free,기존
u_10735,2024-06-11,login,Free,기존
u_10740,2024-06-11,login,Pro,기존
u_10742,2024-06-11,login,Free,기존
u_10745,2024-06-11,login,Free,기존
u_10757,2024-06-11,login,Free,기존
u_10759,2024-06-11,login,Free,기존
u_10771,2024-06-11,login,Pro,기존
u_10772,2024-06-11,login,Basic,기존
u_10775,2024-06-11,login,Free,기존
u_10794,2024-06-11,login,Basic,기존
u_10797,2024-06-11,search_fail,Free,기존
u_10798,2024-06-11,login,Pro,기존
u_10809,2024-06-11,login,Basic,기존
u_10816,2024-06-11,login,Basic,기존
u_10842,2024-06-11,login,Free,기존
u_10851,2024-06-11,cancel,Basic,이탈위험
u_10865,2024-06-11,login,Basic,기존
u_10891,2024-06-11,login,Pro,기존
u_10894,2024-06-11,login,Free,기존
u_10895,2024-06-11,login,Free,이탈위험
u_10896,2024-06-11,login,Basic,이탈위험
u_10911,2024-06-11,login,Free,기존
u_10913,2024-06-11,login,Free,기존
u_10919,2024-06-11,search_fail,Basic,이탈위험
u_10920,2024-06-11,search_fail,Free,기존
u_10931,2024-06-11,search_fail,Basic,기존
u_10938,2024-06-11,login,Basic,기존
u_10941,2024-06-11,login,Pro,기존
u_10945,2024-06-11,cancel,Free,이탈위험
u_10962,2024-06-11,login,Free,기존
u_10977,2024-06-11,login,Basic,기존
u_10998,2024-06-11,login,Free,신규
u_11000,2024-06-11,login,Free,신규
u_11011,2024-06-11,login,Pro,신규
u_11013,2024-06-11,login,Pro,이탈위험
u_11019,2024-06-11,login,Basic,신규
u_11021,2024-06-11,payment,Free,신규
u_11024,2024-06-11,login,Basic,이탈위험
u_11029,2024-06-11,trial_start,Pro,신규
u_11029,2024-06-11,cancel,Pro,이탈위험
u_11033,2024-06-11,login,Basic,신규
u_11034,2024-06-11,login,Free,신규
u_11039,2024-06-11,login,Basic,이탈위험
u_11042,2024-06-11,login,Basic,신규
u_11051,2024-06-11,login,Basic,신규
u_11058,2024-06-11,trial_start,Basic,신규
u_11064,2024-06-11,login,Free,신규
u_11080,2024-06-11,signup,Free,신규
u_11083,2024-06-11,signup,Free,신규
u_11092,2024-06-11,signup,Basic,신규
u_11104,2024-06-11,signup,Basic,신규
u_11120,2024-06-11,signup,Free,신규
u_11123,2024-06-11,signup,Basic,신규
u_11131,2024-06-11,signup,Free,신규
u_11136,2024-06-11,trial_start,Basic,신규
u_11137,2024-06-11,signup,Pro,신규
u_11141,2024-06-11,trial_start,Free,신규
u_11145,2024-06-11,signup,Basic,신규
u_10002,2024-06-12,login,Basic,기존
u_10011,2024-06-12,login,Free,기존
u_10017,2024-06-12,login,Basic,기존
u_10036,2024-06-12,login,Pro,기존
u_10053,2024-06-12,search_fail,Basic,기존
u_10059,2024-06-12,search_fail,Pro,기존
u_10063,2024-06-12,login,Free,기존
u_10068,2024-06-12,login,Basic,기존
u_10070,2024-06-12,login,Basic,기존
u_10081,2024-06-12,login,Pro,기존
u_10102,2024-06-12,login,Basic,기존
u_10103,2024-06-12,login,Free,기존
u_10118,2024-06-12,login,Basic,기존
u_10131,2024-06-12,cancel,Basic,이탈위험
u_10153,2024-06-12,login,Pro,기존
u_10165,2024-06-12,login,Free,기존
u_10166,2024-06-12,login,Pro,기존
u_10180,2024-06-12,search_fail,Basic,기존
u_10210,2024-06-12,login,Basic,기존
u_10263,2024-06-12,login,Basic,기존
u_10283,2024-06-12,login,Basic,기존
u_10297,2024-06-12,login,Free,이탈위험
u_10301,2024-06-12,login,Pro,기존
u_10307,2024-06-12,login,Basic,기존
u_10308,2024-06-12,login,Free,기존
u_10327,2024-06-12,login,Pro,기존
u_10340,2024-06-12,login,Basic,기존
u_10343,2024-06-12,login,Free,기존
u_10355,2024-06-12,login,Free,기존
u_10363,2024-06-12,login,Free,기존
u_10370,2024-06-12,login,Free,기존
u_10410,2024-06-12,login,Free,기존
u_10410,2024-06-12,search_fail,Free,기존
u_10442,2024-06-12,login,Basic,기존
u_10449,2024-06-12,login,Basic,기존
u_10462,2024-06-12,login,Pro,기존
u_10468,2024-06-12,login,Basic,기존
u_10472,2024-06-12,login,Pro,기존
u_10490,2024-06-12,login,Free,기존
u_10491,2024-06-12,login,Free,기존
u_10502,2024-06-12,login,Pro,기존
u_10505,2024-06-12,login,Free,기존
u_10507,2024-06-12,login,Free,기존
u_10514,2024-06-12,login,Basic,기존
u_10521,2024-06-12,cancel,Basic,이탈위험
u_10527,2024-06-12,login,Free,기존
u_10541,2024-06-12,login,Basic,기존
u_10584,2024-06-12,login,Free,기존
u_10610,2024-06-12,login,Free,기존
u_10614,2024-06-12,login,Basic,기존
u_10631,2024-06-12,login,Basic,기존
u_10632,2024-06-12,login,Basic,기존
u_10642,2024-06-12,login,Pro,기존
u_10649,2024-06-12,login,Free,기존
u_10651,2024-06-12,login,Free,기존
u_10662,2024-06-12,login,Free,기존
u_10663,2024-06-12,login,Free,기존
u_10709,2024-06-12,login,Free,기존
u_10732,2024-06-12,login,Free,기존
u_10736,2024-06-12,login,Basic,기존
u_10739,2024-06-12,login,Pro,기존
u_10756,2024-06-12,login,Pro,기존
u_10769,2024-06-12,login,Basic,기존
u_10781,2024-06-12,login,Basic,기존
u_10803,2024-06-12,login,Free,기존
u_10810,2024-06-12,login,Basic,기존
u_10819,2024-06-12,cancel,Basic,이탈위험
u_10823,2024-06-12,login,Basic,기존
u_10835,2024-06-12,login,Free,기존
u_10844,2024-06-12,login,Basic,기존
u_10846,2024-06-12,login,Basic,기존
u_10856,2024-06-12,login,Basic,기존
u_10860,2024-06-12,search_fail,Basic,기존
u_10862,2024-06-12,login,Free,기존
u_10880,2024-06-12,login,Pro,기존
u_10884,2024-06-12,login,Free,기존
u_10885,2024-06-12,cancel,Free,이탈위험
u_10890,2024-06-12,login,Basic,기존
u_10899,2024-06-12,search_fail,Free,기존
u_10905,2024-06-12,login,Free,기존
u_10908,2024-06-12,login,Pro,기존
u_10915,2024-06-12,cancel,Basic,이탈위험
u_10917,2024-06-12,login,Pro,기존
u_10918,2024-06-12,search_fail,Pro,기존
u_10924,2024-06-12,login,Free,기존
u_10943,2024-06-12,login,Free,이탈위험
u_10950,2024-06-12,search_fail,Free,기존
u_10956,2024-06-12,login,Free,기존
u_10974,2024-06-12,search_fail,Basic,이탈위험
u_10993,2024-06-12,login,Basic,신규
u_10995,2024-06-12,login,Basic,이탈위험
u_10996,2024-06-12,login,Pro,신규
u_10998,2024-06-12,search_fail,Free,신규
u_11002,2024-06-12,login,Free,신규
u_11006,2024-06-12,search_fail,Pro,신규
u_11010,2024-06-12,login,Free,신규
u_11017,2024-06-12,login,Basic,신규
u_11031,2024-06-12,payment,Free,신규
u_11031,2024-06-12,login,Free,신규
u_11034,2024-06-12,payment,Free,신규
u_11046,2024-06-12,login,Free,신규
u_11048,2024-06-12,login,Basic,신규
u_11052,2024-06-12,login,Pro,신규
u_11061,2024-06-12,login,Free,신규
u_11063,2024-06-12,login,Pro,신규
u_11068,2024-06-12,signup,Free,신규
u_11069,2024-06-12,signup,Basic,신규
u_11074,2024-06-12,signup,Free,신규
u_11076,2024-06-12,signup,Basic,신규
u_11077,2024-06-12,signup,Pro,신규
u_11079,2024-06-12,signup,Basic,신규
u_11084,2024-06-12,signup,Basic,신규
u_11091,2024-06-12,signup,Basic,신규
u_11101,2024-06-12,signup,Free,신규
u_11102,2024-06-12,signup,Free,신규
u_11106,2024-06-12,signup,Basic,신규
u_11111,2024-06-12,signup,Pro,신규
u_11113,2024-06-12,trial_start,Basic,신규
u_11114,2024-06-12,signup,Free,신규
u_11118,2024-06-12,signup,Free,신규
u_11124,2024-06-12,signup,Free,신규
u_11125,2024-06-12,signup,Basic,신규
u_11128,2024-06-12,signup,Basic,신규
u_11129,2024-06-12,signup,Free,신규
u_11130,2024-06-12,signup,Free,신규
u_11140,2024-06-12,signup,Basic,신규
u_11143,2024-06-12,signup,Basic,신규
u_10016,2024-06-13,login,Free,기존
u_10035,2024-06-13,login,Basic,기존
u_10043,2024-06-13,login,Basic,기존
u_10044,2024-06-13,login,Basic,기존
u_10072,2024-06-13,login,Free,기존
u_10105,2024-06-13,login,Free,기존
u_10110,2024-06-13,login,Basic,기존
u_10127,2024-06-13,login,Free,기존
u_10147,2024-06-13,login,Free,기존
u_10156,2024-06-13,login,Basic,기존
u_10162,2024-06-13,login,Basic,기존
u_10183,2024-06-13,login,Free,기존
u_10200,2024-06-13,search_fail,Basic,기존
u_10207,2024-06-13,login,Free,기존
u_10215,2024-06-13,login,Free,기존
u_10229,2024-06-13,login,Basic,기존
u_10252,2024-06-13,login,Free,기존
u_10259,2024-06-13,login,Free,기존
u_10278,2024-06-13,login,Pro,기존
u_10293,2024-06-13,login,Pro,기존
u_10298,2024-06-13,login,Free,기존
u_10299,2024-06-13,login,Basic,기존
u_10316,2024-06-13,login,Basic,기존
u_10322,2024-06-13,login,Free,기존
u_10336,2024-06-13,login,Basic,기존
u_10359,2024-06-13,login,Pro,기존
u_10395,2024-06-13,login,Basic,기존
u_10406,2024-06-13,login,Basic,기존
u_10417,2024-06-13,login,Free,기존
u_10422,2024-06-13,login,Free,기존
u_10423,2024-06-13,login,Free,기존
u_10426,2024-06-13,login,Free,기존
u_10439,2024-06-13,login,Free,기존
u_10455,2024-06-13,login,Free,기존
u_10458,2024-06-13,login,Free,기존
u_10464,2024-06-13,login,Free,기존
u_10465,2024-06-13,login,Basic,기존
u_10473,2024-06-13,login,Basic,기존
u_10494,2024-06-13,cancel,Basic,이탈위험
u_10509,2024-06-13,login,Free,기존
u_10530,2024-06-13,login,Pro,기존
u_10535,2024-06-13,login,Basic,기존
u_10545,2024-06-13,login,Free,기존
u_10557,2024-06-13,search_fail,Basic,기존
u_10558,2024-06-13,login,Free,기존
u_10564,2024-06-13,login,Basic,기존
u_10571,2024-06-13,login,Basic,기존
u_10574,2024-06-13,login,Basic,기존
u_10575,2024-06-13,search_fail,Free,이탈위험
u_10583,2024-06-13,login,Free,기존
u_10590,2024-06-13,login,Free,기존
u_10605,2024-06-13,login,Pro,기존
u_10635,2024-06-13,login,Free,기존
u_10636,2024-06-13,login,Basic,기존
u_10645,2024-06-13,login,Basic,기존
u_10670,2024-06-13,login,Basic,기존
u_10706,2024-06-13,login,Basic,기존
u_10715,2024-06-13,login,Basic,기존
u_10724,2024-06-13,login,Pro,기존
u_10725,2024-06-13,login,Free,기존
u_10727,2024-06-13,login,Free,기존
u_10737,2024-06-13,login,Free,기존
u_10741,2024-06-13,login,Basic,기존
u_10752,2024-06-13,cancel,Basic,이탈위험
u_10779,2024-06-13,login,Basic,기존
u_10782,2024-06-13,login,Basic,기존
u_10785,2024-06-13,search_fail,Pro,기존
u_10786,2024-06-13,login,Basic,기존
u_10793,2024-06-13,cancel,Free,이탈위험
u_10795,2024-06-13,cancel,Free,이탈위험
u_10812,2024-06-13,cancel,Basic,이탈위험
u_10827,2024-06-13,cancel,Free,이탈위험
u_10832,2024-06-13,cancel,Basic,이탈위험
u_10847,2024-06-13,login,Basic,기존
u_10860,2024-06-13,login,Basic,기존
u_10861,2024-06-13,login,Basic,기존
u_10871,2024-06-13,login,Free,기존
u_10878,2024-06-13,search_fail,Free,기존
u_10881,2024-06-13,cancel,Free,이탈위험
u_10886,2024-06-13,login,Basic,기존
u_10892,2024-06-13,login,Pro,기존
u_10901,2024-06-13,search_fail,Basic,기존
u_10912,2024-06-13,login,Basic,기존
u_10916,2024-06-13,login,Pro,기존
u_10921,2024-06-13,login,Basic,기존
u_10928,2024-06-13,login,Free,기존
u_10929,2024-06-13,login,Basic,기존
u_10932,2024-06-13,login,Basic,이탈위험
u_10936,2024-06-13,login,Basic,기존
u_10942,2024-06-13,login,Pro,기존
u_10947,2024-06-13,login,Pro,기존
u_10950,2024-06-13,login,Free,기존
u_10952,2024-06-13,cancel,Free,이탈위험
u_10961,2024-06-13,login,Pro,기존
u_10968,2024-06-13,login,Free,기존
u_10970,2024-06-13,payment,Free,신규
u_10972,2024-06-13,login,Pro,이탈위험
u_10980,2024-06-13,login,Basic,신규
u_10990,2024-06-13,cancel,Basic,이탈위험
u_10992,2024-06-13,login,Free,신규
u_11004,2024-06-13,login,Basic,이탈위험
u_11020,2024-06-13,login,Basic,신규
u_11027,2024-06-13,login,Basic,신규
u_11033,2024-06-13,payment,Basic,신규
u_11037,2024-06-13,login,Basic,신규
u_11047,2024-06-13,login,Basic,신규
u_11050,2024-06-13,login,Free,신규
u_11050,2024-06-13,search_fail,Free,신규
u_11054,2024-06-13,login,Free,신규
u_11057,2024-06-13,payment,Basic,신규
u_11059,2024-06-13,login,Free,신규
u_11072,2024-06-13,signup,Free,신규
u_11077,2024-06-13,trial_start,Pro,신규
u_11081,2024-06-13,signup,Basic,신규
u_11082,2024-06-13,signup,Basic,신규
u_11087,2024-06-13,signup,Free,신규
u_11089,2024-06-13,signup,Pro,신규
u_11093,2024-06-13,signup,Basic,신규
u_11098,2024-06-13,signup,Basic,신규
u_11110,2024-06-13,signup,Basic,신규
u_11114,2024-06-13,trial_start,Free,신규
u_11121,2024-06-13,trial_start,Free,신규
u_11133,2024-06-13,signup,Basic,신규
u_11134,2024-06-13,signup,Free,신규
u_10007,2024-06-14,login,Free,기존
u_10024,2024-06-14,login,Pro,기존
u_10038,2024-06-14,login,Basic,기존
u_10038,2024-06-14,search_fail,Basic,기존
u_10051,2024-06-14,login,Pro,기존
u_10060,2024-06-14,login,Free,기존
u_10085,2024-06-14,login,Basic,복귀
u_10095,2024-06-14,login,Free,기존
u_10100,2024-06-14,login,Basic,기존
u_10122,2024-06-14,login,Free,기존
u_10142,2024-06-14,login,Free,기존
u_10146,2024-06-14,login,Basic,기존
u_10179,2024-06-14,login,Basic,기존
u_10180,2024-06-14,login,Basic,기존
u_10184,2024-06-14,login,Basic,기존
u_10188,2024-06-14,login,Basic,기존
u_10194,2024-06-14,login,Free,기존
u_10249,2024-06-14,login,Free,기존
u_10257,2024-06-14,login,Pro,기존
u_10287,2024-06-14,login,Free,기존
u_10296,2024-06-14,login,Free,기존
u_10300,2024-06-14,login,Free,기존
u_10326,2024-06-14,search_fail,Pro,기존
u_10351,2024-06-14,login,Free,기존
u_10355,2024-06-14,search_fail,Free,기존
u_10373,2024-06-14,login,Basic,기존
u_10376,2024-06-14,login,Basic,기존
u_10377,2024-06-14,login,Pro,기존
u_10379,2024-06-14,login,Free,기존
u_10405,2024-06-14,cancel,Basic,이탈위험
u_10415,2024-06-14,login,Basic,기존
u_10416,2024-06-14,login,Free,기존
u_10425,2024-06-14,login,Free,기존
u_10441,2024-06-14,login,Pro,기존
u_10459,2024-06-14,login,Free,기존
u_10482,2024-06-14,login,Basic,복귀
u_10483,2024-06-14,login,Basic,기존
u_10487,2024-06-14,login,Pro,기존
u_10489,2024-06-14,login,Free,기존
u_10510,2024-06-14,login,Free,기존
u_10511,2024-06-14,login,Free,기존
u_10522,2024-06-14,login,Pro,기존
u_10526,2024-06-14,login,Basic,기존
u_10528,2024-06-14,search_fail,Basic,기존
u_10529,2024-06-14,login,Free,기존
u_10537,2024-06-14,login,Basic,기존
u_10550,2024-06-14,login,Basic,기존
u_10559,2024-06-14,login,Free,기존
u_10572,2024-06-14,login,Basic,기존
u_10585,2024-06-14,login,Basic,기존
u_10586,2024-06-14,search_fail,Basic,기존
u_10588,2024-06-14,login,Free,기존
u_10589,2024-06-14,login,Basic,기존
u_10620,2024-06-14,cancel,Pro,이탈위험
u_10624,2024-06-14,login,Free,기존
u_10660,2024-06-14,login,Free,기존
u_10691,2024-06-14,cancel,Basic,이탈위험
u_10693,2024-06-14,login,Basic,기존
u_10697,2024-06-14,login,Free,복귀
u_10734,2024-06-14,login,Pro,기존
u_10750,2024-06-14,login,Free,기존
u_10785,2024-06-14,login,Pro,기존
u_10787,2024-06-14,login,Basic,기존
u_10797,2024-06-14,login,Free,기존
u_10807,2024-06-14,login,Basic,기존
u_10818,2024-06-14,login,Pro,기존
u_10821,2024-06-14,login,Basic,기존
u_10825,2024-06-14,cancel,Basic,이탈위험
u_10829,2024-06-14,login,Free,기존
u_10830,2024-06-14,cancel,Basic,이탈위험
u_10848,2024-06-14,cancel,Basic,이탈위험
u_10850,2024-06-14,cancel,Free,이탈위험
u_10855,2024-06-14,cancel,Free,이탈위험
u_10875,2024-06-14,login,Basic,기존
u_10893,2024-06-14,login,Free,기존
u_10906,2024-06-14,login,Free,이탈위험
u_10910,2024-06-14,login,Basic,기존
u_10920,2024-06-14,login,Free,기존
u_10923,2024-06-14,login,Basic,기존
u_10939,2024-06-14,login,Free,기존
u_10953,2024-06-14,login,Free,이탈위험
u_10954,2024-06-14,login,Free,기존
u_10963,2024-06-14,search_fail,Basic,이탈위험
u_10976,2024-06-14,login,Basic,기존
u_10986,2024-06-14,login,Free,신규
u_11012,2024-06-14,login,Free,신규
u_11012,2024-06-14,search_fail,Free,신규
u_11016,2024-06-14,login,Pro,신규
u_11022,2024-06-14,login,Basic,신규
u_11028,2024-06-14,login,Free,이탈위험
u_11032,2024-06-14,login,Pro,신규
u_11043,2024-06-14,login,Free,신규
u_11057,2024-06-14,login,Basic,신규
u_11064,2024-06-14,payment,Free,신규
u_11070,2024-06-14,signup,Basic,신규
u_11071,2024-06-14,signup,Basic,신규
u_11072,2024-06-14,trial_start,Free,신규
u_11073,2024-06-14,signup,Pro,신규
u_11075,2024-06-14,trial_start,Pro,신규
u_11085,2024-06-14,signup,Free,신규
u_11086,2024-06-14,signup,Basic,신규
u_11089,2024-06-14,trial_start,Pro,신규
u_11090,2024-06-14,signup,Basic,신규
u_11095,2024-06-14,signup,Free,신규
u_11096,2024-06-14,signup,Free,신규
u_11097,2024-06-14,signup,Basic,신규
u_11107,2024-06-14,signup,Free,신규
u_11108,2024-06-14,signup,Basic,신규
u_11116,2024-06-14,signup,Free,신규
u_11119,2024-06-14,signup,Pro,신규
u_11122,2024-06-14,signup,Free,신규
u_11135,2024-06-14,signup,Free,신규
u_11138,2024-06-14,signup,Basic,신규
u_11139,2024-06-14,signup,Pro,신규
u_11142,2024-06-14,signup,Basic,신규
u_11146,2024-06-14,signup,Basic,신규
u_10004,2024-06-15,login,Basic,기존
u_10015,2024-06-15,login,Free,기존
u_10022,2024-06-15,login,Free,기존
u_10033,2024-06-15,login,Free,기존
u_10034,2024-06-15,login,Basic,기존
u_10045,2024-06-15,login,Free,기존
u_10049,2024-06-15,login,Basic,기존
u_10053,2024-06-15,login,Basic,기존
u_10074,2024-06-15,login,Basic,기존
u_10079,2024-06-15,login,Free,기존
u_10081,2024-06-15,search_fail,Pro,기존
u_10097,2024-06-15,login,Basic,기존
u_10109,2024-06-15,login,Free,기존
u_10112,2024-06-15,login,Basic,기존
u_10128,2024-06-15,login,Basic,기존
u_10157,2024-06-15,login,Pro,기존
u_10160,2024-06-15,login,Pro,기존
u_10168,2024-06-15,login,Pro,기존
u_10169,2024-06-15,login,Free,기존
u_10170,2024-06-15,login,Free,기존
u_10213,2024-06-15,login,Basic,기존
u_10214,2024-06-15,login,Pro,기존
u_10219,2024-06-15,login,Basic,기존
u_10230,2024-06-15,login,Basic,기존
u_10246,2024-06-15,login,Pro,기존
u_10264,2024-06-15,login,Pro,기존
u_10276,2024-06-15,login,Basic,기존
u_10291,2024-06-15,login,Pro,기존
u_10292,2024-06-15,login,Pro,기존
u_10302,2024-06-15,login,Free,기존
u_10338,2024-06-15,login,Free,기존
u_10349,2024-06-15,login,Free,기존
u_10367,2024-06-15,login,Free,기존
u_10384,2024-06-15,login,Basic,기존
u_10385,2024-06-15,login,Free,기존
u_10402,2024-06-15,login,Free,기존
u_10444,2024-06-15,login,Free,기존
u_10458,2024-06-15,search_fail,Free,기존
u_10469,2024-06-15,login,Free,기존
u_10504,2024-06-15,login,Free,기존
u_10516,2024-06-15,login,Free,기존
u_10534,2024-06-15,login,Basic,기존
u_10552,2024-06-15,login,Basic,기존
u_10555,2024-06-15,login,Pro,기존
u_10569,2024-06-15,login,Basic,기존
u_10575,2024-06-15,login,Free,이탈위험
u_10580,2024-06-15,login,Basic,기존
u_10596,2024-06-15,login,Pro,기존
u_10625,2024-06-15,login,Free,기존
u_10673,2024-06-15,login,Basic,기존
u_10686,2024-06-15,login,Free,기존
u_10709,2024-06-15,search_fail,Free,기존
u_10722,2024-06-15,search_fail,Basic,기존
u_10731,2024-06-15,login,Free,기존
u_10733,2024-06-15,login,Free,기존
u_10744,2024-06-15,login,Basic,기존
u_10755,2024-06-15,login,Free,기존
u_10763,2024-06-15,login,Pro,기존
u_10767,2024-06-15,login,Free,기존
u_10770,2024-06-15,login,Free,기존
u_10790,2024-06-15,login,Free,기존
u_10800,2024-06-15,search_fail,Basic,기존
u_10808,2024-06-15,login,Free,기존
u_10813,2024-06-15,login,Free,기존
u_10817,2024-06-15,login,Basic,기존
u_10822,2024-06-15,search_fail,Free,기존
u_10833,2024-06-15,login,Basic,기존
u_10836,2024-06-15,login,Basic,기존
u_10845,2024-06-15,login,Basic,기존
u_10853,2024-06-15,login,Basic,기존
u_10854,2024-06-15,login,Free,기존
u_10863,2024-06-15,login,Basic,기존
u_10867,2024-06-15,login,Basic,기존
u_10868,2024-06-15,login,Basic,기존
u_10872,2024-06-15,login,Basic,기존
u_10879,2024-06-15,login,Pro,기존
u_10883,2024-06-15,search_fail,Basic,기존
u_10899,2024-06-15,login,Free,기존
u_10901,2024-06-15,login,Basic,기존
u_10907,2024-06-15,login,Free,이탈위험
u_10919,2024-06-15,login,Basic,이탈위험
u_10927,2024-06-15,search_fail,Basic,기존
u_10957,2024-06-15,login,Basic,기존
u_10960,2024-06-15,login,Free,기존
u_10967,2024-06-15,login,Pro,기존
u_10971,2024-06-15,login,Pro,기존
u_10979,2024-06-15,login,Basic,기존
u_10981,2024-06-15,payment,Pro,신규
u_10984,2024-06-15,login,Basic,신규
u_10988,2024-06-15,login,Basic,신규
u_10989,2024-06-15,login,Pro,이탈위험
u_10991,2024-06-15,login,Free,신규
u_11001,2024-06-15,login,Pro,신규
u_11005,2024-06-15,login,Basic,신규
u_11018,2024-06-15,login,Free,신규
u_11019,2024-06-15,search_fail,Basic,신규
u_11022,2024-06-15,search_fail,Basic,신규
u_11040,2024-06-15,login,Basic,신규
u_11041,2024-06-15,login,Free,신규
u_11060,2024-06-15,login,Basic,신규
u_11062,2024-06-15,login,Basic,신규
u_11076,2024-06-15,trial_start,Basic,신규
u_11080,2024-06-15,trial_start,Free,신규
u_11082,2024-06-15,trial_start,Basic,신규
u_10008,2024-06-16,login,Pro,기존
u_10013,2024-06-16,login,Free,기존
u_10021,2024-06-16,login,Free,기존
u_10023,2024-06-16,login,Pro,기존
u_10026,2024-06-16,login,Pro,기존
u_10048,2024-06-16,login,Basic,기존
u_10050,2024-06-16,login,Free,기존
u_10065,2024-06-16,login,Free,기존
u_10088,2024-06-16,search_fail,Basic,기존
u_10092,2024-06-16,login,Pro,기존
u_10106,2024-06-16,login,Basic,기존
u_10111,2024-06-16,login,Free,기존
u_10114,2024-06-16,login,Free,기존
u_10130,2024-06-16,login,Basic,기존
u_10134,2024-06-16,login,Pro,기존
u_10139,2024-06-16,login,Free,기존
u_10148,2024-06-16,login,Free,기존
u_10181,2024-06-16,login,Basic,기존
u_10193,2024-06-16,login,Basic,기존
u_10218,2024-06-16,login,Free,기존
u_10221,2024-06-16,login,Free,기존
u_10224,2024-06-16,login,Basic,기존
u_10232,2024-06-16,login,Basic,기존
u_10239,2024-06-16,login,Basic,기존
u_10255,2024-06-16,login,Basic,기존
u_10262,2024-06-16,login,Basic,기존
u_10295,2024-06-16,login,Basic,기존
u_10309,2024-06-16,login,Basic,기존
u_10313,2024-06-16,login,Pro,기존
u_10317,2024-06-16,login,Pro,기존
u_10318,2024-06-16,login,Pro,기존
u_10332,2024-06-16,login,Free,이탈위험
u_10362,2024-06-16,login,Basic,기존
u_10381,2024-06-16,login,Free,기존
u_10388,2024-06-16,login,Basic,기존
u_10389,2024-06-16,login,Basic,기존
u_10390,2024-06-16,login,Basic,이탈위험
u_10391,2024-06-16,login,Basic,기존
u_10401,2024-06-16,login,Pro,기존
u_10431,2024-06-16,login,Pro,기존
u_10433,2024-06-16,login,Free,기존
u_10447,2024-06-16,login,Free,기존
u_10492,2024-06-16,login,Pro,기존
u_10496,2024-06-16,login,Basic,기존
u_10501,2024-06-16,login,Free,기존
u_10528,2024-06-16,login,Basic,기존
u_10532,2024-06-16,login,Free,기존
u_10536,2024-06-16,search_fail,Basic,기존
u_10540,2024-06-16,login,Free,기존
u_10549,2024-06-16,login,Basic,기존
u_10603,2024-06-16,login,Free,기존
u_10606,2024-06-16,search_fail,Free,기존
u_10608,2024-06-16,login,Basic,기존
u_10617,2024-06-16,login,Pro,기존
u_10626,2024-06-16,login,Free,기존
u_10628,2024-06-16,login,Pro,기존
u_10642,2024-06-16,search_fail,Pro,기존
u_10651,2024-06-16,search_fail,Free,기존
u_10656,2024-06-16,login,Basic,기존
u_10665,2024-06-16,login,Free,기존
u_10685,2024-06-16,login,Free,기존
u_10690,2024-06-16,login,Basic,기존
u_10693,2024-06-16,search_fail,Basic,기존
u_10701,2024-06-16,login,Free,기존
u_10701,2024-06-16,search_fail,Free,기존
u_10702,2024-06-16,search_fail,Basic,기존
u_10711,2024-06-16,login,Basic,기존
u_10721,2024-06-16,login,Pro,기존
u_10728,2024-06-16,login,Basic,기존
u_10743,2024-06-16,login,Pro,기존
u_10791,2024-06-16,login,Free,기존
u_10800,2024-06-16,login,Basic,기존
u_10802,2024-06-16,login,Basic,기존
u_10804,2024-06-16,login,Basic,기존
u_10815,2024-06-16,login,Basic,기존
u_10831,2024-06-16,login,Free,기존
u_10857,2024-06-16,login,Basic,기존
u_10870,2024-06-16,login,Free,기존
u_10895,2024-06-16,search_fail,Free,이탈위험
u_10898,2024-06-16,login,Pro,기존
u_10902,2024-06-16,login,Free,기존
u_10917,2024-06-16,search_fail,Pro,기존
u_10922,2024-06-16,login,Free,기존
u_10925,2024-06-16,login,Basic,기존
u_10930,2024-06-16,login,Free,기존
u_10937,2024-06-16,login,Basic,이탈위험
u_10948,2024-06-16,login,Free,기존
u_10958,2024-06-16,login,Basic,기존
u_10959,2024-06-16,login,Basic,이탈위험
u_10964,2024-06-16,login,Basic,이탈위험
u_10970,2024-06-16,login,Free,기존
u_10981,2024-06-16,login,Pro,신규
u_10983,2024-06-16,login,Pro,이탈위험
u_10997,2024-06-16,login,Basic,이탈위험
u_11008,2024-06-16,login,Pro,신규
u_11009,2024-06-16,login,Free,신규
u_11014,2024-06-16,login,Basic,신규
u_11035,2024-06-16,login,Basic,신규
u_11036,2024-06-16,payment,Free,신규
u_11037,2024-06-16,payment,Basic,신규
u_11044,2024-06-16,login,Basic,신규
u_11049,2024-06-16,login,Basic,신규
u_11055,2024-06-16,login,Pro,신규
u_11066,2024-06-16,login,Free,이탈위험
u_11081,2024-06-16,trial_start,Basic,신규
u_11110,2024-06-16,trial_start,Basic,신규
u_11111,2024-06-16,trial_start,Pro,신규
u_10038,2024-06-17,login,Basic,기존
u_10056,2024-06-17,login,Free,기존
u_10059,2024-06-17,login,Pro,기존
u_10065,2024-06-17,login,Free,기존
u_10076,2024-06-17,login,Free,기존
u_10095,2024-06-17,login,Free,기존
u_10105,2024-06-17,login,Free,기존
u_10113,2024-06-17,login,Basic,기존
u_10114,2024-06-17,login,Free,기존
u_10115,2024-06-17,login,Free,기존
u_10124,2024-06-17,login,Basic,기존
u_10136,2024-06-17,login,Basic,기존
u_10158,2024-06-17,login,Basic,기존
u_10163,2024-06-17,login,Free,기존
u_10183,2024-06-17,login,Free,기존
u_10207,2024-06-17,login,Free,기존
u_10219,2024-06-17,login,Basic,기존
u_10219,2024-06-17,search_fail,Basic,기존
u_10222,2024-06-17,cancel,Basic,이탈위험
u_10224,2024-06-17,login,Basic,기존
u_10241,2024-06-17,login,Pro,기존
u_10258,2024-06-17,login,Basic,기존
u_10267,2024-06-17,login,Free,기존
u_10274,2024-06-17,login,Free,기존
u_10287,2024-06-17,login,Free,기존
u_10302,2024-06-17,login,Free,기존
u_10342,2024-06-17,login,Free,기존
u_10351,2024-06-17,login,Free,기존
u_10353,2024-06-17,login,Basic,기존
u_10367,2024-06-17,login,Free,기존
u_10381,2024-06-17,login,Free,기존
u_10417,2024-06-17,login,Free,기존
u_10426,2024-06-17,login,Free,기존
u_10441,2024-06-17,login,Pro,기존
u_10447,2024-06-17,login,Free,기존
u_10502,2024-06-17,login,Pro,기존
u_10513,2024-06-17,login,Basic,기존
u_10516,2024-06-17,login,Free,기존
u_10523,2024-06-17,login,Free,기존
u_10523,2024-06-17,search_fail,Free,기존
u_10538,2024-06-17,login,Pro,기존
u_10543,2024-06-17,login,Free,기존
u_10550,2024-06-17,login,Basic,기존
u_10558,2024-06-17,login,Free,기존
u_10562,2024-06-17,login,Pro,기존
u_10574,2024-06-17,login,Basic,기존
u_10583,2024-06-17,login,Free,기존
u_10585,2024-06-17,login,Basic,기존
u_10588,2024-06-17,login,Free,기존
u_10589,2024-06-17,login,Basic,기존
u_10598,2024-06-17,login,Free,기존
u_10624,2024-06-17,login,Free,기존
u_10645,2024-06-17,login,Basic,기존
u_10656,2024-06-17,login,Basic,기존
u_10659,2024-06-17,login,Free,기존
u_10670,2024-06-17,login,Basic,기존
u_10674,2024-06-17,login,Pro,기존
u_10679,2024-06-17,login,Free,기존
u_10690,2024-06-17,login,Basic,기존
u_10695,2024-06-17,login,Basic,복귀
u_10696,2024-06-17,login,Basic,기존
u_10718,2024-06-17,login,Basic,기존
u_10719,2024-06-17,login,Pro,기존
u_10725,2024-06-17,login,Free,기존
u_10734,2024-06-17,login,Pro,기존
u_10741,2024-06-17,login,Basic,기존
u_10755,2024-06-17,login,Free,기존
u_10757,2024-06-17,search_fail,Free,기존
u_10765,2024-06-17,login,Basic,기존
u_10775,2024-06-17,login,Free,기존
u_10782,2024-06-17,login,Basic,기존
u_10785,2024-06-17,login,Pro,기존
u_10800,2024-06-17,login,Basic,기존
u_10802,2024-06-17,login,Basic,기존
u_10803,2024-06-17,login,Free,기존
u_10817,2024-06-17,login,Basic,기존
u_10842,2024-06-17,login,Free,기존
u_10879,2024-06-17,login,Pro,기존
u_10890,2024-06-17,login,Basic,기존
u_10895,2024-06-17,cancel,Free,이탈위험
u_10898,2024-06-17,login,Pro,이탈위험
u_10921,2024-06-17,login,Basic,기존
u_10933,2024-06-17,search_fail,Basic,기존
u_10944,2024-06-17,login,Basic,기존
u_10951,2024-06-17,login,Basic,이탈위험
u_10969,2024-06-17,search_fail,Pro,기존
u_10971,2024-06-17,login,Pro,기존
u_10974,2024-06-17,cancel,Basic,이탈위험
u_10982,2024-06-17,cancel,Basic,이탈위험
u_10985,2024-06-17,login,Basic,기존
u_11006,2024-06-17,login,Pro,기존
u_11009,2024-06-17,login,Free,기존
u_11010,2024-06-17,payment,Free,신규
u_11013,2024-06-17,cancel,Pro,이탈위험
u_11021,2024-06-17,login,Free,기존
u_11026,2024-06-17,login,Basic,기존
u_11030,2024-06-17,login,Basic,기존
u_11039,2024-06-17,cancel,Basic,이탈위험
u_11042,2024-06-17,login,Basic,이탈위험
u_11044,2024-06-17,login,Basic,이탈위험
u_11058,2024-06-17,payment,Basic,신규
u_11058,2024-06-17,login,Basic,이탈위험
u_11066,2024-06-17,cancel,Free,이탈위험
u_11069,2024-06-17,cancel,Basic,이탈위험
u_11075,2024-06-17,login,Pro,신규
u_11077,2024-06-17,login,Pro,이탈위험
u_11082,2024-06-17,login,Basic,이탈위험
u_11097,2024-06-17,trial_start,Basic,신규
u_11099,2024-06-17,search_fail,Basic,신규
u_11102,2024-06-17,trial_start,Free,신규
u_11109,2024-06-17,login,Basic,이탈위험
u_11113,2024-06-17,login,Basic,신규
u_11114,2024-06-17,login,Free,신규
u_11116,2024-06-17,login,Free,신규
u_11120,2024-06-17,cancel,Free,이탈위험
u_11128,2024-06-17,login,Basic,신규
u_11133,2024-06-17,trial_start,Basic,신규
u_11134,2024-06-17,login,Free,신규
u_11135,2024-06-17,login,Free,신규
u_11140,2024-06-17,trial_start,Basic,신규
u_11142,2024-06-17,cancel,Basic,이탈위험
u_11146,2024-06-17,login,Basic,신규
u_11148,2024-06-17,signup,Basic,신규
u_11156,2024-06-17,signup,Basic,신규
u_11163,2024-06-17,signup,Pro,신규
u_11164,2024-06-17,signup,Pro,신규
u_11165,2024-06-17,signup,Basic,신규
u_11166,2024-06-17,signup,Pro,신규
u_11168,2024-06-17,signup,Free,신규
u_11172,2024-06-17,signup,Pro,신규
u_11177,2024-06-17,signup,Basic,신규
u_11194,2024-06-17,signup,Free,신규
u_11198,2024-06-17,signup,Pro,신규
u_10007,2024-06-18,login,Free,기존
u_10008,2024-06-18,login,Pro,기존
u_10028,2024-06-18,login,Free,기존
u_10033,2024-06-18,login,Free,기존
u_10035,2024-06-18,login,Basic,기존
u_10037,2024-06-18,login,Free,기존
u_10043,2024-06-18,login,Basic,기존
u_10046,2024-06-18,login,Free,기존
u_10049,2024-06-18,login,Basic,기존
u_10051,2024-06-18,login,Pro,기존
u_10070,2024-06-18,login,Basic,기존
u_10075,2024-06-18,login,Free,기존
u_10091,2024-06-18,login,Free,기존
u_10093,2024-06-18,login,Basic,기존
u_10148,2024-06-18,login,Free,기존
u_10160,2024-06-18,login,Pro,기존
u_10166,2024-06-18,login,Pro,기존
u_10166,2024-06-18,search_fail,Pro,기존
u_10179,2024-06-18,login,Basic,기존
u_10184,2024-06-18,login,Basic,기존
u_10200,2024-06-18,search_fail,Basic,기존
u_10211,2024-06-18,login,Pro,기존
u_10257,2024-06-18,login,Pro,기존
u_10306,2024-06-18,login,Basic,기존
u_10320,2024-06-18,search_fail,Basic,기존
u_10334,2024-06-18,login,Basic,기존
u_10336,2024-06-18,login,Basic,기존
u_10355,2024-06-18,login,Free,기존
u_10375,2024-06-18,login,Free,기존
u_10377,2024-06-18,login,Pro,기존
u_10384,2024-06-18,login,Basic,기존
u_10386,2024-06-18,login,Pro,기존
u_10390,2024-06-18,cancel,Basic,이탈위험
u_10391,2024-06-18,login,Basic,기존
u_10422,2024-06-18,login,Free,기존
u_10471,2024-06-18,login,Basic,기존
u_10473,2024-06-18,login,Basic,기존
u_10489,2024-06-18,login,Free,기존
u_10535,2024-06-18,login,Basic,기존
u_10541,2024-06-18,login,Basic,기존
u_10564,2024-06-18,login,Basic,기존
u_10580,2024-06-18,login,Basic,기존
u_10596,2024-06-18,login,Pro,기존
u_10605,2024-06-18,login,Pro,기존
u_10613,2024-06-18,search_fail,Basic,기존
u_10614,2024-06-18,search_fail,Basic,기존
u_10618,2024-06-18,login,Free,기존
u_10636,2024-06-18,login,Basic,기존
u_10650,2024-06-18,login,Basic,복귀
u_10673,2024-06-18,login,Basic,기존
u_10683,2024-06-18,login,Free,기존
u_10686,2024-06-18,login,Free,기존
u_10702,2024-06-18,login,Basic,기존
u_10706,2024-06-18,login,Basic,기존
u_10721,2024-06-18,login,Pro,기존
u_10722,2024-06-18,login,Basic,기존
u_10732,2024-06-18,login,Free,기존
u_10736,2024-06-18,login,Basic,기존
u_10740,2024-06-18,login,Pro,기존
u_10742,2024-06-18,login,Free,기존
u_10750,2024-06-18,login,Free,기존
u_10754,2024-06-18,login,Pro,기존
u_10768,2024-06-18,login,Basic,기존
u_10785,2024-06-18,search_fail,Pro,기존
u_10791,2024-06-18,login,Free,기존
u_10797,2024-06-18,login,Free,기존
u_10804,2024-06-18,login,Basic,기존
u_10815,2024-06-18,login,Basic,기존
u_10821,2024-06-18,login,Basic,기존
u_10823,2024-06-18,login,Basic,기존
u_10829,2024-06-18,login,Free,기존
u_10849,2024-06-18,login,Free,기존
u_10863,2024-06-18,login,Basic,기존
u_10868,2024-06-18,search_fail,Basic,기존
u_10872,2024-06-18,login,Basic,기존
u_10878,2024-06-18,login,Free,기존
u_10891,2024-06-18,login,Pro,기존
u_10892,2024-06-18,login,Pro,기존
u_10903,2024-06-18,login,Pro,기존
u_10906,2024-06-18,cancel,Free,이탈위험
u_10919,2024-06-18,cancel,Basic,이탈위험
u_10925,2024-06-18,login,Basic,기존
u_10932,2024-06-18,cancel,Basic,이탈위험
u_10934,2024-06-18,login,Basic,기존
u_10939,2024-06-18,login,Free,기존
u_10942,2024-06-18,login,Pro,기존
u_10946,2024-06-18,cancel,Free,이탈위험
u_10948,2024-06-18,login,Free,기존
u_10957,2024-06-18,login,Basic,기존
u_10963,2024-06-18,cancel,Basic,이탈위험
u_10966,2024-06-18,cancel,Basic,이탈위험
u_10969,2024-06-18,login,Pro,기존
u_10994,2024-06-18,login,Free,이탈위험
u_10997,2024-06-18,cancel,Basic,이탈위험
u_11000,2024-06-18,login,Free,기존
u_11008,2024-06-18,login,Pro,기존
u_11028,2024-06-18,cancel,Free,이탈위험
u_11032,2024-06-18,login,Pro,기존
u_11041,2024-06-18,login,Free,이탈위험
u_11046,2024-06-18,login,Free,기존
u_11049,2024-06-18,search_fail,Basic,기존
u_11063,2024-06-18,search_fail,Pro,기존
u_11064,2024-06-18,login,Free,기존
u_11067,2024-06-18,login,Pro,기존
u_11068,2024-06-18,cancel,Free,이탈위험
u_11091,2024-06-18,search_fail,Basic,신규
u_11095,2024-06-18,login,Free,신규
u_11098,2024-06-18,trial_start,Basic,신규
u_11102,2024-06-18,login,Free,신규
u_11103,2024-06-18,search_fail,Free,신규
u_11111,2024-06-18,login,Pro,신규
u_11112,2024-06-18,login,Basic,신규
u_11115,2024-06-18,login,Free,신규
u_11117,2024-06-18,login,Basic,신규
u_11119,2024-06-18,login,Pro,신규
u_11122,2024-06-18,login,Free,신규
u_11123,2024-06-18,cancel,Basic,이탈위험
u_11133,2024-06-18,search_fail,Basic,신규
u_11140,2024-06-18,login,Basic,신규
u_11153,2024-06-18,signup,Pro,신규
u_11158,2024-06-18,signup,Pro,신규
u_11160,2024-06-18,signup,Free,신규
u_11176,2024-06-18,signup,Basic,신규
u_11180,2024-06-18,signup,Pro,신규
u_11188,2024-06-18,signup,Basic,신규
u_10011,2024-06-19,login,Free,기존
u_10017,2024-06-19,search_fail,Basic,기존
u_10021,2024-06-19,login,Free,기존
u_10024,2024-06-19,search_fail,Pro,기존
u_10039,2024-06-19,login,Free,기존
u_10050,2024-06-19,login,Free,기존
u_10069,2024-06-19,login,Basic,기존
u_10071,2024-06-19,login,Free,복귀
u_10072,2024-06-19,login,Free,기존
u_10079,2024-06-19,login,Free,기존
u_10080,2024-06-19,search_fail,Free,기존
u_10081,2024-06-19,login,Pro,기존
u_10097,2024-06-19,login,Basic,기존
u_10120,2024-06-19,login,Free,기존
u_10122,2024-06-19,login,Free,기존
u_10127,2024-06-19,login,Free,기존
u_10128,2024-06-19,login,Basic,기존
u_10137,2024-06-19,login,Basic,기존
u_10152,2024-06-19,login,Free,기존
u_10152,2024-06-19,search_fail,Free,기존
u_10169,2024-06-19,login,Free,기존
u_10203,2024-06-19,login,Basic,기존
u_10210,2024-06-19,login,Basic,기존
u_10232,2024-06-19,login,Basic,기존
u_10238,2024-06-19,login,Basic,기존
u_10238,2024-06-19,search_fail,Basic,기존
u_10249,2024-06-19,login,Free,기존
u_10264,2024-06-19,login,Pro,기존
u_10265,2024-06-19,login,Free,기존
u_10295,2024-06-19,login,Basic,기존
u_10300,2024-06-19,login,Free,기존
u_10312,2024-06-19,login,Free,기존
u_10343,2024-06-19,login,Free,기존
u_10395,2024-06-19,login,Basic,기존
u_10410,2024-06-19,login,Free,기존
u_10422,2024-06-19,search_fail,Free,기존
u_10436,2024-06-19,login,Basic,기존
u_10469,2024-06-19,login,Free,기존
u_10492,2024-06-19,login,Pro,기존
u_10495,2024-06-19,login,Pro,기존
u_10508,2024-06-19,login,Pro,기존
u_10527,2024-06-19,login,Free,기존
u_10531,2024-06-19,cancel,Basic,이탈위험
u_10534,2024-06-19,login,Basic,기존
u_10540,2024-06-19,login,Free,기존
u_10550,2024-06-19,search_fail,Basic,기존
u_10557,2024-06-19,login,Basic,기존
u_10559,2024-06-19,login,Free,기존
u_10566,2024-06-19,login,Free,기존
u_10585,2024-06-19,search_fail,Basic,기존
u_10590,2024-06-19,login,Free,기존
u_10627,2024-06-19,login,Basic,기존
u_10651,2024-06-19,login,Free,기존
u_10657,2024-06-19,login,Free,기존
u_10658,2024-06-19,login,Basic,기존
u_10664,2024-06-19,login,Free,복귀
u_10666,2024-06-19,login,Basic,복귀
u_10668,2024-06-19,login,Basic,기존
u_10676,2024-06-19,login,Pro,기존
u_10680,2024-06-19,login,Free,기존
u_10693,2024-06-19,login,Basic,기존
u_10710,2024-06-19,login,Free,복귀
u_10712,2024-06-19,login,Basic,기존
u_10735,2024-06-19,login,Free,기존
u_10756,2024-06-19,login,Pro,기존
u_10796,2024-06-19,login,Free,기존
u_10805,2024-06-19,login,Pro,기존
u_10811,2024-06-19,login,Basic,기존
u_10836,2024-06-19,search_fail,Basic,기존
u_10863,2024-06-19,search_fail,Basic,기존
u_10868,2024-06-19,login,Basic,기존
u_10893,2024-06-19,login,Free,기존
u_10904,2024-06-19,login,Basic,기존
u_10912,2024-06-19,search_fail,Basic,기존
u_10913,2024-06-19,login,Free,기존
u_10917,2024-06-19,login,Pro,기존
u_10940,2024-06-19,login,Pro,기존
u_10949,2024-06-19,login,Basic,기존
u_10958,2024-06-19,login,Basic,기존
u_10965,2024-06-19,cancel,Free,이탈위험
u_10967,2024-06-19,login,Pro,기존
u_10977,2024-06-19,login,Basic,기존
u_10987,2024-06-19,login,Pro,기존
u_10989,2024-06-19,cancel,Pro,이탈위험
u_10999,2024-06-19,login,Basic,기존
u_11001,2024-06-19,login,Pro,기존
u_11024,2024-06-19,cancel,Basic,이탈위험
u_11034,2024-06-19,login,Free,기존
u_11036,2024-06-19,login,Free,기존
u_11038,2024-06-19,login,Free,이탈위험
u_11070,2024-06-19,search_fail,Basic,신규
u_11071,2024-06-19,login,Basic,신규
u_11074,2024-06-19,login,Free,신규
u_11079,2024-06-19,login,Basic,이탈위험
u_11079,2024-06-19,search_fail,Basic,이탈위험
u_11083,2024-06-19,search_fail,Free,신규
u_11084,2024-06-19,login,Basic,신규
u_11086,2024-06-19,trial_start,Basic,신규
u_11091,2024-06-19,login,Basic,신규
u_11099,2024-06-19,login,Basic,신규
u_11102,2024-06-19,payment,Free,신규
u_11105,2024-06-19,cancel,Free,이탈위험
u_11107,2024-06-19,login,Free,신규
u_11108,2024-06-19,cancel,Basic,이탈위험
u_11116,2024-06-19,search_fail,Free,신규
u_11132,2024-06-19,cancel,Free,이탈위험
u_11138,2024-06-19,search_fail,Basic,신규
u_11139,2024-06-19,cancel,Pro,이탈위험
u_11141,2024-06-19,login,Free,신규
u_11145,2024-06-19,login,Basic,신규
u_11147,2024-06-19,signup,Basic,신규
u_11150,2024-06-19,signup,Free,신규
u_11151,2024-06-19,signup,Basic,신규
u_11154,2024-06-19,signup,Basic,신규
u_11157,2024-06-19,signup,Basic,신규
u_11159,2024-06-19,signup,Basic,신규
u_11161,2024-06-19,signup,Free,신규
u_11166,2024-06-19,trial_start,Pro,신규
u_11184,2024-06-19,signup,Basic,신규
u_11185,2024-06-19,signup,Basic,신규
u_11186,2024-06-19,signup,Pro,신규
u_11191,2024-06-19,signup,Pro,신규
u_11196,2024-06-19,signup,Basic,신규
u_11199,2024-06-19,signup,Free,신규
u_11204,2024-06-19,signup,Pro,신규
u_10010,2024-06-20,login,Pro,기존
u_10045,2024-06-20,login,Free,기존
u_10061,2024-06-20,login,Free,기존
u_10062,2024-06-20,login,Free,기존
u_10074,2024-06-20,login,Basic,기존
u_10087,2024-06-20,login,Free,기존
u_10101,2024-06-20,login,Pro,기존
u_10106,2024-06-20,login,Basic,기존
u_10111,2024-06-20,login,Free,기존
u_10112,2024-06-20,login,Basic,기존
u_10118,2024-06-20,login,Basic,기존
u_10129,2024-06-20,login,Free,기존
u_10130,2024-06-20,login,Basic,기존
u_10135,2024-06-20,login,Basic,기존
u_10180,2024-06-20,login,Basic,기존
u_10181,2024-06-20,login,Basic,기존
u_10185,2024-06-20,login,Basic,기존
u_10194,2024-06-20,login,Free,기존
u_10197,2024-06-20,login,Pro,기존
u_10199,2024-06-20,login,Pro,기존
u_10200,2024-06-20,login,Basic,기존
u_10218,2024-06-20,login,Free,기존
u_10261,2024-06-20,login,Free,기존
u_10278,2024-06-20,login,Pro,기존
u_10283,2024-06-20,login,Basic,기존
u_10296,2024-06-20,login,Free,기존
u_10298,2024-06-20,login,Free,기존
u_10305,2024-06-20,login,Pro,기존
u_10307,2024-06-20,login,Basic,기존
u_10322,2024-06-20,login,Free,기존
u_10340,2024-06-20,login,Basic,기존
u_10342,2024-06-20,search_fail,Free,기존
u_10350,2024-06-20,login,Basic,기존
u_10353,2024-06-20,search_fail,Basic,기존
u_10362,2024-06-20,login,Basic,기존
u_10388,2024-06-20,login,Basic,기존
u_10415,2024-06-20,login,Basic,기존
u_10431,2024-06-20,login,Pro,기존
u_10440,2024-06-20,search_fail,Pro,기존
u_10445,2024-06-20,login,Basic,기존
u_10449,2024-06-20,login,Basic,기존
u_10459,2024-06-20,login,Free,기존
u_10462,2024-06-20,login,Pro,기존
u_10465,2024-06-20,login,Basic,기존
u_10478,2024-06-20,login,Free,기존
u_10491,2024-06-20,login,Free,기존
u_10504,2024-06-20,login,Free,기존
u_10525,2024-06-20,login,Free,기존
u_10532,2024-06-20,login,Free,기존
u_10545,2024-06-20,login,Free,기존
u_10549,2024-06-20,login,Basic,기존
u_10555,2024-06-20,login,Pro,기존
u_10561,2024-06-20,payment,Pro,복귀
u_10569,2024-06-20,login,Basic,기존
u_10581,2024-06-20,login,Free,기존
u_10609,2024-06-20,login,Basic,기존
u_10617,2024-06-20,login,Pro,기존
u_10621,2024-06-20,login,Basic,기존
u_10637,2024-06-20,login,Free,기존
u_10653,2024-06-20,login,Pro,기존
u_10654,2024-06-20,login,Basic,기존
u_10659,2024-06-20,search_fail,Free,기존
u_10662,2024-06-20,login,Free,기존
u_10666,2024-06-20,payment,Basic,복귀
u_10701,2024-06-20,login,Free,기존
u_10710,2024-06-20,payment,Free,복귀
u_10715,2024-06-20,login,Basic,기존
u_10726,2024-06-20,login,Free,기존
u_10729,2024-06-20,search_fail,Free,기존
u_10739,2024-06-20,search_fail,Pro,기존
u_10743,2024-06-20,login,Pro,기존
u_10746,2024-06-20,login,Free,기존
u_10757,2024-06-20,login,Free,기존
u_10769,2024-06-20,login,Basic,기존
u_10770,2024-06-20,login,Free,기존
u_10786,2024-06-20,search_fail,Basic,기존
u_10810,2024-06-20,login,Basic,기존
u_10813,2024-06-20,login,Free,기존
u_10814,2024-06-20,search_fail,Free,기존
u_10818,2024-06-20,login,Pro,기존
u_10859,2024-06-20,login,Pro,기존
u_10862,2024-06-20,login,Free,기존
u_10888,2024-06-20,login,Free,기존
u_10889,2024-06-20,cancel,Pro,이탈위험
u_10897,2024-06-20,login,Pro,기존
u_10899,2024-06-20,login,Free,기존
u_10909,2024-06-20,login,Basic,기존
u_10912,2024-06-20,login,Basic,기존
u_10916,2024-06-20,login,Pro,기존
u_10918,2024-06-20,login,Pro,기존
u_10920,2024-06-20,login,Free,이탈위험
u_10924,2024-06-20,login,Free,이탈위험
u_10927,2024-06-20,login,Basic,기존
u_10929,2024-06-20,login,Basic,기존
u_10931,2024-06-20,login,Basic,이탈위험
u_10943,2024-06-20,cancel,Free,이탈위험
u_10959,2024-06-20,cancel,Basic,이탈위험
u_10961,2024-06-20,login,Pro,이탈위험
u_10964,2024-06-20,cancel,Basic,이탈위험
u_10972,2024-06-20,cancel,Pro,이탈위험
u_10978,2024-06-20,login,Free,기존
u_10986,2024-06-20,login,Free,이탈위험
u_10998,2024-06-20,login,Free,기존
u_11002,2024-06-20,login,Free,기존
u_11004,2024-06-20,cancel,Basic,이탈위험
u_11005,2024-06-20,login,Basic,이탈위험
u_11010,2024-06-20,login,Free,기존
u_11019,2024-06-20,login,Basic,기존
u_11020,2024-06-20,login,Basic,기존
u_11023,2024-06-20,login,Basic,기존
u_11025,2024-06-20,login,Pro,기존
u_11027,2024-06-20,login,Basic,기존
u_11057,2024-06-20,login,Basic,기존
u_11085,2024-06-20,search_fail,Free,신규
u_11094,2024-06-20,login,Pro,신규
u_11113,2024-06-20,search_fail,Basic,신규
u_11126,2024-06-20,cancel,Basic,이탈위험
u_11131,2024-06-20,login,Free,신규
u_11144,2024-06-20,login,Basic,신규
u_11157,2024-06-20,trial_start,Basic,신규
u_11162,2024-06-20,signup,Free,신규
u_11163,2024-06-20,trial_start,Pro,신규
u_11167,2024-06-20,signup,Pro,신규
u_11169,2024-06-20,signup,Free,신규
u_11171,2024-06-20,signup,Free,신규
u_11173,2024-06-20,signup,Basic,신규
u_11178,2024-06-20,signup,Basic,신규
u_11179,2024-06-20,signup,Basic,신규
u_11182,2024-06-20,signup,Free,신규
u_11183,2024-06-20,signup,Pro,신규
u_11187,2024-06-20,signup,Basic,신규
u_11189,2024-06-20,signup,Basic,신규
u_11190,2024-06-20,signup,Free,신규
u_11193,2024-06-20,signup,Basic,신규
u_11195,2024-06-20,signup,Free,신규
u_11197,2024-06-20,signup,Pro,신규
u_11200,2024-06-20,signup,Free,신규
u_10017,2024-06-21,login,Basic,기존
u_10024,2024-06-21,login,Pro,기존
u_10026,2024-06-21,login,Pro,기존
u_10080,2024-06-21,login,Free,기존
u_10100,2024-06-21,login,Basic,기존
u_10102,2024-06-21,login,Basic,기존
u_10103,2024-06-21,login,Free,기존
u_10130,2024-06-21,search_fail,Basic,기존
u_10139,2024-06-21,login,Free,기존
u_10146,2024-06-21,login,Basic,기존
u_10161,2024-06-21,login,Free,기존
u_10168,2024-06-21,login,Pro,기존
u_10188,2024-06-21,login,Basic,기존
u_10202,2024-06-21,login,Free,기존
u_10245,2024-06-21,login,Free,기존
u_10255,2024-06-21,login,Basic,기존
u_10266,2024-06-21,login,Basic,기존
u_10268,2024-06-21,login,Basic,기존
u_10292,2024-06-21,login,Pro,기존
u_10297,2024-06-21,cancel,Free,이탈위험
u_10308,2024-06-21,login,Free,기존
u_10308,2024-06-21,search_fail,Free,기존
u_10309,2024-06-21,login,Basic,기존
u_10317,2024-06-21,login,Pro,기존
u_10327,2024-06-21,login,Pro,기존
u_10332,2024-06-21,cancel,Free,이탈위험
u_10365,2024-06-21,login,Pro,기존
u_10370,2024-06-21,login,Free,기존
u_10370,2024-06-21,search_fail,Free,기존
u_10380,2024-06-21,login,Basic,기존
u_10383,2024-06-21,login,Basic,이탈위험
u_10383,2024-06-21,search_fail,Basic,이탈위험
u_10389,2024-06-21,login,Basic,기존
u_10392,2024-06-21,login,Basic,기존
u_10406,2024-06-21,login,Basic,기존
u_10408,2024-06-21,login,Basic,기존
u_10409,2024-06-21,search_fail,Free,기존
u_10411,2024-06-21,login,Basic,기존
u_10428,2024-06-21,login,Free,기존
u_10452,2024-06-21,login,Pro,기존
u_10466,2024-06-21,login,Free,기존
u_10472,2024-06-21,login,Pro,기존
u_10484,2024-06-21,login,Basic,기존
u_10490,2024-06-21,login,Free,기존
u_10496,2024-06-21,login,Basic,기존
u_10505,2024-06-21,login,Free,기존
u_10511,2024-06-21,login,Free,기존
u_10537,2024-06-21,login,Basic,기존
u_10546,2024-06-21,login,Pro,기존
u_10575,2024-06-21,cancel,Free,이탈위험
u_10584,2024-06-21,login,Free,기존
u_10595,2024-06-21,login,Free,기존
u_10606,2024-06-21,login,Free,기존
u_10613,2024-06-21,login,Basic,기존
u_10616,2024-06-21,login,Free,이탈위험
u_10623,2024-06-21,login,Basic,기존
u_10629,2024-06-21,login,Free,기존
u_10638,2024-06-21,login,Basic,기존
u_10641,2024-06-21,login,Free,기존
u_10660,2024-06-21,login,Free,기존
u_10665,2024-06-21,login,Free,기존
u_10684,2024-06-21,login,Free,기존
u_10699,2024-06-21,login,Basic,기존
u_10723,2024-06-21,login,Free,기존
u_10728,2024-06-21,login,Basic,기존
u_10731,2024-06-21,login,Free,기존
u_10733,2024-06-21,login,Free,기존
u_10787,2024-06-21,login,Basic,기존
u_10808,2024-06-21,login,Free,이탈위험
u_10814,2024-06-21,login,Free,기존
u_10816,2024-06-21,login,Basic,기존
u_10831,2024-06-21,login,Free,기존
u_10843,2024-06-21,login,Free,이탈위험
u_10846,2024-06-21,login,Basic,기존
u_10856,2024-06-21,login,Basic,기존
u_10861,2024-06-21,login,Basic,기존
u_10865,2024-06-21,login,Basic,기존
u_10877,2024-06-21,login,Basic,기존
u_10883,2024-06-21,login,Basic,기존
u_10894,2024-06-21,login,Free,기존
u_10896,2024-06-21,cancel,Basic,이탈위험
u_10901,2024-06-21,login,Basic,기존
u_10907,2024-06-21,cancel,Free,이탈위험
u_10911,2024-06-21,login,Free,기존
u_10923,2024-06-21,login,Basic,기존
u_10928,2024-06-21,login,Free,기존
u_10937,2024-06-21,cancel,Basic,이탈위험
u_10941,2024-06-21,login,Pro,기존
u_10953,2024-06-21,cancel,Free,이탈위험
u_10956,2024-06-21,login,Free,기존
u_10970,2024-06-21,login,Free,기존
u_10975,2024-06-21,login,Basic,이탈위험
u_10979,2024-06-21,login,Basic,기존
u_10983,2024-06-21,cancel,Pro,이탈위험
u_10995,2024-06-21,cancel,Basic,이탈위험
u_11003,2024-06-21,login,Pro,기존
u_11014,2024-06-21,login,Basic,기존
u_11016,2024-06-21,login,Pro,기존
u_11022,2024-06-21,search_fail,Basic,기존
u_11031,2024-06-21,login,Free,이탈위험
u_11033,2024-06-21,login,Basic,이탈위험
u_11035,2024-06-21,login,Basic,기존
u_11045,2024-06-21,login,Basic,기존
u_11056,2024-06-21,login,Pro,기존
u_11059,2024-06-21,login,Free,기존
u_11061,2024-06-21,login,Free,기존
u_11073,2024-06-21,login,Pro,이탈위험
u_11075,2024-06-21,search_fail,Pro,신규
u_11081,2024-06-21,login,Basic,신규
u_11085,2024-06-21,login,Free,신규
u_11092,2024-06-21,login,Basic,신규
u_11093,2024-06-21,login,Basic,신규
u_11100,2024-06-21,login,Basic,신규
u_11101,2024-06-21,login,Free,신규
u_11104,2024-06-21,login,Basic,신규
u_11124,2024-06-21,login,Free,신규
u_11129,2024-06-21,login,Free,신규
u_11130,2024-06-21,login,Free,신규
u_11133,2024-06-21,login,Basic,신규
u_11149,2024-06-21,signup,Basic,신규
u_11152,2024-06-21,signup,Pro,신규
u_11154,2024-06-21,trial_start,Basic,신규
u_11155,2024-06-21,signup,Basic,신규
u_11170,2024-06-21,signup,Free,신규
u_11174,2024-06-21,signup,Basic,신규
u_11175,2024-06-21,signup,Basic,신규
u_11181,2024-06-21,signup,Basic,신규
u_11192,2024-06-21,signup,Free,신규
u_11201,2024-06-21,signup,Basic,신규
u_11202,2024-06-21,signup,Pro,신규
u_11203,2024-06-21,signup,Free,신규
u_10012,2024-06-22,login,Pro,기존
u_10013,2024-06-22,login,Free,기존
u_10016,2024-06-22,login,Free,기존
u_10016,2024-06-22,search_fail,Free,기존
u_10023,2024-06-22,login,Pro,기존
u_10034,2024-06-22,login,Basic,기존
u_10040,2024-06-22,login,Basic,기존
u_10053,2024-06-22,login,Basic,이탈위험
u_10060,2024-06-22,login,Free,기존
u_10147,2024-06-22,login,Free,기존
u_10173,2024-06-22,login,Pro,기존
u_10198,2024-06-22,login,Free,기존
u_10220,2024-06-22,login,Basic,복귀
u_10221,2024-06-22,login,Free,기존
u_10228,2024-06-22,login,Basic,기존
u_10229,2024-06-22,login,Basic,기존
u_10230,2024-06-22,login,Basic,기존
u_10239,2024-06-22,login,Basic,기존
u_10246,2024-06-22,login,Pro,기존
u_10262,2024-06-22,search_fail,Basic,기존
u_10281,2024-06-22,login,Basic,기존
u_10299,2024-06-22,login,Basic,기존
u_10300,2024-06-22,search_fail,Free,기존
u_10301,2024-06-22,login,Pro,기존
u_10318,2024-06-22,login,Pro,기존
u_10338,2024-06-22,login,Free,기존
u_10349,2024-06-22,login,Free,기존
u_10373,2024-06-22,login,Basic,기존
u_10379,2024-06-22,login,Free,기존
u_10416,2024-06-22,login,Free,기존
u_10423,2024-06-22,login,Free,기존
u_10425,2024-06-22,login,Free,기존
u_10432,2024-06-22,login,Pro,기존
u_10438,2024-06-22,login,Pro,기존
u_10439,2024-06-22,login,Free,기존
u_10455,2024-06-22,login,Free,기존
u_10468,2024-06-22,login,Basic,기존
u_10485,2024-06-22,login,Free,기존
u_10500,2024-06-22,login,Free,기존
u_10501,2024-06-22,login,Free,기존
u_10501,2024-06-22,search_fail,Free,기존
u_10507,2024-06-22,login,Free,기존
u_10510,2024-06-22,login,Free,기존
u_10517,2024-06-22,login,Basic,기존
u_10517,2024-06-22,search_fail,Basic,기존
u_10522,2024-06-22,login,Pro,기존
u_10526,2024-06-22,login,Basic,기존
u_10572,2024-06-22,login,Basic,기존
u_10597,2024-06-22,search_fail,Basic,기존
u_10599,2024-06-22,login,Basic,기존
u_10603,2024-06-22,login,Free,기존
u_10619,2024-06-22,login,Basic,기존
u_10622,2024-06-22,login,Pro,기존
u_10625,2024-06-22,login,Free,기존
u_10631,2024-06-22,login,Basic,기존
u_10632,2024-06-22,login,Basic,기존
u_10671,2024-06-22,login,Basic,기존
u_10682,2024-06-22,search_fail,Free,기존
u_10685,2024-06-22,login,Free,기존
u_10713,2024-06-22,login,Free,기존
u_10727,2024-06-22,login,Free,기존
u_10729,2024-06-22,login,Free,기존
u_10737,2024-06-22,login,Free,기존
u_10745,2024-06-22,login,Free,기존
u_10749,2024-06-22,login,Pro,기존
u_10767,2024-06-22,login,Free,기존
u_10779,2024-06-22,login,Basic,기존
u_10790,2024-06-22,login,Free,기존
u_10794,2024-06-22,login,Basic,기존
u_10809,2024-06-22,login,Basic,기존
u_10833,2024-06-22,login,Basic,기존
u_10835,2024-06-22,login,Free,기존
u_10844,2024-06-22,search_fail,Basic,기존
u_10845,2024-06-22,login,Basic,기존
u_10847,2024-06-22,login,Basic,기존
u_10857,2024-06-22,login,Basic,기존
u_10867,2024-06-22,login,Basic,기존
u_10871,2024-06-22,login,Free,기존
u_10875,2024-06-22,login,Basic,이탈위험
u_10880,2024-06-22,login,Pro,기존
u_10890,2024-06-22,search_fail,Basic,기존
u_10933,2024-06-22,login,Basic,기존
u_10936,2024-06-22,login,Basic,기존
u_10968,2024-06-22,login,Free,기존
u_10980,2024-06-22,login,Basic,이탈위험
u_10984,2024-06-22,login,Basic,기존
u_10988,2024-06-22,login,Basic,이탈위험
u_10993,2024-06-22,login,Basic,기존
u_11010,2024-06-22,search_fail,Free,기존
u_11011,2024-06-22,login,Pro,기존
u_11022,2024-06-22,login,Basic,기존
u_11037,2024-06-22,login,Basic,기존
u_11049,2024-06-22,login,Basic,기존
u_11051,2024-06-22,search_fail,Basic,기존
u_11052,2024-06-22,login,Pro,기존
u_11053,2024-06-22,login,Basic,이탈위험
u_11072,2024-06-22,payment,Free,신규
u_11072,2024-06-22,login,Free,신규
u_11076,2024-06-22,login,Basic,신규
u_11078,2024-06-22,login,Basic,신규
u_11087,2024-06-22,login,Free,신규
u_11088,2024-06-22,login,Basic,신규
u_11089,2024-06-22,login,Pro,신규
u_11096,2024-06-22,login,Free,신규
u_11097,2024-06-22,login,Basic,신규
u_11098,2024-06-22,login,Basic,신규
u_11103,2024-06-22,login,Free,신규
u_11106,2024-06-22,login,Basic,신규
u_11113,2024-06-22,payment,Basic,신규
u_11118,2024-06-22,login,Free,신규
u_11121,2024-06-22,payment,Free,신규
u_11121,2024-06-22,login,Free,신규
u_11127,2024-06-22,login,Free,신규
u_11137,2024-06-22,login,Pro,신규
u_11164,2024-06-22,trial_start,Pro,신규
u_11175,2024-06-22,trial_start,Basic,신규
u_10002,2024-06-23,login,Basic,기존
u_10022,2024-06-23,login,Free,기존
u_10036,2024-06-23,login,Pro,기존
u_10044,2024-06-23,login,Basic,기존
u_10048,2024-06-23,login,Basic,기존
u_10058,2024-06-23,login,Free,기존
u_10063,2024-06-23,login,Free,기존
u_10068,2024-06-23,login,Basic,기존
u_10090,2024-06-23,login,Free,기존
u_10092,2024-06-23,login,Pro,기존
u_10156,2024-06-23,login,Basic,기존
u_10157,2024-06-23,login,Pro,기존
u_10165,2024-06-23,login,Free,기존
u_10167,2024-06-23,login,Basic,기존
u_10170,2024-06-23,login,Free,기존
u_10193,2024-06-23,login,Basic,기존
u_10203,2024-06-23,search_fail,Basic,기존
u_10214,2024-06-23,login,Pro,기존
u_10215,2024-06-23,login,Free,기존
u_10242,2024-06-23,login,Free,기존
u_10252,2024-06-23,login,Free,기존
u_10254,2024-06-23,login,Free,기존
u_10259,2024-06-23,login,Free,기존
u_10263,2024-06-23,login,Basic,기존
u_10269,2024-06-23,login,Free,기존
u_10290,2024-06-23,login,Free,기존
u_10316,2024-06-23,login,Basic,기존
u_10330,2024-06-23,login,Basic,기존
u_10340,2024-06-23,search_fail,Basic,기존
u_10348,2024-06-23,login,Basic,기존
u_10359,2024-06-23,login,Pro,기존
u_10366,2024-06-23,login,Basic,기존
u_10376,2024-06-23,login,Basic,기존
u_10401,2024-06-23,login,Pro,기존
u_10402,2024-06-23,login,Free,기존
u_10420,2024-06-23,login,Basic,기존
u_10442,2024-06-23,login,Basic,기존
u_10444,2024-06-23,login,Free,기존
u_10448,2024-06-23,login,Pro,이탈위험
u_10458,2024-06-23,login,Free,기존
u_10464,2024-06-23,login,Free,기존
u_10477,2024-06-23,login,Free,기존
u_10503,2024-06-23,login,Basic,기존
u_10509,2024-06-23,login,Free,기존
u_10514,2024-06-23,login,Basic,기존
u_10529,2024-06-23,login,Free,기존
u_10536,2024-06-23,login,Basic,기존
u_10544,2024-06-23,login,Free,기존
u_10561,2024-06-23,login,Pro,복귀
u_10567,2024-06-23,login,Basic,기존
u_10571,2024-06-23,login,Basic,기존
u_10573,2024-06-23,login,Free,기존
u_10597,2024-06-23,login,Basic,기존
u_10626,2024-06-23,login,Free,기존
u_10626,2024-06-23,search_fail,Free,기존
u_10638,2024-06-23,search_fail,Basic,기존
u_10642,2024-06-23,login,Pro,기존
u_10649,2024-06-23,login,Free,기존
u_10663,2024-06-23,login,Free,기존
u_10674,2024-06-23,search_fail,Pro,기존
u_10705,2024-06-23,login,Free,기존
u_10709,2024-06-23,login,Free,기존
u_10711,2024-06-23,login,Basic,기존
u_10721,2024-06-23,search_fail,Pro,기존
u_10724,2024-06-23,login,Pro,기존
u_10739,2024-06-23,login,Pro,기존
u_10744,2024-06-23,login,Basic,이탈위험
u_10759,2024-06-23,login,Free,기존
u_10771,2024-06-23,login,Pro,기존
u_10772,2024-06-23,login,Basic,기존
u_10781,2024-06-23,login,Basic,기존
u_10782,2024-06-23,search_fail,Basic,기존
u_10798,2024-06-23,login,Pro,기존
u_10807,2024-06-23,login,Basic,기존
u_10822,2024-06-23,login,Free,기존
u_10852,2024-06-23,login,Basic,기존
u_10854,2024-06-23,login,Free,기존
u_10860,2024-06-23,login,Basic,기존
u_10870,2024-06-23,login,Free,기존
u_10873,2024-06-23,login,Free,이탈위험
u_10874,2024-06-23,login,Pro,기존
u_10884,2024-06-23,login,Free,이탈위험
u_10902,2024-06-23,login,Free,기존
u_10905,2024-06-23,login,Free,기존
u_10908,2024-06-23,login,Pro,기존
u_10910,2024-06-23,login,Basic,기존
u_10922,2024-06-23,login,Free,기존
u_10923,2024-06-23,search_fail,Basic,기존
u_10926,2024-06-23,login,Pro,기존
u_10938,2024-06-23,login,Basic,기존
u_10947,2024-06-23,login,Pro,기존
u_10955,2024-06-23,login,Basic,이탈위험
u_10980,2024-06-23,search_fail,Basic,이탈위험
u_10981,2024-06-23,login,Pro,기존
u_10981,2024-06-23,search_fail,Pro,기존
u_10991,2024-06-23,search_fail,Free,기존
u_10992,2024-06-23,login,Free,이탈위험
u_10996,2024-06-23,login,Pro,이탈위험
u_11003,2024-06-23,search_fail,Pro,기존
u_11007,2024-06-23,login,Free,기존
u_11017,2024-06-23,login,Basic,기존
u_11040,2024-06-23,login,Basic,이탈위험
u_11040,2024-06-23,search_fail,Basic,이탈위험
u_11043,2024-06-23,login,Free,기존
u_11047,2024-06-23,login,Basic,기존
u_11055,2024-06-23,login,Pro,기존
u_11063,2024-06-23,login,Pro,기존
u_11065,2024-06-23,login,Basic,기존
u_11080,2024-06-23,login,Free,신규
u_11086,2024-06-23,login,Basic,신규
u_11090,2024-06-23,login,Basic,신규
u_11104,2024-06-23,search_fail,Basic,신규
u_11110,2024-06-23,login,Basic,신규
u_11125,2024-06-23,login,Basic,이탈위험
u_11135,2024-06-23,search_fail,Free,신규
u_11136,2024-06-23,payment,Basic,신규
u_11136,2024-06-23,login,Basic,신규
u_11141,2024-06-23,payment,Free,신규
u_11141,2024-06-23,search_fail,Free,신규
u_11152,2024-06-23,trial_start,Pro,신규
u_11160,2024-06-23,trial_start,Free,신규
u_11164,2024-06-23,payment,Pro,신규
u_11189,2024-06-23,trial_start,Basic,신규
u_11196,2024-06-23,trial_start,Basic,신규
u_10002,2024-06-24,search_fail,Basic,기존
u_10004,2024-06-24,login,Basic,기존
u_10022,2024-06-24,login,Free,기존
u_10037,2024-06-24,login,Free,기존
u_10038,2024-06-24,login,Basic,기존
u_10040,2024-06-24,search_fail,Basic,기존
u_10049,2024-06-24,login,Basic,기존
u_10051,2024-06-24,login,Pro,기존
u_10053,2024-06-24,cancel,Basic,이탈위험
u_10060,2024-06-24,login,Free,기존
u_10062,2024-06-24,login,Free,기존
u_10068,2024-06-24,login,Basic,기존
u_10091,2024-06-24,login,Free,기존
u_10095,2024-06-24,login,Free,기존
u_10109,2024-06-24,login,Free,기존
u_10161,2024-06-24,login,Free,기존
u_10173,2024-06-24,login,Pro,기존
u_10181,2024-06-24,login,Basic,기존
u_10200,2024-06-24,login,Basic,기존
u_10203,2024-06-24,login,Basic,기존
u_10229,2024-06-24,search_fail,Basic,기존
u_10257,2024-06-24,login,Pro,기존
u_10262,2024-06-24,login,Basic,기존
u_10278,2024-06-24,login,Pro,기존
u_10293,2024-06-24,login,Pro,기존
u_10312,2024-06-24,login,Free,기존
u_10326,2024-06-24,login,Pro,기존
u_10383,2024-06-24,cancel,Basic,이탈위험
u_10386,2024-06-24,login,Pro,기존
u_10420,2024-06-24,login,Basic,기존
u_10422,2024-06-24,login,Free,기존
u_10423,2024-06-24,login,Free,기존
u_10436,2024-06-24,login,Basic,기존
u_10440,2024-06-24,login,Pro,기존
u_10445,2024-06-24,search_fail,Basic,기존
u_10448,2024-06-24,cancel,Pro,이탈위험
u_10452,2024-06-24,login,Pro,기존
u_10462,2024-06-24,search_fail,Pro,기존
u_10466,2024-06-24,login,Free,기존
u_10468,2024-06-24,login,Basic,기존
u_10484,2024-06-24,login,Basic,기존
u_10487,2024-06-24,login,Pro,기존
u_10492,2024-06-24,login,Pro,기존
u_10503,2024-06-24,login,Basic,기존
u_10509,2024-06-24,login,Free,기존
u_10511,2024-06-24,login,Free,기존
u_10516,2024-06-24,login,Free,기존
u_10517,2024-06-24,login,Basic,기존
u_10534,2024-06-24,login,Basic,기존
u_10540,2024-06-24,login,Free,기존
u_10543,2024-06-24,login,Free,기존
u_10544,2024-06-24,login,Free,기존
u_10550,2024-06-24,login,Basic,기존
u_10580,2024-06-24,login,Basic,기존
u_10603,2024-06-24,login,Free,기존
u_10619,2024-06-24,login,Basic,기존
u_10623,2024-06-24,login,Basic,기존
u_10625,2024-06-24,login,Free,기존
u_10627,2024-06-24,login,Basic,기존
u_10632,2024-06-24,login,Basic,기존
u_10636,2024-06-24,login,Basic,기존
u_10641,2024-06-24,login,Free,기존
u_10645,2024-06-24,login,Basic,기존
u_10654,2024-06-24,login,Basic,기존
u_10705,2024-06-24,login,Free,기존
u_10715,2024-06-24,login,Basic,기존
u_10722,2024-06-24,search_fail,Basic,기존
u_10723,2024-06-24,login,Free,기존
u_10726,2024-06-24,search_fail,Free,기존
u_10740,2024-06-24,login,Pro,기존
u_10741,2024-06-24,login,Basic,기존
u_10748,2024-06-24,login,Free,기존
u_10749,2024-06-24,login,Pro,기존
u_10765,2024-06-24,login,Basic,기존
u_10775,2024-06-24,login,Free,기존
u_10786,2024-06-24,login,Basic,기존
u_10797,2024-06-24,login,Free,기존
u_10800,2024-06-24,login,Basic,기존
u_10803,2024-06-24,search_fail,Free,기존
u_10811,2024-06-24,login,Basic,기존
u_10811,2024-06-24,search_fail,Basic,기존
u_10817,2024-06-24,login,Basic,기존
u_10822,2024-06-24,login,Free,기존
u_10848,2024-06-24,login,Basic,복귀
u_10861,2024-06-24,login,Basic,기존
u_10863,2024-06-24,login,Basic,기존
u_10867,2024-06-24,login,Basic,기존
u_10898,2024-06-24,cancel,Pro,이탈위험
u_10918,2024-06-24,login,Pro,기존
u_10940,2024-06-24,login,Pro,기존
u_10955,2024-06-24,cancel,Basic,이탈위험
u_10979,2024-06-24,login,Basic,기존
u_10980,2024-06-24,cancel,Basic,이탈위험
u_10991,2024-06-24,login,Free,기존
u_11000,2024-06-24,login,Free,기존
u_11006,2024-06-24,login,Pro,기존
u_11009,2024-06-24,login,Free,기존
u_11025,2024-06-24,login,Pro,기존
u_11030,2024-06-24,login,Basic,기존
u_11038,2024-06-24,cancel,Free,이탈위험
u_11048,2024-06-24,login,Basic,기존
u_11054,2024-06-24,login,Free,기존
u_11056,2024-06-24,login,Pro,기존
u_11058,2024-06-24,cancel,Basic,이탈위험
u_11067,2024-06-24,login,Pro,기존
u_11079,2024-06-24,cancel,Basic,이탈위험
u_11082,2024-06-24,payment,Basic,신규
u_11082,2024-06-24,cancel,Basic,이탈위험
u_11086,2024-06-24,payment,Basic,신규
u_11087,2024-06-24,login,Free,기존
u_11090,2024-06-24,search_fail,Basic,기존
u_11092,2024-06-24,login,Basic,기존
u_11104,2024-06-24,login,Basic,기존
u_11109,2024-06-24,cancel,Basic,이탈위험
u_11111,2024-06-24,login,Pro,기존
u_11121,2024-06-24,login,Free,기존
u_11131,2024-06-24,login,Free,기존
u_11137,2024-06-24,login,Pro,기존
u_11146,2024-06-24,search_fail,Basic,기존
u_11147,2024-06-24,trial_start,Basic,신규
u_11147,2024-06-24,login,Basic,신규
u_11153,2024-06-24,search_fail,Pro,신규
u_11159,2024-06-24,login,Basic,신규
u_11171,2024-06-24,login,Free,신규
u_11175,2024-06-24,search_fail,Basic,신규
u_11178,2024-06-24,search_fail,Basic,신규
u_11184,2024-06-24,trial_start,Basic,신규
u_11188,2024-06-24,login,Basic,신규
u_11193,2024-06-24,login,Basic,신규
u_11200,2024-06-24,cancel,Free,이탈위험
u_11206,2024-06-24,signup,Basic,신규
u_11213,2024-06-24,signup,Pro,신규
u_11216,2024-06-24,signup,Basic,신규
u_10013,2024-06-25,login,Free,기존
u_10021,2024-06-25,search_fail,Free,기존
u_10056,2024-06-25,login,Free,기존
u_10069,2024-06-25,login,Basic,기존
u_10069,2024-06-25,search_fail,Basic,기존
u_10072,2024-06-25,login,Free,기존
u_10079,2024-06-25,login,Free,기존
u_10092,2024-06-25,login,Pro,기존
u_10097,2024-06-25,login,Basic,기존
u_10110,2024-06-25,login,Basic,기존
u_10114,2024-06-25,login,Free,기존
u_10139,2024-06-25,login,Free,기존
u_10160,2024-06-25,login,Pro,기존
u_10166,2024-06-25,search_fail,Pro,기존
u_10168,2024-06-25,login,Pro,기존
u_10180,2024-06-25,login,Basic,기존
u_10199,2024-06-25,login,Pro,기존
u_10211,2024-06-25,login,Pro,기존
u_10224,2024-06-25,login,Basic,기존
u_10229,2024-06-25,login,Basic,기존
u_10230,2024-06-25,login,Basic,기존
u_10238,2024-06-25,login,Basic,기존
u_10259,2024-06-25,login,Free,기존
u_10276,2024-06-25,login,Basic,기존
u_10282,2024-06-25,login,Free,복귀
u_10300,2024-06-25,login,Free,기존
u_10317,2024-06-25,login,Pro,기존
u_10318,2024-06-25,search_fail,Pro,기존
u_10330,2024-06-25,login,Basic,기존
u_10342,2024-06-25,login,Free,기존
u_10343,2024-06-25,login,Free,기존
u_10349,2024-06-25,login,Free,기존
u_10373,2024-06-25,login,Basic,기존
u_10376,2024-06-25,search_fail,Basic,기존
u_10418,2024-06-25,login,Pro,복귀
u_10431,2024-06-25,login,Pro,기존
u_10449,2024-06-25,login,Basic,기존
u_10469,2024-06-25,login,Free,기존
u_10472,2024-06-25,login,Pro,기존
u_10473,2024-06-25,login,Basic,기존
u_10478,2024-06-25,login,Free,기존
u_10508,2024-06-25,login,Pro,기존
u_10513,2024-06-25,login,Basic,기존
u_10537,2024-06-25,login,Basic,기존
u_10569,2024-06-25,login,Basic,기존
u_10573,2024-06-25,login,Free,기존
u_10591,2024-06-25,login,Basic,복귀
u_10600,2024-06-25,login,Free,기존
u_10616,2024-06-25,cancel,Free,이탈위험
u_10653,2024-06-25,login,Pro,기존
u_10657,2024-06-25,login,Free,기존
u_10659,2024-06-25,login,Free,기존
u_10671,2024-06-25,login,Basic,기존
u_10674,2024-06-25,login,Pro,기존
u_10679,2024-06-25,login,Free,기존
u_10684,2024-06-25,login,Free,기존
u_10693,2024-06-25,search_fail,Basic,기존
u_10701,2024-06-25,login,Free,기존
u_10702,2024-06-25,login,Basic,기존
u_10713,2024-06-25,login,Free,기존
u_10729,2024-06-25,search_fail,Free,기존
u_10733,2024-06-25,login,Free,기존
u_10734,2024-06-25,login,Pro,기존
u_10736,2024-06-25,login,Basic,기존
u_10737,2024-06-25,login,Free,기존
u_10757,2024-06-25,login,Free,기존
u_10779,2024-06-25,search_fail,Basic,기존
u_10835,2024-06-25,login,Free,기존
u_10847,2024-06-25,login,Basic,기존
u_10849,2024-06-25,login,Free,기존
u_10852,2024-06-25,login,Basic,기존
u_10854,2024-06-25,search_fail,Free,기존
u_10874,2024-06-25,login,Pro,기존
u_10886,2024-06-25,login,Basic,기존
u_10888,2024-06-25,login,Free,기존
u_10894,2024-06-25,search_fail,Free,기존
u_10897,2024-06-25,login,Pro,기존
u_10904,2024-06-25,login,Basic,기존
u_10909,2024-06-25,login,Basic,기존
u_10911,2024-06-25,login,Free,기존
u_10917,2024-06-25,login,Pro,기존
u_10921,2024-06-25,search_fail,Basic,기존
u_10934,2024-06-25,search_fail,Basic,기존
u_10948,2024-06-25,login,Free,기존
u_10949,2024-06-25,login,Basic,기존
u_10971,2024-06-25,search_fail,Pro,기존
u_10981,2024-06-25,login,Pro,기존
u_10986,2024-06-25,cancel,Free,이탈위험
u_10987,2024-06-25,login,Pro,기존
u_10988,2024-06-25,cancel,Basic,이탈위험
u_10994,2024-06-25,cancel,Free,이탈위험
u_11011,2024-06-25,login,Pro,기존
u_11030,2024-06-25,search_fail,Basic,기존
u_11031,2024-06-25,cancel,Free,이탈위험
u_11035,2024-06-25,login,Basic,기존
u_11036,2024-06-25,login,Free,기존
u_11060,2024-06-25,cancel,Basic,이탈위험
u_11072,2024-06-25,login,Free,기존
u_11083,2024-06-25,login,Free,기존
u_11086,2024-06-25,login,Basic,기존
u_11094,2024-06-25,login,Pro,기존
u_11098,2024-06-25,payment,Basic,신규
u_11107,2024-06-25,login,Free,기존
u_11110,2024-06-25,payment,Basic,신규
u_11110,2024-06-25,login,Basic,기존
u_11117,2024-06-25,login,Basic,기존
u_11140,2024-06-25,payment,Basic,신규
u_11152,2024-06-25,login,Pro,신규
u_11155,2024-06-25,trial_start,Basic,신규
u_11155,2024-06-25,login,Basic,신규
u_11162,2024-06-25,trial_start,Free,신규
u_11162,2024-06-25,login,Free,신규
u_11170,2024-06-25,login,Free,신규
u_11171,2024-06-25,search_fail,Free,신규
u_11186,2024-06-25,search_fail,Pro,신규
u_11199,2024-06-25,login,Free,신규
u_11203,2024-06-25,login,Free,신규
u_11205,2024-06-25,signup,Free,신규
u_11207,2024-06-25,signup,Basic,신규
u_11208,2024-06-25,signup,Basic,신규
u_11210,2024-06-25,signup,Free,신규
u_11215,2024-06-25,signup,Basic,신규
u_11219,2024-06-25,signup,Basic,신규
u_11223,2024-06-25,signup,Free,신규
u_11228,2024-06-25,signup,Basic,신규
u_10033,2024-06-26,login,Free,기존
u_10044,2024-06-26,login,Basic,기존
u_10050,2024-06-26,login,Free,기존
u_10058,2024-06-26,login,Free,기존
u_10059,2024-06-26,login,Pro,기존
u_10070,2024-06-26,login,Basic,기존
u_10075,2024-06-26,login,Free,기존
u_10080,2024-06-26,login,Free,기존
u_10093,2024-06-26,login,Basic,기존
u_10111,2024-06-26,login,Free,기존
u_10127,2024-06-26,login,Free,기존
u_10135,2024-06-26,login,Basic,기존
u_10152,2024-06-26,login,Free,기존
u_10157,2024-06-26,search_fail,Pro,기존
u_10169,2024-06-26,login,Free,기존
u_10176,2024-06-26,login,Free,기존
u_10210,2024-06-26,search_fail,Basic,기존
u_10215,2024-06-26,login,Free,기존
u_10242,2024-06-26,login,Free,기존
u_10292,2024-06-26,login,Pro,기존
u_10296,2024-06-26,login,Free,기존
u_10306,2024-06-26,login,Basic,기존
u_10322,2024-06-26,login,Free,기존
u_10338,2024-06-26,login,Free,기존
u_10353,2024-06-26,login,Basic,기존
u_10376,2024-06-26,login,Basic,기존
u_10424,2024-06-26,login,Pro,복귀
u_10428,2024-06-26,login,Free,기존
u_10432,2024-06-26,login,Pro,기존
u_10433,2024-06-26,login,Free,기존
u_10438,2024-06-26,login,Pro,기존
u_10441,2024-06-26,login,Pro,기존
u_10447,2024-06-26,login,Free,기존
u_10458,2024-06-26,login,Free,기존
u_10462,2024-06-26,login,Pro,기존
u_10495,2024-06-26,login,Pro,기존
u_10496,2024-06-26,login,Basic,기존
u_10509,2024-06-26,search_fail,Free,기존
u_10532,2024-06-26,search_fail,Free,기존
u_10545,2024-06-26,login,Free,기존
u_10546,2024-06-26,login,Pro,기존
u_10552,2024-06-26,login,Basic,기존
u_10553,2024-06-26,login,Pro,기존
u_10555,2024-06-26,login,Pro,기존
u_10558,2024-06-26,login,Free,기존
u_10564,2024-06-26,login,Basic,기존
u_10564,2024-06-26,search_fail,Basic,기존
u_10574,2024-06-26,login,Basic,기존
u_10589,2024-06-26,search_fail,Basic,기존
u_10598,2024-06-26,login,Free,기존
u_10603,2024-06-26,search_fail,Free,기존
u_10608,2024-06-26,login,Basic,기존
u_10610,2024-06-26,login,Free,기존
u_10625,2024-06-26,search_fail,Free,기존
u_10635,2024-06-26,login,Free,기존
u_10637,2024-06-26,login,Free,기존
u_10638,2024-06-26,search_fail,Basic,기존
u_10649,2024-06-26,login,Free,기존
u_10668,2024-06-26,login,Basic,기존
u_10671,2024-06-26,search_fail,Basic,기존
u_10673,2024-06-26,login,Basic,기존
u_10676,2024-06-26,login,Pro,기존
u_10680,2024-06-26,login,Free,기존
u_10696,2024-06-26,login,Basic,기존
u_10696,2024-06-26,search_fail,Basic,기존
u_10722,2024-06-26,login,Basic,기존
u_10725,2024-06-26,login,Free,기존
u_10726,2024-06-26,login,Free,기존
u_10727,2024-06-26,login,Free,기존
u_10742,2024-06-26,login,Free,기존
u_10744,2024-06-26,cancel,Basic,이탈위험
u_10746,2024-06-26,login,Free,기존
u_10756,2024-06-26,login,Pro,기존
u_10768,2024-06-26,login,Basic,기존
u_10790,2024-06-26,login,Free,기존
u_10813,2024-06-26,login,Free,기존
u_10814,2024-06-26,login,Free,기존
u_10816,2024-06-26,login,Basic,기존
u_10826,2024-06-26,login,Pro,기존
u_10833,2024-06-26,login,Basic,기존
u_10862,2024-06-26,login,Free,기존
u_10865,2024-06-26,login,Basic,기존
u_10872,2024-06-26,login,Basic,기존
u_10873,2024-06-26,cancel,Free,이탈위험
u_10879,2024-06-26,login,Pro,기존
u_10923,2024-06-26,search_fail,Basic,기존
u_10944,2024-06-26,search_fail,Basic,기존
u_10950,2024-06-26,login,Free,기존
u_10950,2024-06-26,search_fail,Free,기존
u_10958,2024-06-26,login,Basic,기존
u_10961,2024-06-26,cancel,Pro,이탈위험
u_10968,2024-06-26,login,Free,기존
u_10973,2024-06-26,login,Free,기존
u_10978,2024-06-26,login,Free,기존
u_10992,2024-06-26,cancel,Free,이탈위험
u_10993,2024-06-26,login,Basic,기존
u_10996,2024-06-26,cancel,Pro,이탈위험
u_11010,2024-06-26,login,Free,기존
u_11022,2024-06-26,login,Basic,기존
u_11050,2024-06-26,cancel,Free,이탈위험
u_11051,2024-06-26,login,Basic,기존
u_11057,2024-06-26,search_fail,Basic,기존
u_11059,2024-06-26,login,Free,기존
u_11071,2024-06-26,login,Basic,기존
u_11073,2024-06-26,cancel,Pro,이탈위험
u_11077,2024-06-26,cancel,Pro,이탈위험
u_11081,2024-06-26,payment,Basic,신규
u_11093,2024-06-26,login,Basic,기존
u_11095,2024-06-26,login,Free,기존
u_11096,2024-06-26,login,Free,기존
u_11101,2024-06-26,login,Free,기존
u_11102,2024-06-26,login,Free,기존
u_11114,2024-06-26,login,Free,기존
u_11124,2024-06-26,login,Free,기존
u_11125,2024-06-26,cancel,Basic,이탈위험
u_11143,2024-06-26,login,Basic,기존
u_11144,2024-06-26,search_fail,Basic,기존
u_11154,2024-06-26,login,Basic,신규
u_11164,2024-06-26,login,Pro,신규
u_11173,2024-06-26,login,Basic,신규
u_11177,2024-06-26,login,Basic,신규
u_11180,2024-06-26,cancel,Pro,이탈위험
u_11183,2024-06-26,login,Pro,신규
u_11194,2024-06-26,login,Free,신규
u_11198,2024-06-26,login,Pro,신규
u_11212,2024-06-26,signup,Basic,신규
u_11220,2024-06-26,signup,Basic,신규
u_11222,2024-06-26,signup,Free,신규
u_11226,2024-06-26,signup,Basic,신규
u_11227,2024-06-26,signup,Basic,신규
u_10021,2024-06-27,login,Free,기존
u_10026,2024-06-27,login,Pro,기존
u_10036,2024-06-27,login,Pro,기존
u_10040,2024-06-27,login,Basic,기존
u_10076,2024-06-27,login,Free,기존
u_10081,2024-06-27,search_fail,Pro,기존
u_10088,2024-06-27,search_fail,Basic,기존
u_10128,2024-06-27,login,Basic,기존
u_10129,2024-06-27,login,Free,기존
u_10136,2024-06-27,login,Basic,기존
u_10153,2024-06-27,login,Pro,기존
u_10156,2024-06-27,login,Basic,기존
u_10158,2024-06-27,login,Basic,기존
u_10166,2024-06-27,login,Pro,기존
u_10185,2024-06-27,login,Basic,기존
u_10197,2024-06-27,login,Pro,기존
u_10202,2024-06-27,login,Free,기존
u_10219,2024-06-27,login,Basic,기존
u_10219,2024-06-27,search_fail,Basic,기존
u_10249,2024-06-27,login,Free,기존
u_10261,2024-06-27,login,Free,기존
u_10266,2024-06-27,login,Basic,기존
u_10267,2024-06-27,login,Free,기존
u_10268,2024-06-27,login,Basic,기존
u_10286,2024-06-27,payment,Basic,복귀
u_10299,2024-06-27,login,Basic,기존
u_10316,2024-06-27,login,Basic,기존
u_10336,2024-06-27,login,Basic,기존
u_10351,2024-06-27,login,Free,기존
u_10375,2024-06-27,login,Free,기존
u_10381,2024-06-27,login,Free,기존
u_10389,2024-06-27,search_fail,Basic,기존
u_10403,2024-06-27,search_fail,Basic,기존
u_10406,2024-06-27,login,Basic,기존
u_10410,2024-06-27,login,Free,기존
u_10416,2024-06-27,login,Free,기존
u_10418,2024-06-27,payment,Pro,복귀
u_10424,2024-06-27,payment,Pro,복귀
u_10453,2024-06-27,login,Pro,기존
u_10455,2024-06-27,login,Free,기존
u_10481,2024-06-27,login,Basic,기존
u_10491,2024-06-27,login,Free,기존
u_10515,2024-06-27,payment,Free,복귀
u_10527,2024-06-27,login,Free,기존
u_10567,2024-06-27,login,Basic,기존
u_10571,2024-06-27,login,Basic,기존
u_10581,2024-06-27,login,Free,기존
u_10583,2024-06-27,login,Free,기존
u_10590,2024-06-27,login,Free,기존
u_10591,2024-06-27,payment,Basic,복귀
u_10596,2024-06-27,search_fail,Pro,기존
u_10599,2024-06-27,login,Basic,기존
u_10613,2024-06-27,login,Basic,기존
u_10615,2024-06-27,login,Free,복귀
u_10617,2024-06-27,login,Pro,기존
u_10628,2024-06-27,login,Pro,기존
u_10639,2024-06-27,payment,Basic,복귀
u_10643,2024-06-27,login,Basic,기존
u_10660,2024-06-27,search_fail,Free,기존
u_10683,2024-06-27,login,Free,기존
u_10684,2024-06-27,search_fail,Free,기존
u_10712,2024-06-27,search_fail,Basic,기존
u_10721,2024-06-27,login,Pro,기존
u_10724,2024-06-27,login,Pro,기존
u_10735,2024-06-27,login,Free,기존
u_10750,2024-06-27,login,Free,기존
u_10787,2024-06-27,login,Basic,기존
u_10804,2024-06-27,login,Basic,기존
u_10807,2024-06-27,login,Basic,기존
u_10808,2024-06-27,cancel,Free,이탈위험
u_10843,2024-06-27,cancel,Free,이탈위험
u_10844,2024-06-27,login,Basic,기존
u_10845,2024-06-27,login,Basic,기존
u_10848,2024-06-27,payment,Basic,복귀
u_10853,2024-06-27,login,Basic,기존
u_10856,2024-06-27,login,Basic,기존
u_10875,2024-06-27,cancel,Basic,이탈위험
u_10883,2024-06-27,login,Basic,기존
u_10884,2024-06-27,cancel,Free,이탈위험
u_10899,2024-06-27,login,Free,기존
u_10900,2024-06-27,login,Free,기존
u_10905,2024-06-27,search_fail,Free,기존
u_10917,2024-06-27,search_fail,Pro,기존
u_10920,2024-06-27,cancel,Free,이탈위험
u_10925,2024-06-27,login,Basic,기존
u_10926,2024-06-27,login,Pro,기존
u_10933,2024-06-27,login,Basic,기존
u_10941,2024-06-27,login,Pro,기존
u_10971,2024-06-27,login,Pro,기존
u_10975,2024-06-27,cancel,Basic,이탈위험
u_10976,2024-06-27,login,Basic,기존
u_10998,2024-06-27,login,Free,기존
u_11001,2024-06-27,login,Pro,기존
u_11005,2024-06-27,cancel,Basic,이탈위험
u_11007,2024-06-27,login,Free,기존
u_11018,2024-06-27,cancel,Free,이탈위험
u_11040,2024-06-27,cancel,Basic,이탈위험
u_11042,2024-06-27,cancel,Basic,이탈위험
u_11044,2024-06-27,cancel,Basic,이탈위험
u_11055,2024-06-27,login,Pro,기존
u_11056,2024-06-27,search_fail,Pro,기존
u_11074,2024-06-27,login,Free,기존
u_11084,2024-06-27,search_fail,Basic,기존
u_11100,2024-06-27,login,Basic,기존
u_11112,2024-06-27,login,Basic,기존
u_11118,2024-06-27,login,Free,기존
u_11128,2024-06-27,login,Basic,기존
u_11130,2024-06-27,search_fail,Free,기존
u_11138,2024-06-27,login,Basic,기존
u_11145,2024-06-27,login,Basic,기존
u_11146,2024-06-27,login,Basic,기존
u_11163,2024-06-27,login,Pro,신규
u_11168,2024-06-27,cancel,Free,이탈위험
u_11179,2024-06-27,login,Basic,신규
u_11182,2024-06-27,cancel,Free,이탈위험
u_11184,2024-06-27,login,Basic,신규
u_11190,2024-06-27,login,Free,신규
u_11202,2024-06-27,login,Pro,신규
u_11205,2024-06-27,trial_start,Free,신규
u_11211,2024-06-27,signup,Free,신규
u_11214,2024-06-27,signup,Basic,신규
u_11217,2024-06-27,signup,Free,신규
u_11218,2024-06-27,signup,Pro,신규
u_11222,2024-06-27,trial_start,Free,신규
u_11226,2024-06-27,trial_start,Basic,신규
u_10002,2024-06-28,login,Basic,기존
u_10008,2024-06-28,login,Pro,기존
u_10024,2024-06-28,login,Pro,기존
u_10028,2024-06-28,login,Free,기존
u_10035,2024-06-28,login,Basic,기존
u_10043,2024-06-28,login,Basic,기존
u_10043,2024-06-28,search_fail,Basic,기존
u_10074,2024-06-28,login,Basic,기존
u_10081,2024-06-28,login,Pro,기존
u_10087,2024-06-28,login,Free,기존
u_10103,2024-06-28,login,Free,기존
u_10122,2024-06-28,login,Free,기존
u_10130,2024-06-28,login,Basic,기존
u_10137,2024-06-28,login,Basic,기존
u_10146,2024-06-28,login,Basic,기존
u_10148,2024-06-28,login,Free,기존
u_10162,2024-06-28,login,Basic,기존
u_10163,2024-06-28,login,Free,기존
u_10179,2024-06-28,login,Basic,기존
u_10207,2024-06-28,login,Free,기존
u_10210,2024-06-28,login,Basic,기존
u_10228,2024-06-28,login,Basic,기존
u_10239,2024-06-28,login,Basic,기존
u_10241,2024-06-28,login,Pro,기존
u_10252,2024-06-28,login,Free,기존
u_10254,2024-06-28,login,Free,기존
u_10255,2024-06-28,login,Basic,기존
u_10264,2024-06-28,login,Pro,기존
u_10286,2024-06-28,login,Basic,복귀
u_10298,2024-06-28,login,Free,기존
u_10318,2024-06-28,login,Pro,기존
u_10334,2024-06-28,login,Basic,기존
u_10348,2024-06-28,login,Basic,기존
u_10350,2024-06-28,login,Basic,기존
u_10363,2024-06-28,login,Free,기존
u_10367,2024-06-28,login,Free,기존
u_10379,2024-06-28,login,Free,기존
u_10388,2024-06-28,login,Basic,기존
u_10401,2024-06-28,login,Pro,기존
u_10409,2024-06-28,login,Free,기존
u_10411,2024-06-28,login,Basic,기존
u_10415,2024-06-28,login,Basic,기존
u_10425,2024-06-28,login,Free,기존
u_10476,2024-06-28,login,Pro,기존
u_10501,2024-06-28,login,Free,기존
u_10515,2024-06-28,login,Free,복귀
u_10528,2024-06-28,login,Basic,기존
u_10532,2024-06-28,login,Free,기존
u_10535,2024-06-28,login,Basic,기존
u_10541,2024-06-28,login,Basic,기존
u_10562,2024-06-28,login,Pro,기존
u_10562,2024-06-28,search_fail,Pro,기존
u_10573,2024-06-28,search_fail,Free,기존
u_10585,2024-06-28,login,Basic,기존
u_10588,2024-06-28,login,Free,기존
u_10596,2024-06-28,login,Pro,기존
u_10605,2024-06-28,login,Pro,기존
u_10618,2024-06-28,login,Free,기존
u_10624,2024-06-28,login,Free,기존
u_10629,2024-06-28,login,Free,기존
u_10654,2024-06-28,search_fail,Basic,기존
u_10658,2024-06-28,login,Basic,기존
u_10662,2024-06-28,login,Free,기존
u_10663,2024-06-28,login,Free,기존
u_10670,2024-06-28,login,Basic,기존
u_10690,2024-06-28,login,Basic,기존
u_10693,2024-06-28,login,Basic,기존
u_10743,2024-06-28,login,Pro,기존
u_10747,2024-06-28,login,Pro,기존
u_10755,2024-06-28,search_fail,Free,기존
u_10759,2024-06-28,login,Free,기존
u_10769,2024-06-28,login,Basic,기존
u_10770,2024-06-28,login,Free,기존
u_10794,2024-06-28,login,Basic,기존
u_10805,2024-06-28,login,Pro,기존
u_10810,2024-06-28,search_fail,Basic,기존
u_10836,2024-06-28,login,Basic,기존
u_10857,2024-06-28,login,Basic,기존
u_10859,2024-06-28,login,Pro,기존
u_10880,2024-06-28,login,Pro,기존
u_10893,2024-06-28,login,Free,기존
u_10901,2024-06-28,login,Basic,기존
u_10908,2024-06-28,login,Pro,기존
u_10922,2024-06-28,login,Free,기존
u_10923,2024-06-28,login,Basic,기존
u_10924,2024-06-28,cancel,Free,이탈위험
u_10930,2024-06-28,login,Free,기존
u_10931,2024-06-28,cancel,Basic,이탈위험
u_10938,2024-06-28,login,Basic,기존
u_10951,2024-06-28,cancel,Basic,이탈위험
u_10956,2024-06-28,login,Free,기존
u_10970,2024-06-28,search_fail,Free,기존
u_10979,2024-06-28,search_fail,Basic,기존
u_10999,2024-06-28,login,Basic,기존
u_11003,2024-06-28,search_fail,Pro,기존
u_11006,2024-06-28,search_fail,Pro,기존
u_11020,2024-06-28,login,Basic,기존
u_11032,2024-06-28,login,Pro,기존
u_11033,2024-06-28,cancel,Basic,이탈위험
u_11041,2024-06-28,cancel,Free,이탈위험
u_11045,2024-06-28,login,Basic,기존
u_11047,2024-06-28,login,Basic,기존
u_11053,2024-06-28,cancel,Basic,이탈위험
u_11057,2024-06-28,login,Basic,기존
u_11075,2024-06-28,login,Pro,기존
u_11076,2024-06-28,login,Basic,기존
u_11089,2024-06-28,login,Pro,기존
u_11097,2024-06-28,login,Basic,기존
u_11100,2024-06-28,search_fail,Basic,기존
u_11103,2024-06-28,search_fail,Free,기존
u_11106,2024-06-28,login,Basic,기존
u_11136,2024-06-28,login,Basic,기존
u_11160,2024-06-28,payment,Free,신규
u_11160,2024-06-28,login,Free,신규
u_11161,2024-06-28,search_fail,Free,신규
u_11166,2024-06-28,login,Pro,신규
u_11169,2024-06-28,login,Free,신규
u_11174,2024-06-28,login,Basic,신규
u_11175,2024-06-28,login,Basic,신규
u_11176,2024-06-28,login,Basic,신규
u_11181,2024-06-28,login,Basic,신규
u_11187,2024-06-28,login,Basic,신규
u_11189,2024-06-28,payment,Basic,신규
u_11189,2024-06-28,cancel,Basic,이탈위험
u_11204,2024-06-28,login,Pro,신규
u_11209,2024-06-28,signup,Free,신규
u_11221,2024-06-28,signup,Free,신규
u_11224,2024-06-28,signup,Pro,신규
u_11225,2024-06-28,signup,Basic,신규
u_10007,2024-06-29,login,Free,기존
u_10012,2024-06-29,login,Pro,기존
u_10017,2024-06-29,login,Basic,기존
u_10022,2024-06-29,search_fail,Free,기존
u_10023,2024-06-29,login,Pro,기존
u_10090,2024-06-29,login,Free,기존
u_10105,2024-06-29,login,Free,기존
u_10109,2024-06-29,search_fail,Free,기존
u_10113,2024-06-29,search_fail,Basic,기존
u_10115,2024-06-29,login,Free,기존
u_10120,2024-06-29,login,Free,기존
u_10142,2024-06-29,login,Free,기존
u_10188,2024-06-29,login,Basic,기존
u_10193,2024-06-29,login,Basic,기존
u_10204,2024-06-29,login,Basic,기존
u_10213,2024-06-29,login,Basic,기존
u_10214,2024-06-29,login,Pro,기존
u_10218,2024-06-29,login,Free,기존
u_10232,2024-06-29,login,Basic,기존
u_10240,2024-06-29,login,Basic,기존
u_10258,2024-06-29,login,Basic,기존
u_10263,2024-06-29,login,Basic,기존
u_10274,2024-06-29,login,Free,기존
u_10287,2024-06-29,login,Free,기존
u_10295,2024-06-29,search_fail,Basic,기존
u_10320,2024-06-29,login,Basic,기존
u_10327,2024-06-29,login,Pro,기존
u_10345,2024-06-29,login,Basic,기존
u_10355,2024-06-29,login,Free,기존
u_10362,2024-06-29,login,Basic,기존
u_10365,2024-06-29,login,Pro,기존
u_10370,2024-06-29,login,Free,기존
u_10380,2024-06-29,login,Basic,기존
u_10395,2024-06-29,login,Basic,기존
u_10403,2024-06-29,login,Basic,기존
u_10408,2024-06-29,login,Basic,기존
u_10417,2024-06-29,login,Free,기존
u_10423,2024-06-29,search_fail,Free,기존
u_10425,2024-06-29,search_fail,Free,기존
u_10439,2024-06-29,login,Free,기존
u_10444,2024-06-29,login,Free,기존
u_10458,2024-06-29,search_fail,Free,기존
u_10471,2024-06-29,login,Basic,기존
u_10485,2024-06-29,login,Free,기존
u_10514,2024-06-29,login,Basic,기존
u_10522,2024-06-29,login,Pro,기존
u_10529,2024-06-29,login,Free,기존
u_10530,2024-06-29,login,Pro,기존
u_10549,2024-06-29,login,Basic,기존
u_10566,2024-06-29,login,Free,기존
u_10572,2024-06-29,login,Basic,기존
u_10581,2024-06-29,search_fail,Free,기존
u_10584,2024-06-29,login,Free,기존
u_10621,2024-06-29,login,Basic,기존
u_10622,2024-06-29,login,Pro,기존
u_10638,2024-06-29,login,Basic,기존
u_10639,2024-06-29,login,Basic,복귀
u_10660,2024-06-29,login,Free,기존
u_10673,2024-06-29,search_fail,Basic,기존
u_10682,2024-06-29,login,Free,기존
u_10686,2024-06-29,login,Free,기존
u_10706,2024-06-29,login,Basic,기존
u_10709,2024-06-29,login,Free,기존
u_10711,2024-06-29,login,Basic,기존
u_10718,2024-06-29,login,Basic,기존
u_10731,2024-06-29,login,Free,기존
u_10755,2024-06-29,login,Free,기존
u_10763,2024-06-29,login,Pro,기존
u_10781,2024-06-29,login,Basic,기존
u_10782,2024-06-29,login,Basic,기존
u_10782,2024-06-29,search_fail,Basic,기존
u_10791,2024-06-29,login,Free,기존
u_10802,2024-06-29,login,Basic,기존
u_10803,2024-06-29,login,Free,기존
u_10810,2024-06-29,login,Basic,기존
u_10816,2024-06-29,search_fail,Basic,기존
u_10831,2024-06-29,login,Free,기존
u_10870,2024-06-29,login,Free,기존
u_10878,2024-06-29,login,Free,기존
u_10878,2024-06-29,search_fail,Free,기존
u_10892,2024-06-29,login,Pro,기존
u_10892,2024-06-29,search_fail,Pro,기존
u_10894,2024-06-29,login,Free,기존
u_10902,2024-06-29,login,Free,기존
u_10936,2024-06-29,login,Basic,기존
u_10939,2024-06-29,login,Free,기존
u_10942,2024-06-29,login,Pro,기존
u_10957,2024-06-29,login,Basic,기존
u_10960,2024-06-29,login,Free,기존
u_10967,2024-06-29,login,Pro,기존
u_10977,2024-06-29,login,Basic,기존
u_10999,2024-06-29,search_fail,Basic,기존
u_11014,2024-06-29,login,Basic,기존
u_11019,2024-06-29,login,Basic,기존
u_11021,2024-06-29,login,Free,기존
u_11023,2024-06-29,login,Basic,기존
u_11023,2024-06-29,search_fail,Basic,기존
u_11027,2024-06-29,login,Basic,기존
u_11052,2024-06-29,login,Pro,기존
u_11064,2024-06-29,login,Free,기존
u_11071,2024-06-29,search_fail,Basic,기존
u_11087,2024-06-29,search_fail,Free,기존
u_11088,2024-06-29,login,Basic,기존
u_11098,2024-06-29,login,Basic,기존
u_11113,2024-06-29,login,Basic,기존
u_11116,2024-06-29,login,Free,기존
u_11127,2024-06-29,login,Free,기존
u_11129,2024-06-29,login,Free,기존
u_11134,2024-06-29,login,Free,기존
u_11140,2024-06-29,login,Basic,기존
u_11157,2024-06-29,login,Basic,신규
u_11158,2024-06-29,login,Pro,신규
u_11172,2024-06-29,login,Pro,신규
u_11185,2024-06-29,login,Basic,신규
u_11191,2024-06-29,login,Pro,신규
u_11196,2024-06-29,login,Basic,신규
u_11199,2024-06-29,search_fail,Free,신규
u_11206,2024-06-29,trial_start,Basic,신규
u_11215,2024-06-29,trial_start,Basic,신규
u_11216,2024-06-29,trial_start,Basic,신규
u_10010,2024-06-30,login,Pro,기존
u_10015,2024-06-30,login,Free,기존
u_10016,2024-06-30,login,Free,기존
u_10034,2024-06-30,login,Basic,기존
u_10039,2024-06-30,login,Free,기존
u_10045,2024-06-30,login,Free,기존
u_10048,2024-06-30,login,Basic,기존
u_10048,2024-06-30,search_fail,Basic,기존
u_10066,2024-06-30,login,Pro,기존
u_10088,2024-06-30,login,Basic,기존
u_10102,2024-06-30,login,Basic,기존
u_10106,2024-06-30,login,Basic,기존
u_10112,2024-06-30,login,Basic,기존
u_10113,2024-06-30,login,Basic,기존
u_10162,2024-06-30,search_fail,Basic,기존
u_10165,2024-06-30,login,Free,기존
u_10170,2024-06-30,login,Free,기존
u_10198,2024-06-30,login,Free,기존
u_10246,2024-06-30,login,Pro,기존
u_10265,2024-06-30,login,Free,기존
u_10283,2024-06-30,login,Basic,기존
u_10301,2024-06-30,login,Pro,기존
u_10305,2024-06-30,login,Pro,기존
u_10307,2024-06-30,login,Basic,기존
u_10308,2024-06-30,login,Free,기존
u_10321,2024-06-30,login,Free,기존
u_10340,2024-06-30,login,Basic,기존
u_10352,2024-06-30,login,Pro,기존
u_10359,2024-06-30,login,Pro,기존
u_10366,2024-06-30,login,Basic,기존
u_10391,2024-06-30,login,Basic,기존
u_10402,2024-06-30,login,Free,기존
u_10426,2024-06-30,login,Free,기존
u_10442,2024-06-30,login,Basic,기존
u_10459,2024-06-30,login,Free,기존
u_10464,2024-06-30,login,Free,기존
u_10465,2024-06-30,login,Basic,기존
u_10477,2024-06-30,login,Free,기존
u_10483,2024-06-30,login,Basic,기존
u_10489,2024-06-30,login,Free,기존
u_10490,2024-06-30,login,Free,기존
u_10504,2024-06-30,login,Free,기존
u_10505,2024-06-30,login,Free,기존
u_10507,2024-06-30,login,Free,기존
u_10510,2024-06-30,login,Free,기존
u_10523,2024-06-30,login,Free,기존
u_10525,2024-06-30,login,Free,기존
u_10526,2024-06-30,login,Basic,기존
u_10559,2024-06-30,login,Free,기존
u_10589,2024-06-30,login,Basic,기존
u_10595,2024-06-30,login,Free,기존
u_10597,2024-06-30,search_fail,Basic,기존
u_10609,2024-06-30,login,Basic,기존
u_10614,2024-06-30,login,Basic,기존
u_10626,2024-06-30,login,Free,기존
u_10631,2024-06-30,login,Basic,기존
u_10651,2024-06-30,login,Free,기존
u_10665,2024-06-30,login,Free,기존
u_10685,2024-06-30,login,Free,기존
u_10699,2024-06-30,search_fail,Basic,기존
u_10706,2024-06-30,search_fail,Basic,기존
u_10712,2024-06-30,login,Basic,기존
u_10719,2024-06-30,login,Pro,기존
u_10732,2024-06-30,login,Free,기존
u_10732,2024-06-30,search_fail,Free,기존
u_10739,2024-06-30,login,Pro,기존
u_10767,2024-06-30,login,Free,기존
u_10771,2024-06-30,login,Pro,기존
u_10772,2024-06-30,login,Basic,기존
u_10779,2024-06-30,login,Basic,기존
u_10786,2024-06-30,search_fail,Basic,기존
u_10796,2024-06-30,login,Free,기존
u_10846,2024-06-30,login,Basic,기존
u_10871,2024-06-30,login,Free,기존
u_10877,2024-06-30,login,Basic,기존
u_10887,2024-06-30,login,Free,기존
u_10890,2024-06-30,login,Basic,기존
u_10910,2024-06-30,login,Basic,기존
u_10913,2024-06-30,login,Free,기존
u_10915,2024-06-30,login,Basic,복귀
u_10916,2024-06-30,login,Pro,기존
u_10921,2024-06-30,login,Basic,기존
u_10927,2024-06-30,search_fail,Basic,기존
u_10929,2024-06-30,login,Basic,기존
u_10944,2024-06-30,login,Basic,기존
u_10947,2024-06-30,login,Pro,기존
u_10954,2024-06-30,login,Free,기존
u_10970,2024-06-30,login,Free,기존
u_10984,2024-06-30,login,Basic,기존
u_10985,2024-06-30,login,Basic,기존
u_11016,2024-06-30,login,Pro,기존
u_11017,2024-06-30,login,Basic,기존
u_11034,2024-06-30,login,Free,기존
u_11037,2024-06-30,login,Basic,기존
u_11061,2024-06-30,login,Free,기존
u_11063,2024-06-30,login,Pro,기존
u_11065,2024-06-30,login,Basic,기존
u_11080,2024-06-30,login,Free,기존
u_11084,2024-06-30,login,Basic,기존
u_11103,2024-06-30,login,Free,기존
u_11130,2024-06-30,login,Free,기존
u_11133,2024-06-30,login,Basic,기존
u_11144,2024-06-30,login,Basic,기존
u_11147,2024-06-30,payment,Basic,신규
u_11149,2024-06-30,login,Basic,신규
u_11153,2024-06-30,login,Pro,신규
u_11167,2024-06-30,login,Pro,신규
u_11192,2024-06-30,login,Free,신규
u_11197,2024-06-30,login,Pro,신규
u_11201,2024-06-30,login,Basic,신규
u_11227,2024-06-30,trial_start,Basic,신규
